dataset,end-date,entity,entry-date,geojson,geometry,name,organisation-entity,point,prefix,quality,reference,start-date,typology,brownfield-land,deliverable,hazardous-substances,hectares,maximum-net-dwellings,minimum-net-dwellings,notes,organisation,ownership-status,planning-permission-date,planning-permission-history,planning-permission-status,planning-permission-type,site,site-address,site-categories,site-plan-url,entity_la,borough,gss_code,reject_reason
brownfield-land,2018-08-31,1700281,2017-12-13,,,RBR/17/0001,266,POINT(-0.346989 51.441514),brownfield-land,authoritative,RBR/17/0001,2017-12-13,geography,,yes,,0.029,9,9,,,not-owned-by-a-public-authority,2009-12-11,https://planning.richmond.gov.uk/richmond/application-details/?ref=08/0225/FUL,permissioned,full-planning-permission,,Pouparts Yard And Land Rear Of 84A Hampton Road Twickenham,,"https://www.planning.data.gov.uk/map/?dataset=brownfield-land#51.4415,-0.346989,17z",266,Richmond upon Thames,E09000027,archived (end-date populated)
brownfield-land,2011-10-01,1700282,2019-12-11,,,RBR/17/0002,266,POINT(-0.237968 51.486911),brownfield-land,authoritative,RBR/17/0002,2017-12-13,geography,,yes,,17.98,18,18,,,owned-by-a-public-authority,2017-06-30,http://www2.richmond.gov.uk/PlanData2/Planning_CaseNo.aspx?strCASENO=08/1760/EXT,permissioned,outline-planning-permission,,"St Paul's School, Lonsdale Road, Barnes",,https://maps.london.gov.uk/brownfield-sites/,266,Richmond upon Thames,E09000027,archived (end-date populated)
brownfield-land,2018-07-31,1700283,2017-12-13,,,RBR/17/0006,266,POINT(-0.334528 51.452894),brownfield-land,authoritative,RBR/17/0006,2017-12-13,geography,,yes,,0.03,9,9,,,unknown-ownership,2014-10-20,http://www2.richmond.gov.uk/PlanData2/Planning_CaseNo.aspx?strCASENO=10/1864/FUL,permissioned,full-planning-permission,,84 Whitton Road Twickenham TW1 1BS,,https://maps.london.gov.uk/brownfield-site-register,266,Richmond upon Thames,E09000027,archived (end-date populated)
brownfield-land,2011-03-07,1700284,2017-12-13,,,RBR/17/0007,266,POINT(-0.309589 51.413429),brownfield-land,authoritative,RBR/17/0007,2017-12-13,geography,,yes,,0.2,11,11,,,unknown-ownership,2011-03-07,http://www2.richmond.gov.uk/PlanData2/Planning_CaseNo.aspx?strCASENO=11/0468/PS192,permissioned,full-planning-permission,,Becketts Wharf And Osbourne House Becketts Place Hampton Wick,,https://maps.london.gov.uk/brownfield-site-register,266,Richmond upon Thames,E09000027,archived (end-date populated)
brownfield-land,2015-03-14,1700285,2017-12-13,,,RBR/17/0008,266,POINT(-0.329289 51.450526),brownfield-land,authoritative,RBR/17/0008,2017-12-13,geography,,yes,,1.18,115,115,,,unknown-ownership,2012-03-30,http://www2.richmond.gov.uk/PlanData2/Planning_CaseNo.aspx?strCASENO=11/1443/FUL,permissioned,full-planning-permission,,Twickenham Railway Station London Road Twickenham,,https://maps.london.gov.uk/brownfield-site-register,266,Richmond upon Thames,E09000027,archived (end-date populated)
brownfield-land,2018-04-02,1700286,2017-12-13,,,RBR/17/0009,266,POINT(-0.330361 51.447961),brownfield-land,authoritative,RBR/17/0009,2017-12-13,geography,,yes,,0.01,7,7,,,unknown-ownership,2012-03-30,http://www2.richmond.gov.uk/PlanData2/Planning_CaseNo.aspx?strCASENO=11/3248/FUL,permissioned,full-planning-permission,,37 Grosvenor Road Twickenham TW1 4AD,,https://maps.london.gov.uk/brownfield-site-register,266,Richmond upon Thames,E09000027,archived (end-date populated)
brownfield-land,2023-06-09,1700287,2020-12-13,,,RBR/17/0011,266,POINT(-0.341648 51.447691),brownfield-land,authoritative,RBR/17/0011,2017-12-13,geography,,yes,,0.02,15,15,,,not-owned-by-a-public-authority,2020-06-19,https://planning.richmond.gov.uk/richmond/application-details/?ref=19/2789/FUL,permissioned,full-planning-permission,,Lockcorp House 75 Norcutt Road Twickenham TW2 6SR,,"https://www.planning.data.gov.uk/map/?dataset=brownfield-land#51.4477,-0.341648,17z",266,Richmond upon Thames,E09000027,archived (end-date populated)
brownfield-land,2016-05-02,1700288,2017-12-13,,,RBR/17/0012,266,POINT(-0.296546 51.428),brownfield-land,authoritative,RBR/17/0012,2017-12-13,geography,,yes,,2.53,42,42,,,owned-by-a-public-authority,2015-01-05,http://www2.richmond.gov.uk/PlanData2/Planning_CaseNo.aspx?strCASENO=14/0451/FUL,permissioned,full-planning-permission,,HMP Latchmere House Church Road Ham Richmond TW10 5HH,,https://maps.london.gov.uk/brownfield-sites/,266,Richmond upon Thames,E09000027,archived (end-date populated)
brownfield-land,2018-08-14,1700289,2017-12-13,,,RBR/17/0014,266,POINT(-0.253685 51.470539),brownfield-land,authoritative,RBR/17/0014,2017-12-13,geography,,yes,,0.1,5,5,,,not-owned-by-a-public-authority,2014-12-18,http://www2.richmond.gov.uk/PlanData2/Planning_CaseNo.aspx?strCASENO=14/2490/FUL,permissioned,full-planning-permission,,29 Charles Street Barnes London,,https://maps.london.gov.uk/brownfield-sites/,266,Richmond upon Thames,E09000027,archived (end-date populated)
brownfield-land,2018-04-04,1700290,2017-12-13,,,RBR/17/0015,266,POINT(-0.339627 51.425996),brownfield-land,authoritative,RBR/17/0015,2017-12-13,geography,,yes,,0.009,5,5,,,not-owned-by-a-public-authority,2015-04-20,https://planning.richmond.gov.uk/richmond/application-details/?ref=14/3011/FUL,permissioned,full-planning-permission,,2 Broad Street Teddington TW11 8RF,,"https://www.planning.data.gov.uk/map/?dataset=brownfield-land#51.426,-0.339627,17z",266,Richmond upon Thames,E09000027,archived (end-date populated)
brownfield-land,2016-07-01,1700291,2017-12-13,,,RBR/17/0016,266,POINT(-0.303921 51.463579),brownfield-land,authoritative,RBR/17/0016,2017-12-13,geography,,yes,,0.12,8,8,,,unknown-ownership,2015-04-30,http://www2.richmond.gov.uk/PlanData2/Planning_CaseNo.aspx?strCASENO=14/3780/FUL,permissioned,full-planning-permission,,Richmond Film Services Park Lane Richmond TW9 2RA,,https://maps.london.gov.uk/brownfield-site-register,266,Richmond upon Thames,E09000027,archived (end-date populated)
brownfield-land,2018-06-25,1700292,2017-12-13,,,RBR/17/0017,266,POINT(-0.253449 51.467694),brownfield-land,authoritative,RBR/17/0017,2017-12-13,geography,,yes,,0.01,8,8,,,unknown-ownership,2015-07-30,http://www2.richmond.gov.uk/PlanData2/Planning_CaseNo.aspx?strCASENO=14/4721/FUL,permissioned,full-planning-permission,,97A White Hart Lane Barnes London SW13 0JL,,https://maps.london.gov.uk/brownfield-site-register,266,Richmond upon Thames,E09000027,archived (end-date populated)
brownfield-land,2018-03-01,1700293,2017-12-13,,,RBR/17/0018,266,POINT(-0.332663 51.426268),brownfield-land,authoritative,RBR/17/0018,2017-12-13,geography,,yes,,0.22,6,6,,,unknown-ownership,2016-10-07,http://www2.richmond.gov.uk/PlanData2/Planning_CaseNo.aspx?strCASENO=15/3072/FUL,permissioned,full-planning-permission,,Christ Church Station Road Teddington,,https://maps.london.gov.uk/brownfield-site-register,266,Richmond upon Thames,E09000027,archived (end-date populated)
brownfield-land,2017-10-05,1700294,2018-12-20,,,RBR/17/0019,266,POINT(-0.321245 51.428978),brownfield-land,authoritative,RBR/17/0019,2017-12-13,geography,,yes,,1.8,237,237,,,not-owned-by-a-public-authority,2016-07-18,http://www2.richmond.gov.uk/PlanData2/Planning_CaseNo.aspx?strCASENO=17/1286/VRC,permissioned,full-planning-permission,,Teddington Studios Broom Road Teddington,,https://maps.london.gov.uk/brownfield-sites/,266,Richmond upon Thames,E09000027,archived (end-date populated)
brownfield-land,2017-11-01,1700295,2017-12-13,,,RBR/17/0020,266,POINT(-0.311017 51.419151),brownfield-land,authoritative,RBR/17/0020,2017-12-13,geography,,yes,,0.52,15,15,,,unknown-ownership,2016-10-21,http://www2.richmond.gov.uk/PlanData2/Planning_CaseNo.aspx?strCASENO=15/5216/FUL,permissioned,full-planning-permission,,The Avenue Centre 1 Normansfield Avenue Hampton Wick Teddington TW11 9RP,,https://maps.london.gov.uk/brownfield-site-register,266,Richmond upon Thames,E09000027,archived (end-date populated)
brownfield-land,2022-01-21,1700296,2022-12-14,,,RBR/17/0021,266,POINT(-0.29487 51.458858),brownfield-land,authoritative,RBR/17/0021,2017-12-13,geography,,yes,,0.237,9,9,,,not-owned-by-a-public-authority,2016-10-21,https://planning.richmond.gov.uk/richmond/application-details/?ref=15/5217/FUL,permissioned,full-planning-permission,,Silver Birches 2 - 6 Marchmont Road Richmond TW10 6HH,,"https://www.planning.data.gov.uk/map/?dataset=brownfield-land#51.4589,-0.29487,17z",266,Richmond upon Thames,E09000027,archived (end-date populated)
brownfield-land,2019-07-10,1700297,2022-12-14,,,RBR/17/0022,266,POINT(-0.303888 51.460659),brownfield-land,authoritative,RBR/17/0022,2017-12-13,geography,,yes,,0.151,9,9,,,not-owned-by-a-public-authority,2016-07-14,https://planning.richmond.gov.uk/richmond/application-details/?ref=16/0058/FUL,permissioned,full-planning-permission,,29 George Street Richmond TW9 1HY,,"https://www.planning.data.gov.uk/map/?dataset=brownfield-land#51.4607,-0.303888,17z",266,Richmond upon Thames,E09000027,archived (end-date populated)
brownfield-land,2019-12-02,1700300,2022-12-14,,,RBR/17/0025,266,POINT(-0.3341 51.426454),brownfield-land,authoritative,RBR/17/0025,2017-12-13,geography,,yes,,0.024,22,22,,,not-owned-by-a-public-authority,2017-10-10,https://planning.richmond.gov.uk/richmond/application-details/?ref=16/2647/FUL,permissioned,full-planning-permission,,"2 High Street, Teddington",,"https://www.planning.data.gov.uk/map/?dataset=brownfield-land#51.4265,-0.3341,17z",266,Richmond upon Thames,E09000027,archived (end-date populated)
brownfield-land,2018-09-28,1700301,2017-12-13,,,RBR/17/0026,266,POINT(-0.370515 51.417979),brownfield-land,authoritative,RBR/17/0026,2017-12-13,geography,,yes,,0.11,5,5,,,unknown-ownership,2017-04-07,http://www2.richmond.gov.uk/PlanData2/Planning_CaseNo.aspx?strCASENO=16/3019/FUL,permissioned,full-planning-permission,,"9 Tudor Road and 27 Milton Road, Hampton",,https://maps.london.gov.uk/brownfield-site-register,266,Richmond upon Thames,E09000027,archived (end-date populated)
brownfield-land,2024-03-03,1700302,2024-12-19,,,RBR/17/0027,266,POINT(-0.340779 51.451022),brownfield-land,authoritative,RBR/17/0027,2017-12-13,geography,,yes,,9.385,212,212,,,owned-by-a-public-authority,2023-02-28,https://planning.richmond.gov.uk/richmond/application-details/?ref=21/3136/FUL,permissioned,full-planning-permission,,"Richmond Upon Thames College, Langhorn Drive, Twickenham TW2 7SJ",,"https://www.planning.data.gov.uk/map/?dataset=brownfield-land#51.451,-0.340779,17z",266,Richmond upon Thames,E09000027,archived (end-date populated)
brownfield-land,2022-10-19,1700303,2022-12-14,,,RBR/17/0028,266,POINT(-0.287926 51.468445),brownfield-land,authoritative,RBR/17/0028,2017-12-13,geography,,yes,,0.115,20,20,,,not-owned-by-a-public-authority,2017-09-08,https://planning.richmond.gov.uk/richmond/application-details/?ref=16/4890/FUL,permissioned,full-planning-permission,,"Sandycombe Centre, 1-9 Sandycombe Road, Richmond",,"https://www.planning.data.gov.uk/map/?dataset=brownfield-land#51.4684,-0.287926,17z",266,Richmond upon Thames,E09000027,archived (end-date populated)
brownfield-land,2019-01-14,1700304,2017-12-13,,,RBR/17/0029,266,POINT(-0.240384 51.474585),brownfield-land,authoritative,RBR/17/0029,2017-12-13,geography,,yes,,0.07,6,6,,,unknown-ownership,2017-09-14,http://www2.richmond.gov.uk/PlanData2/Planning_CaseNo.aspx?strCASENO=17/0956/FUL,permissioned,full-planning-permission,,"Rear Of 74 Church Road, Barnes",,https://maps.london.gov.uk/brownfield-site-register,266,Richmond upon Thames,E09000027,archived (end-date populated)
brownfield-land,2025-10-07,1700307,2025-12-15,,,RBR/17/0032,266,POINT(-0.349879 51.455343),brownfield-land,authoritative,RBR/17/0032,2017-12-13,geography,,yes,,9.72,30,26,The minimum and maximum number of dwellings that the land is capable of supporting are estimates. The estimates are derived from the residential capacity estimates in the London Strategic Housing Land Availability Assessment 2017.,,not-owned-by-a-public-authority,2025-10-15,https://planning.richmond.gov.uk/richmond/application-details/?ref=22/3004/FUL,permissioned,full-planning-permission,,"Kneller Hall, Whitton",,"https://www.planning.data.gov.uk/map/?dataset=brownfield-land#51.4553,-0.349879,17z",266,Richmond upon Thames,E09000027,archived (end-date populated)
brownfield-land,2024-04-03,1700308,2024-09-01,,,RBR/17/0033,266,POINT(-0.315637 51.438063),brownfield-land,authoritative,RBR/17/0033,2017-12-13,geography,,yes,,4.312,260,260,The minimum and maximum number of dwellings that the land is capable of supporting are estimates. The estimates are derived from the residential capacity estimates in the London Strategic Housing Land Availability Assessment 2017. The number of dwellings that the land can support can only be determined through the planning permission process.. http://richmond.gov.uk/media/15181/lbr-lp-023b-track-changes-to-publication-local-plan-in-progress-v3_171031-lores.pdf,,not-owned-by-a-public-authority,2023-03-22,https://planning.richmond.gov.uk/richmond/application-details/?ref=22/1442/FUL,permissioned,full-planning-permission,,"Ham Close, Ham Village Green, Car Park To East Of Ham Village Green, And Part Of Woodville Day Centre Site And St Richards Church Of England Primary School Site, Ham",,"https://www.planning.data.gov.uk/map/?dataset=brownfield-land#51.4381,-0.315637,17z",266,Richmond upon Thames,E09000027,archived (end-date populated)
brownfield-land,2018-04-25,1700310,2017-12-13,,,RBR/17/0035,266,POINT(-0.307803 51.436846),brownfield-land,authoritative,RBR/17/0035,2017-12-13,geography,,,,1.55,20,17,The minimum and maximum number of dwellings that the land is capable of supporting are estimates. The estimates are derived from the residential capacity estimates in the London Strategic Housing Land Availability Assessment 2017. The number of dwellings that the land can support can only be determined through the planning permission process.. http://richmond.gov.uk/media/15181/lbr-lp-023b-track-changes-to-publication-local-plan-in-progress-v3_171031-lores.pdf,,unknown-ownership,2018-04-24,http://www2.richmond.gov.uk/plandata2/Planning_CaseNo.aspx?strCASENO=16/3552/FUL,not-permissioned,full-planning-permission,,"St Michael's Convent, 56 Ham Common, Ham",,https://maps.london.gov.uk/brownfield-site-register,266,Richmond upon Thames,E09000027,archived (end-date populated)
brownfield-land,2023-09-12,1700318,2024-12-19,,,RBR/17/0042,266,POINT(-0.276584 51.478504),brownfield-land,authoritative,RBR/17/0042,2017-12-13,geography,,yes,,0.694,88,88,The minimum and maximum number of dwellings that the land is capable of supporting are estimates. The estimates are derived from the residential capacity estimates in the London Strategic Housing Land Availability Assessment 2017. The number of dwelling,,owned-by-a-public-authority,2020-06-16,https://planning.richmond.gov.uk/richmond/application-details/?ref=18/3310/FUL,permissioned,full-planning-permission,,"Kew Biothane Plant, Mellis Avenue",,"https://www.planning.data.gov.uk/map/?dataset=brownfield-land#51.4785,-0.276584,17z",266,Richmond upon Thames,E09000027,archived (end-date populated)
brownfield-land,2025-09-01,1700320,2025-12-15,,,RBR/17/0045,266,POINT(-0.365538 51.415016),brownfield-land,authoritative,RBR/17/0045,2017-12-13,geography,,yes,,0.285,88,88,The minimum and maximum number of dwellings that the land is capable of supporting are estimates. The estimates are derived from the residential capacity estimates in the London Strategic Housing Land Availability Assessment 2017. The number of dwellings that the land can support can only be determined through the planning permission process.. http://richmond.gov.uk/media/15181/lbr-lp-023b-track-changes-to-publication-local-plan-in-progress-v3_171031-lores.pdf,,not-owned-by-a-public-authority,2023-05-12,https://planning.richmond.gov.uk/richmond/application-details/?ref=19/2822/FUL,permissioned,full-planning-permission,,Hampton Police Station Station Road Hampton TW12 2AX,,"https://www.planning.data.gov.uk/map/?dataset=brownfield-land#51.415,-0.365538,17z",266,Richmond upon Thames,E09000027,archived (end-date populated)
brownfield-land,2021-08-01,1700321,2022-12-14,,,RBR/17/0046,266,POINT(-0.370091 51.414543),brownfield-land,authoritative,RBR/17/0046,2017-12-13,geography,,yes,,0.117,6,6,The minimum and maximum number of dwellings that the land is capable of supporting are estimates.,,owned-by-a-public-authority,2021-01-13,https://planning.richmond.gov.uk/richmond/application-details/?ref=20/1025/FUL,permissioned,full-planning-permission,,"Hampton Delivery Office, Rosehill, Hampton",,"https://www.planning.data.gov.uk/map/?dataset=brownfield-land#51.4145,-0.370091,17z",266,Richmond upon Thames,E09000027,archived (end-date populated)
brownfield-land,2023-03-10,1700324,2024-09-01,,,RBR/17/0049,266,POINT(-0.345072 51.433182),brownfield-land,authoritative,RBR/17/0049,2017-12-13,geography,,yes,,0.632,30,30,The minimum and maximum number of dwellings that the land is capable of supporting are estimates. The estimates are derived from the residential capacity estimates in the London Strategic Housing Land Availability Assessment 2017. The number of dwellings that the land can support can only be determined through the planning permission process.. http://richmond.gov.uk/media/15181/lbr-lp-023b-track-changes-to-publication-local-plan-in-progress-v3_171031-lores.pdf,,not-owned-by-a-public-authority,2022-04-04,https://planning.richmond.gov.uk/richmond/application-details/?ref=20/0539/FUL,permissioned,full-planning-permission,,"Strathmore Centre, Strathmore Road",,"https://www.planning.data.gov.uk/map/?dataset=brownfield-land#51.4332,-0.345072,17z",266,Richmond upon Thames,E09000027,archived (end-date populated)
brownfield-land,2024-01-10,1700325,2024-09-01,,,RBR/17/0050,266,POINT(-0.331336 51.44944),brownfield-land,authoritative,RBR/17/0050,2017-12-13,geography,,yes,,0.172,20,17,The minimum and maximum number of dwellings that the land is capable of supporting are estimates. The estimates are derived from the residential capacity estimates in the London Strategic Housing Land Availability Assessment 2017.,,owned-by-a-public-authority,2021-03-03,https://planning.richmond.gov.uk/richmond/application-details/?ref=19/3616/FUL,permissioned,full-planning-permission,,"Old Station Forecourt, Railway Approach, Twickenham, TW1 4LJ",,"https://www.planning.data.gov.uk/map/?dataset=brownfield-land#51.4494,-0.331336,17z",266,Richmond upon Thames,E09000027,archived (end-date populated)
brownfield-land,2025-10-07,1700327,2025-12-15,,,RBR/17/0052,266,POINT(-0.329556 51.447997),brownfield-land,authoritative,RBR/17/0052,2017-12-13,geography,,yes,,0.229,20,17,The minimum and maximum number of dwellings that the land is capable of supporting are estimates. The estimates are derived from the residential capacity estimates in the London Strategic Housing Land Availability Assessment 2017.,,owned-by-a-public-authority,,,not-permissioned,,,"Police Station, London Road, Twickenham",,"https://www.planning.data.gov.uk/map/?dataset=brownfield-land#51.448,-0.329556,17z",266,Richmond upon Thames,E09000027,archived (end-date populated)
brownfield-land,2018-09-03,1700330,2020-12-20,,,RBR/17/0054,266,POINT(-0.337001 51.445103),brownfield-land,authoritative,RBR/17/0054,2018-12-20,geography,,yes,,0.024,9,9,,,not-owned-by-a-public-authority,2017-10-16,https://planning.richmond.gov.uk/richmond/application-details/?ref=16/3450/FUL,permissioned,full-planning-permission,,Land at 149 - 151 Heath Road Twickenham,,"https://www.planning.data.gov.uk/map/?dataset=brownfield-land#51.4451,-0.337001,17z",266,Richmond upon Thames,E09000027,archived (end-date populated)
brownfield-land,2021-12-14,1700502,2021-12-14,,,P080382,181,POINT(-0.104065 51.531021),brownfield-land,authoritative,P080382,2017-11-24,geography,,yes,,0.03,6,6,Site plan is available on Islington interactive mapping website. Specific site is identifiable via SiteReference and SiteNameAddress attribute data.,,not-owned-by-a-public-authority,2008-05-06,http://planning.islington.gov.uk/Northgate/PlanningExplorer/Generic/StdDetails.aspx?PT=Planning%20Applications%20On-Line&TYPE=PL/PlanningPK.xml&PARAM0=302577&XSLT=/Northgate/PlanningExplorer/SiteFiles/Skins/Islington/xslt/PL/PLDetailsSiteHistory.xslt&FT=Planning%20Application%20Details&PUBLIC=Y&XMLSIDE=/Northgate/PlanningExplorer/SiteFiles/Skins/Islington/Menus/PL.xml&DAURI=PLANNING,permissioned,full-planning-permission,,366-368 Goswell Road,,http://mapapp.islington.gov.uk/mapthatol/Login.aspx?user=public&utm_content=stcms2.islington.gov.uk,181,Islington,E09000019,archived (end-date populated)
brownfield-land,2021-12-14,1700504,2021-12-14,,,P092492,181,POINT(-0.107778 51.564894),brownfield-land,authoritative,P092492,2017-11-24,geography,,yes,,0.87,355,355,Site plan is available on Islington interactive mapping website. Specific site is identifiable via SiteReference and SiteNameAddress attribute data.,,not-owned-by-a-public-authority,2010-11-19,http://planning.islington.gov.uk/Northgate/PlanningExplorer/Generic/StdDetails.aspx?PT=Planning%20Applications%20On-Line&TYPE=PL/PlanningPK.xml&PARAM0=309747&XSLT=/Northgate/PlanningExplorer/SiteFiles/Skins/Islington/xslt/PL/PLDetailsSiteHistory.xslt&FT=Planning%20Application%20Details&PUBLIC=Y&XMLSIDE=/Northgate/PlanningExplorer/SiteFiles/Skins/Islington/Menus/PL.xml&DAURI=PLANNING,permissioned,full-planning-permission,,"City North Islington Trading Estate, Fonthill Road",,http://mapapp.islington.gov.uk/mapthatol/Login.aspx?user=public&utm_content=stcms2.islington.gov.uk,181,Islington,E09000019,archived (end-date populated)
brownfield-land,2021-12-14,1700505,2021-12-14,,,P102754,181,POINT(-0.095476 51.535414),brownfield-land,authoritative,P102754,2017-11-24,geography,,yes,,3.08,522,522,"Site plan is available on Islington interactive mapping website. Specific site is identifiable via SiteReference and SiteNameAddress attribute data. Permission has a gross total of 522 residential units, and as of the date of publication of the Brownfie",,owned-by-a-public-authority,2011-11-14,http://planning.islington.gov.uk/Northgate/PlanningExplorer/Generic/StdDetails.aspx?PT=Planning%20Applications%20On-Line&TYPE=PL/PlanningPK.xml&PARAM0=313357&XSLT=/Northgate/PlanningExplorer/SiteFiles/Skins/Islington/xslt/PL/PLDetailsSiteHistory.xslt&FT=PPlanning%20Application%20Details&PUBLIC=Y&XMLSIDE=/Northgate/PlanningExplorer/SiteFiles/Skins/Islington/Menus/PL.xml&DAURI=PLANNING,permissioned,full-planning-permission,,"Packington Estate:Phase 3,4,5,and 6, Land bounded by Rheidol Terrace, St Paul Street, Bevan Street and north of 8 & 9 Canalside Square",,http://mapapp.islington.gov.uk/mapthatol/Login.aspx?user=public&utm_content=stcms2.islington.gov.uk,181,Islington,E09000019,archived (end-date populated)
brownfield-land,2019-11-24,1700506,2018-12-19,,,P112564,181,POINT(-0.089763 51.524117),brownfield-land,authoritative,P112564,2017-11-24,geography,,yes,,0.42,65,65,completed,,not-owned-by-a-public-authority,2012-12-07,http://planning.islington.gov.uk/Northgate/PlanningExplorer/Generic/StdDetails.aspx?PT=Planning%20Applications%20On-Line&TYPE=PL/PlanningPK.xml&PARAM0=317150&XSLT=/Northgate/PlanningExplorer/SiteFiles/Skins/Islington/xslt/PL/PLDetailsSiteHistory.xslt&FT=Planning%20Application%20Details&PUBLIC=Y&XMLSIDE=/Northgate/PlanningExplorer/SiteFiles/Skins/Islington/Menus/PL.xml&DAURI=PLANNING,permissioned,full-planning-permission,,"Former Moorfield's Primary School,40 Bunhill Row",,http://mapapp.islington.gov.uk/mapthatol/Login.aspx?user=public&utm_content=stcms2.islington.gov.uk,181,Islington,E09000019,archived (end-date populated)
brownfield-land,2021-12-14,1700507,2021-12-14,,,P120513,181,POINT(-0.093042 51.52292),brownfield-land,authoritative,P120513,2017-11-24,geography,,yes,,0.04,7,7,Site plan is available on Islington interactive mapping website. Specific site is identifiable via SiteReference and SiteNameAddress attribute data.. Demolition of existing buildings/extensions including four residential units. Conversion of the upper floors to create seven residential units; creation of other non housing development.,,not-owned-by-a-public-authority,2013-01-08,http://planning.islington.gov.uk/Northgate/PlanningExplorer/Generic/StdDetails.aspx?PT=Planning%20Applications%20On-Line&TYPE=PL/PlanningPK.xml&PARAM0=318164&XSLT=/Northgate/PlanningExplorer/SiteFiles/Skins/Islington/xslt/PL/PLDetailsSiteHistory.xslt&FT=Planning%20Application%20Details&PUBLIC=Y&XMLSIDE=/Northgate/PlanningExplorer/SiteFiles/Skins/Islington/Menus/PL.xml&DAURI=PLANNING,permissioned,full-planning-permission,,"141-143, 145 -147 Whitecross Street",,http://mapapp.islington.gov.uk/mapthatol/Login.aspx?user=public&utm_content=stcms2.islington.gov.uk,181,Islington,E09000019,archived (end-date populated)
brownfield-land,2019-11-24,1700508,2018-12-19,,,P120797,181,POINT(-0.100538 51.546117),brownfield-land,authoritative,P120797,2017-11-24,geography,,yes,,0.05,5,5,completed,,not-owned-by-a-public-authority,2013-02-26,http://planning.islington.gov.uk/Northgate/PlanningExplorer/Generic/StdDetails.aspx?PT=Planning%20Applications%20On-Line&TYPE=PL/PlanningPK.xml&PARAM0=318773&XSLT=/Northgate/PlanningExplorer/SiteFiles/Skins/Islington/xslt/PL/PLDetailsSiteHistory.xslt&FT=Planning%20Application%20Details&PUBLIC=Y&XMLSIDE=/Northgate/PlanningExplorer/SiteFiles/Skins/Islington/Menus/PL.xml&DAURI=PLANNING,permissioned,full-planning-permission,,59 Compton Road,,http://mapapp.islington.gov.uk/mapthatol/Login.aspx?user=public&utm_content=stcms2.islington.gov.uk,181,Islington,E09000019,archived (end-date populated)
brownfield-land,2019-11-24,1700509,2018-12-19,,,P121068,181,POINT(-0.101718 51.547215),brownfield-land,authoritative,P121068,2017-11-24,geography,,yes,,0.04,6,6,completed,,not-owned-by-a-public-authority,2014-05-08,http://planning.islington.gov.uk/Northgate/PlanningExplorer/Generic/StdDetails.aspx?PT=Planning%20Applications%20On-Line&TYPE=PL/PlanningPK.xml&PARAM0=319004&XSLT=/Northgate/PlanningExplorer/SiteFiles/Skins/Islington/xslt/PL/PLDetailsSiteHistory.xslt&FT=Planning%20Application%20Details&PUBLIC=Y&XMLSIDE=/Northgate/PlanningExplorer/SiteFiles/Skins/Islington/Menus/PL.xml&DAURI=PLANNING,permissioned,full-planning-permission,,Garages adjacent to 11 Corsica Street,,http://mapapp.islington.gov.uk/mapthatol/Login.aspx?user=public&utm_content=stcms2.islington.gov.uk,181,Islington,E09000019,archived (end-date populated)
brownfield-land,2021-12-14,1700511,2021-12-14,,,P2017/2283/S73,181,POINT(-0.114148 51.561246),brownfield-land,authoritative,P2017/2283/S73,2017-11-24,geography,,yes,,0.52,48,48,Site plan is available on Islington interactive mapping website. Specific site is identifiable via SiteReference and SiteNameAddress attribute data. Entry updated to reflect permission reference P2017/2283/S73 which amends permission reference P2013/1262/FUL and adds four additional units.. Construction of 48 residential units and other non housing development.,,not-owned-by-a-public-authority,2013-11-22,http://planning.islington.gov.uk/Northgate/PlanningExplorer/Generic/StdDetails.aspx?PT=Planning%20Applications%20On-Line&TYPE=PL/PlanningPK.xml&PARAM0=340863&XSLT=/Northgate/PlanningExplorer/SiteFiles/Skins/Islington/xslt/PL/PLDetailsSiteHistory.xslt&FT=Planning%20Application%20Details&PUBLIC=Y&XMLSIDE=/Northgate/PlanningExplorer/SiteFiles/Skins/Islington/Menus/PL.xml&DAURI=PLANNING,permissioned,full-planning-permission,,107-129 Seven Sisters Road,,http://planning.islington.gov.uk/NorthgatePublicDocs/00432471.pdf,181,Islington,E09000019,archived (end-date populated)
brownfield-land,2019-11-24,1700513,2018-12-19,,,P2013/1564/FUL,181,POINT(-0.125934 51.552497),brownfield-land,authoritative,P2013/1564/FUL,2017-11-24,geography,,yes,,0.23,45,45,completed,,not-owned-by-a-public-authority,2014-10-01,http://planning.islington.gov.uk/Northgate/PlanningExplorer/Generic/StdDetails.aspx?PT=Planning%20Applications%20On-Line&TYPE=PL/PlanningPK.xml&PARAM0=343703&XSLT=/Northgate/PlanningExplorer/SiteFiles/Skins/Islington/xslt/PL/PLDetailsSiteHistory.xslt&FT=Planning%20Application%20Details&PUBLIC=Y&XMLSIDE=/Northgate/PlanningExplorer/SiteFiles/Skins/Islington/Menus/PL.xml&DAURI=PLANNING,permissioned,full-planning-permission,,"Ada Lewis House, 1 Dalmeny Avenue",,http://mapapp.islington.gov.uk/mapthatol/Login.aspx?user=public&utm_content=stcms2.islington.gov.uk,181,Islington,E09000019,archived (end-date populated)
brownfield-land,2019-11-24,1700514,2018-12-19,,,P2013/2849/FUL,181,POINT(-0.108996 51.565093),brownfield-land,authoritative,P2013/2849/FUL,2017-11-24,geography,,yes,,0.06,9,9,completed,,not-owned-by-a-public-authority,2013-11-26,http://planning.islington.gov.uk/Northgate/PlanningExplorer/Generic/StdDetails.aspx?PT=Planning%20Applications%20On-Line&TYPE=PL/PlanningPK.xml&PARAM0=351378&XSLT=/Northgate/PlanningExplorer/SiteFiles/Skins/Islington/xslt/PL/PLDetailsSiteHistory.xslt&FT=Planning%20Application%20Details&PUBLIC=Y&XMLSIDE=/Northgate/PlanningExplorer/SiteFiles/Skins/Islington/Menus/PL.xml&DAURI=PLANNING,permissioned,full-planning-permission,,97-103 Fonthill Road,,http://mapapp.islington.gov.uk/mapthatol/Login.aspx?user=public&utm_content=stcms2.islington.gov.uk,181,Islington,E09000019,archived (end-date populated)
brownfield-land,2019-11-24,1700515,2019-11-24,,,P2013/3213/FUL,181,POINT(-0.12228 51.559255),brownfield-land,authoritative,P2013/3213/FUL,2017-11-24,geography,,yes,,0.51,80,80,lapsed,,not-owned-by-a-public-authority,2017-11-24,http://planning.islington.gov.uk/Northgate/PlanningExplorer/Generic/StdDetails.aspx?PT=Planning%20Applications%20On-Line&TYPE=PL/PlanningPK.xml&PARAM0=357152&XSLT=/Northgate/PlanningExplorer/SiteFiles/Skins/Islington/xslt/PL/PLDetails.xslt&FT=Planning%2,permissioned,full-planning-permission,,443-445 Holloway Road,,http://mapapp.islington.gov.uk/mapthatol/Login.aspx?user=public&utm_content=stcms2.islington.gov.uk,181,Islington,E09000019,archived (end-date populated)
brownfield-land,2019-11-24,1700516,2019-11-24,,,P2013/3350/FUL,181,POINT(-0.097018 51.537508),brownfield-land,authoritative,P2013/3350/FUL,2017-11-24,geography,,yes,,0.04,5,5,lapsed,,not-owned-by-a-public-authority,2013-12-17,http://planning.islington.gov.uk/Northgate/PlanningExplorer/Generic/StdDetails.aspx?PT=Planning%20Applications%20On-Line&TYPE=PL/PlanningPK.xml&PARAM0=358114&XSLT=/Northgate/PlanningExplorer/SiteFiles/Skins/Islington/xslt/PL/PLDetails.xslt&FT=Planning%2,permissioned,full-planning-permission,,35 Britannia Row,,http://mapapp.islington.gov.uk/mapthatol/Login.aspx?user=public&utm_content=stcms2.islington.gov.uk,181,Islington,E09000019,archived (end-date populated)
brownfield-land,2019-11-24,1700518,2018-12-19,,,P2014/0609/FUL,181,POINT(-0.117561 51.542534),brownfield-land,authoritative,P2014/0609/FUL,2017-11-24,geography,,yes,,1.89,156,156,completed,,not-owned-by-a-public-authority,2015-07-20,http://planning.islington.gov.uk/Northgate/PlanningExplorer/Generic/StdDetails.aspx?PT=Planning%20Applications%20On-Line&TYPE=PL/PlanningPK.xml&PARAM0=381255&XSLT=/Northgate/PlanningExplorer/SiteFiles/Skins/Islington/xslt/PL/PLDetailsSiteHistory.xslt&FT=Planning%20Application%20Details&PUBLIC=Y&XMLSIDE=/Northgate/PlanningExplorer/SiteFiles/Skins/Islington/Menus/PL.xml&DAURI=PLANNING,permissioned,full-planning-permission,,"351 Caledonian Road, Gifford Street Railway Embankment",,http://mapapp.islington.gov.uk/mapthatol/Login.aspx?user=public&utm_content=stcms2.islington.gov.uk,181,Islington,E09000019,archived (end-date populated)
brownfield-land,2021-12-14,1700519,2021-12-14,,,P2014/0954/FUL,181,POINT(-0.092102 51.524721),brownfield-land,authoritative,P2014/0954/FUL,2017-11-24,geography,,yes,,0.01,5,5,"Site plan is available on Islington interactive mapping website. Specific site is identifiable via SiteReference and SiteNameAddress attribute data.. Erection of a five storey side extension to existing dwelling, roof extension and lower ground floor basement level to create 4 two-bedroom flats and 1 one-bedroom flat (gross).",,not-owned-by-a-public-authority,2015-01-20,http://planning.islington.gov.uk/Northgate/PlanningExplorer/Generic/StdDetails.aspx?PT=Planning%20Applications%20On-Line&TYPE=PL/PlanningPK.xml&PARAM0=385155&XSLT=/Northgate/PlanningExplorer/SiteFiles/Skins/Islington/xslt/PL/PLDetailsSiteHistory.xslt&FT=Planning%20Application%20Details&PUBLIC=Y&XMLSIDE=/Northgate/PlanningExplorer/SiteFiles/Skins/Islington/Menus/PL.xml&DAURI=PLANNING,permissioned,full-planning-permission,,8-9 Tilney Court,,http://planning.islington.gov.uk/NorthgatePublicDocs/00309264.pdf,181,Islington,E09000019,archived (end-date populated)
brownfield-land,2019-11-24,1700520,2018-12-19,,,P2014/1017/FUL,181,POINT(-0.113307 51.53171),brownfield-land,authoritative,P2014/1017/FUL,2017-11-24,geography,,yes,,0.34,117,117,completed,,not-owned-by-a-public-authority,2014-12-12,http://planning.islington.gov.uk/Northgate/PlanningExplorer/Generic/StdDetails.aspx?PT=Planning%20Applications%20On-Line&TYPE=PL/PlanningPK.xml&PARAM0=385515&XSLT=/Northgate/PlanningExplorer/SiteFiles/Skins/Islington/xslt/PL/PLDetailsSiteHistory.xslt&FT=Planning%20Application%20Details&PUBLIC=Y&XMLSIDE=/Northgate/PlanningExplorer/SiteFiles/Skins/Islington/Menus/PL.xml&DAURI=PLANNING,permissioned,full-planning-permission,,"130-154, 154A Pentonville Road (3-5 & 5A,Cynthia Street & 2, Rodney Street)",,http://mapapp.islington.gov.uk/mapthatol/Login.aspx?user=public&utm_content=stcms2.islington.gov.uk,181,Islington,E09000019,archived (end-date populated)
brownfield-land,2019-11-24,1700521,2018-12-19,,,P2014/1294/FUL,181,POINT(-0.098355 51.559732),brownfield-land,authoritative,P2014/1294/FUL,2017-11-24,geography,,yes,,0.08,8,8,completed,,not-owned-by-a-public-authority,2015-04-09,http://planning.islington.gov.uk/Northgate/PlanningExplorer/Generic/StdDetails.aspx?PT=PlanningApplicationsOn-Line&TYPE=PL/PlanningPK.xml&PARAM0=387496&XSLT=/Northgate/PlanningExplorer/SiteFiles/Skins/Islington/xslt/PL/PLDetails.xslt&FT=PlanningAppli,permissioned,full-planning-permission,,"Highbury Vale Police Station, 211 Blackstock Road",,http://mapapp.islington.gov.uk/mapthatol/Login.aspx?user=public&utm_content=stcms2.islington.gov.uk,181,Islington,E09000019,archived (end-date populated)
brownfield-land,2021-12-14,1700522,2021-12-14,,,P2014/1808/FUL,181,POINT(-0.104823 51.521447),brownfield-land,authoritative,P2014/1808/FUL,2017-11-24,geography,,yes,,0.05,6,6,Site plan is available on Islington interactive mapping website. Specific site is identifiable via SiteReference and SiteNameAddress attribute data.. Construction of a three storey over basement building comprising six new residential units with associated amenity space and landscaping.,,not-owned-by-a-public-authority,2016-04-14,http://planning.islington.gov.uk/Northgate/PlanningExplorer/Generic/StdDetails.aspx?PT=PlanningApplicationsOn-Line&TYPE=PL/PlanningPK.xml&PARAM0=392375&XSLT=/Northgate/PlanningExplorer/SiteFiles/Skins/Islington/xslt/PL/PLDetailsSiteHistory.xslt&FT=Pla,permissioned,full-planning-permission,,"Land at Turk's Head Yard, 75A Turnmill Street",,http://planning.islington.gov.uk/NorthgatePublicDocs/00317199.pdf,181,Islington,E09000019,archived (end-date populated)
brownfield-land,2019-11-24,1700523,2018-12-19,,,P2014/2131/FUL,181,POINT(-0.096361 51.53113),brownfield-land,authoritative,P2014/2131/FUL,2017-11-24,geography,,yes,,0.47,99,99,completed,,not-owned-by-a-public-authority,2015-03-25,http://planning.islington.gov.uk/Northgate/PlanningExplorer/Generic/StdDetails.aspx?PT=PlanningApplicationsOn-Line&TYPE=PL/PlanningPK.xml&PARAM0=394715&XSLT=/Northgate/PlanningExplorer/SiteFiles/Skins/Islington/xslt/PL/PLDetailsSiteHistory.xslt&FT=Pla,permissioned,full-planning-permission,,37-47 Wharf Road,,http://mapapp.islington.gov.uk/mapthatol/Login.aspx?user=public&utm_content=stcms2.islington.gov.uk,181,Islington,E09000019,archived (end-date populated)
brownfield-land,2019-11-24,1700524,2018-12-19,,,P2014/3020/FUL,181,POINT(-0.110019 51.532071),brownfield-land,authoritative,P2014/3020/FUL,2017-11-24,geography,,yes,,0.06,9,9,completed,,not-owned-by-a-public-authority,2014-11-06,http://planning.islington.gov.uk/Northgate/PlanningExplorer/Generic/StdDetails.aspx?PT=PlanningApplicationsOn-Line&TYPE=PL/PlanningPK.xml&PARAM0=401801&XSLT=/Northgate/PlanningExplorer/SiteFiles/Skins/Islington/xslt/PL/PLDetailsSiteHistory.xslt&FT=Pla,permissioned,full-planning-permission,,"Arena House, 66-68 Pentonville Road",,http://mapapp.islington.gov.uk/mapthatol/Login.aspx?user=public&utm_content=stcms2.islington.gov.uk,181,Islington,E09000019,archived (end-date populated)
brownfield-land,2021-12-14,1700526,2021-12-14,,,P2014/3494/FUL,181,POINT(-0.125907 51.562631),brownfield-land,authoritative,P2014/3494/FUL,2017-11-24,geography,,yes,,0.25,39,39,"Site plan is available on Islington interactive mapping website. Specific site is identifiable via SiteReference and SiteNameAddress attribute data.. Demolition of existing buildings (including residential unit). Erection of a five storey building (plus basement) fronting Holloway Road (Block 1) comprising 20 residential units (Class C3) on the upper floors; four storey building to the rear of 652-660 Holloway Road (Block 2) comprising 11 residential units (Class C3); four storey building to the rear of 634-636 Holloway Road (Block 3) comprising 9 residential units (Class C3); and associated landscaping and play space, and other non housing development.",,not-owned-by-a-public-authority,2015-10-20,http://planning.islington.gov.uk/Northgate/PlanningExplorer/Generic/StdDetails.aspx?PT=PlanningApplicationsOn-Line&TYPE=PL/PlanningPK.xml&PARAM0=405457&XSLT=/Northgate/PlanningExplorer/SiteFiles/Skins/Islington/xslt/PL/PLDetailsSiteHistory.xslt&FT=Pla,permissioned,full-planning-permission,,640-648 & 650 Holloway Road,,http://planning.islington.gov.uk/NorthgatePublicDocs/00328786.pdf,181,Islington,E09000019,archived (end-date populated)
brownfield-land,2019-11-24,1700527,2019-11-24,,,P2014/3572/FUL,181,POINT(-0.101734 51.530201),brownfield-land,authoritative,P2014/3572/FUL,2019-11-24,geography,,yes,,0.16,26,26,lapsed,,not-owned-by-a-public-authority,2016-04-12,http://planning.islington.gov.uk/Northgate/PlanningExplorer/Generic/StdDetails.aspx?PT=Planning%20Applications%20On-Line&TYPE=PL/PlanningPK.xml&PARAM0=406277&XSLT=/Northgate/PlanningExplorer/SiteFiles/Skins/Islington/xslt/PL/PLDetails.xslt&FT=Planning%2,permissioned,full-planning-permission,,"7-8 Wakley Street, 328 City Road",,http://mapapp.islington.gov.uk/mapthatol/Login.aspx?user=public&utm_content=stcms2.islington.gov.uk,181,Islington,E09000019,archived (end-date populated)
brownfield-land,2019-11-24,1700528,2018-12-19,,,P2014/4558/FUL,181,POINT(-0.112067 51.531699),brownfield-land,authoritative,P2014/4558/FUL,2017-11-24,geography,,yes,,0.05,6,6,completed,,not-owned-by-a-public-authority,2015-12-23,http://planning.islington.gov.uk/Northgate/PlanningExplorer/Generic/StdDetails.aspx?PT=PlanningApplicationsOn-Line&TYPE=PL/PlanningPK.xml&PARAM0=411268&XSLT=/Northgate/PlanningExplorer/SiteFiles/Skins/Islington/xslt/PL/PLDetailsSiteHistory.xslt&FT=Pla,permissioned,full-planning-permission,,1-2A Hermes Street and 116-118 Pentonville Road,,http://mapapp.islington.gov.uk/mapthatol/Login.aspx?user=public&utm_content=stcms2.islington.gov.uk,181,Islington,E09000019,archived (end-date populated)
brownfield-land,2021-12-14,1700529,2021-12-14,,,P2014/5216/FUL,181,POINT(-0.099935 51.527366),brownfield-land,authoritative,P2014/5216/FUL,2017-11-24,geography,,yes,,2.01,131,131,"Site plan is available on Islington interactive mapping website. Specific site is identifiable via SiteReference and SiteNameAddress attribute data.. Demolition of existing row of garages located to the north of Rahere House and demolition of 9 existing single storey studio units. Erection of 6 new buildings, providing 140 new residential units and other non housing development. The scheme would provide 98 affordable homes which equates to 70% by unit.",,owned-by-a-public-authority,2015-05-22,http://planning.islington.gov.uk/Northgate/PlanningExplorer/Generic/StdDetails.aspx?PT=PlanningApplicationsOn-Line&TYPE=PL/PlanningPK.xml&PARAM0=412785&XSLT=/Northgate/PlanningExplorer/SiteFiles/Skins/Islington/xslt/PL/PLDetailsSiteHistory.xslt&FT=Pla,permissioned,full-planning-permission,,"King Square Estate & part of Moreland Primary School, Goswell Road",,http://planning.islington.gov.uk/NorthgatePublicDocs/00349585.pdf,181,Islington,E09000019,archived (end-date populated)
brownfield-land,2021-12-14,1700530,2018-12-19,,,P2015/0362/FUL,181,POINT(-0.092055 51.542049),brownfield-land,authoritative,P2015/0362/FUL,2017-11-24,geography,,yes,,0.13,8,8,"Site plan is available on Islington interactive mapping website. Specific site is identifiable via SiteReference and SiteNameAddress attribute data.. Extension to the existing building comprising a single storey extension above roof and 4-storey, stepped side extension with lower ground floor to create 8 no. residential units (7 x 2 bed, 1 x 4 bed). Provision of cycle storage and refuse facilities.",,not-owned-by-a-public-authority,2016-03-09,http://planning.islington.gov.uk/Northgate/PlanningExplorer/Generic/StdDetails.aspx?PT=PlanningApplicationsOn-Line&TYPE=PL/PlanningPK.xml&PARAM0=413343&XSLT=/Northgate/PlanningExplorer/SiteFiles/Skins/Islington/xslt/PL/PLDetailsSiteHistory.xslt&FT=PlanningApplicationDetails&PUBLIC=Y&XMLSIDE=/Northgate/PlanningExplorer/SiteFiles/Skins/Islington/Menus/PL.xml&DAURI=PLANNING,permissioned,full-planning-permission,,68 (rear) Essex Road,,http://mapapp.islington.gov.uk/mapthatol/Login.aspx?user=public&utm_content=stcms2.islington.gov.uk,181,Islington,E09000019,archived (end-date populated)
brownfield-land,2021-12-14,1700534,2018-12-19,,,P2015/2584/FUL,181,POINT(-0.118768 51.573739),brownfield-land,authoritative,P2015/2584/FUL,2017-11-24,geography,,yes,,0.03,7,7,"Site plan is available on Islington interactive mapping website. Specific site is identifiable via SiteReference and SiteNameAddress attribute data.. Demolition of the existing building (including 2 residential units). Erection of a building containing 9 residential units with associated access, refuse and cycle storage.",,not-owned-by-a-public-authority,2016-06-08,http://planning.islington.gov.uk/Northgate/PlanningExplorer/Generic/StdDetails.aspx?PT=PlanningApplicationsOn-Line&TYPE=PL/PlanningPK.xml&PARAM0=419233&XSLT=/Northgate/PlanningExplorer/SiteFiles/Skins/Islington/xslt/PL/PLDetailsSiteHistory.xslt&FT=PlanningApplicationDetails&PUBLIC=Y&XMLSIDE=/Northgate/PlanningExplorer/SiteFiles/Skins/Islington/Menus/PL.xml&DAURI=PLANNING,permissioned,full-planning-permission,,15 Blythwood Road,,http://mapapp.islington.gov.uk/mapthatol/Login.aspx?user=public&utm_content=stcms2.islington.gov.uk,181,Islington,E09000019,archived (end-date populated)
brownfield-land,2019-11-24,1700536,2018-12-19,,,P2015/2913/FUL,181,POINT(-0.133397 51.572084),brownfield-land,authoritative,P2015/2913/FUL,2017-11-24,geography,,yes,,0.43,46,46,completed,,owned-by-a-public-authority,2016-02-19,http://planning.islington.gov.uk/Northgate/PlanningExplorer/Generic/StdDetails.aspx?PT=PlanningApplicationsOn-Line&TYPE=PL/PlanningPK.xml&PARAM0=420871&XSLT=/Northgate/PlanningExplorer/SiteFiles/Skins/Islington/xslt/PL/PLDetailsSiteHistory.xslt&FT=Pla,permissioned,full-planning-permission,,"Southern Part of the Site, Whitehall Park Primary School (Formerly Ashmount P. School), Ashmount Road",,http://mapapp.islington.gov.uk/mapthatol/Login.aspx?user=public&utm_content=stcms2.islington.gov.uk,181,Islington,E09000019,archived (end-date populated)
brownfield-land,2021-12-14,1700538,2021-12-14,,,P2015/3989/FUL,181,POINT(-0.118105 51.545411),brownfield-land,authoritative,P2015/3989/FUL,2017-11-24,geography,,yes,,0.9,252,252,Site plan is available on Islington interactive mapping website. Specific site is identifiable via SiteReference and SiteNameAddress attribute data.. Demolition of all existing buildings on site to provide a mixed use development within new buildings ranging from 1-11 storeys; providing 252 residential units [use class C3] and other non housing development.,,not-owned-by-a-public-authority,2016-08-09,http://planning.islington.gov.uk/Northgate/PlanningExplorer/Generic/StdDetails.aspx?PT=PlanningApplicationsOn-Line&TYPE=PL/PlanningPK.xml&PARAM0=427433&XSLT=/Northgate/PlanningExplorer/SiteFiles/Skins/Islington/xslt/PL/PLDetailsSiteHistory.xslt&FT=Pla,permissioned,full-planning-permission,,"423-425,429-435 Caledonian Road & 1-11 Balmoral Grove & 4-6 [even] Brewery Road & Grove House 1 Market Road",,http://planning.islington.gov.uk/NorthgatePublicDocs/00377134.pdf,181,Islington,E09000019,archived (end-date populated)
brownfield-land,2021-12-14,1700540,2021-12-14,,,P2015/5073/FUL,181,POINT(-0.122384 51.549724),brownfield-land,authoritative,P2015/5073/FUL,2017-11-24,geography,,yes,,0.3,12,12,"Site plan is available on Islington interactive mapping website. Specific site is identifiable via SiteReference and SiteNameAddress attribute data.. Demolition of seven single storey garages at Thornton Court and erection of three, four bedroom, three storey townhouses and refurbishment of 39 undercroft garages and replacement with twelve flats, associated landscaping and cycle parking.",,owned-by-a-public-authority,2016-10-10,http://planning.islington.gov.uk/Northgate/PlanningExplorer/Generic/StdDetails.aspx?PT=PlanningApplicationsOn-Line&TYPE=PL/PlanningPK.xml&PARAM0=435013&XSLT=/Northgate/PlanningExplorer/SiteFiles/Skins/Islington/xslt/PL/PLDetailsSiteHistory.xslt&FT=Pla,permissioned,full-planning-permission,,"Garages at Thornton Court, undercroft garages to rear of 41-45, undercroft 1-12, 43-52 Hartham Road & 76-98 Surr Street",,http://planning.islington.gov.uk/NorthgatePublicDocs/00373759.pdf,181,Islington,E09000019,archived (end-date populated)
brownfield-land,2021-12-14,1700541,2021-12-14,,,P2015/5283/FUL,181,POINT(-0.135541 51.554961),brownfield-land,authoritative,P2015/5283/FUL,2017-11-24,geography,,yes,,0.05,5,5,"Site plan is available on Islington interactive mapping website. Specific site is identifiable via SiteReference and SiteNameAddress attribute data.. Change of use of the building into seven residential dwellings (C3 use class), including extensions fronting Corinne Road at lower ground, ground floor and roof level and other external alterations including replacement timber windows with new timber windows throughout. Associated landscaping and new fencing.",,not-owned-by-a-public-authority,2017-10-05,http://planning.islington.gov.uk/Northgate/PlanningExplorer/Generic/StdDetails.aspx?PT=Planning%20Applications%20On-Line&TYPE=PL/PlanningPK.xml&PARAM0=436376&XSLT=/Northgate/PlanningExplorer/SiteFiles/Skins/Islington/xslt/PL/PLDetailsSiteHistory.xslt&FT=Planning%20Application%20Details&PUBLIC=Y&XMLSIDE=/Northgate/PlanningExplorer/SiteFiles/Skins/Islington/Menus/PL.xml&DAURI=PLANNING,permissioned,full-planning-permission,,198 Brecknock Road,,http://planning.islington.gov.uk/NorthgatePublicDocs/00375641.pdf,181,Islington,E09000019,archived (end-date populated)
brownfield-land,2021-12-14,1700542,2021-12-14,,,P2015/5306/FUL,181,POINT(-0.12554 51.552257),brownfield-land,authoritative,P2015/5306/FUL,2017-11-24,geography,,yes,,0.07,21,21,"Site plan is available on Islington interactive mapping website. Specific site is identifiable via SiteReference and SiteNameAddress attribute data.. Demolition of existing building and erection of a 6 storey building to provide 21 residential units (8 x 1-bed, 12 x 2-bed and 1 x 3-bedroom flats) with associated landscaping and amenity space.",,not-owned-by-a-public-authority,2017-05-26,http://planning.islington.gov.uk/Northgate/PlanningExplorer/Generic/StdDetails.aspx?PT=PlanningApplicationsOn-Line&TYPE=PL/PlanningPK.xml&PARAM0=436656&XSLT=/Northgate/PlanningExplorer/SiteFiles/Skins/Islington/xslt/PL/PLDetailsSiteHistory.xslt&FT=Pla,permissioned,full-planning-permission,,273 Camden Road,,http://planning.islington.gov.uk/NorthgatePublicDocs/00375961.pdf,181,Islington,E09000019,archived (end-date populated)
brownfield-land,2021-12-14,1700543,2021-12-14,,,P2016/1493/FUL,181,POINT(-0.0953 51.548945),brownfield-land,authoritative,P2016/1493/FUL,2017-11-24,geography,,yes,,0.02,5,5,"Site plan is available on Islington interactive mapping website. Specific site is identifiable via SiteReference and SiteNameAddress attribute data.. Change of use of former residential home (use class C2) to four self contained flats and one house (use class C3), rear extension and reconfiguration of rear elevation, excavation at front at rear to form/extend lightwells together with landscaping and provision of refuse and cycle storage.",,not-owned-by-a-public-authority,2016-11-14,http://planning.islington.gov.uk/Northgate/PlanningExplorer/Generic/StdDetails.aspx?PT=PlanningApplicationsOn-Line&TYPE=PL/PlanningPK.xml&PARAM0=440456&XSLT=/Northgate/PlanningExplorer/SiteFiles/Skins/Islington/xslt/PL/PLDetailsSiteHistory.xslt&FT=Pla,permissioned,full-planning-permission,,114 Grosvenor Avenue,,http://planning.islington.gov.uk/NorthgatePublicDocs/00386774.pdf,181,Islington,E09000019,archived (end-date populated)
brownfield-land,2021-12-14,1700544,2021-12-14,,,P2016/2646/FUL,181,POINT(-0.117444 51.541507),brownfield-land,authoritative,P2016/2646/FUL,2017-11-24,geography,,yes,,0.02,5,5,"Site plan is available on Islington interactive mapping website. Specific site is identifiable via SiteReference and SiteNameAddress attribute data.. Demolition of part of building to rear of Caledonian Road, conversion of the remainder (including residential accommodation in roof space with rooflights to the rear) together with new building (part single storey/part three storey height) to provide five residential dwellings together with integral secure storage for bicycles and refuse, and an array of photovoltaic panels on the roof of the new three storey element. Provision of other non housing development.",,not-owned-by-a-public-authority,2017-03-29,http://planning.islington.gov.uk/Northgate/PlanningExplorer/Generic/StdDetails.aspx?PT=PlanningApplicationsOn-Line&TYPE=PL/PlanningPK.xml&PARAM0=443583&XSLT=/Northgate/PlanningExplorer/SiteFiles/Skins/Islington/xslt/PL/PLDetailsSiteHistory.xslt&FT=Pla,permissioned,full-planning-permission,,313-315 Caledonian Road,,http://planning.islington.gov.uk/NorthgatePublicDocs/00394022.pdf,181,Islington,E09000019,archived (end-date populated)
brownfield-land,2019-11-24,1700545,2018-12-19,,,P2016/2865/FUL,181,POINT(-0.116891 51.543368),brownfield-land,authoritative,P2016/2865/FUL,2017-11-24,geography,,yes,,0.07,8,8,completed,,owned-by-a-public-authority,2016-10-07,http://planning.islington.gov.uk/Northgate/PlanningExplorer/Generic/StdDetails.aspx?PT=PlanningApplicationsOn-Line&TYPE=PL/PlanningPK.xml&PARAM0=444116&XSLT=/Northgate/PlanningExplorer/SiteFiles/Skins/Islington/xslt/PL/PLDetailsSiteHistory.xslt&FT=Pla,permissioned,full-planning-permission,,"Car Park Area, Caledonian Road",,http://mapapp.islington.gov.uk/mapthatol/Login.aspx?user=public&utm_content=stcms2.islington.gov.uk,181,Islington,E09000019,archived (end-date populated)
brownfield-land,2021-12-14,1700546,2021-12-14,,,P2016/3134/FUL,181,POINT(-0.127072 51.551481),brownfield-land,authoritative,P2016/3134/FUL,2017-11-24,geography,,yes,,0.06,8,8,"Site plan is available on Islington interactive mapping website. Specific site is identifiable via SiteReference and SiteNameAddress attribute data.. Demolition of the existing house and redevelopment of the site to provide a two storey building with a setback third floor providing 9 no. flats, with associated amenity space, landscaping and cycle parking.",,not-owned-by-a-public-authority,2017-03-28,http://planning.islington.gov.uk/Northgate/PlanningExplorer/Generic/StdDetails.aspx?PT=PlanningApplicationsOn-Line&TYPE=PL/PlanningPK.xml&PARAM0=444553&XSLT=/Northgate/PlanningExplorer/SiteFiles/Skins/Islington/xslt/PL/PLDetailsSiteHistory.xslt&FT=Pla,permissioned,full-planning-permission,,38 Hilldrop Lane,,http://planning.islington.gov.uk/NorthgatePublicDocs/00397986.pdf,181,Islington,E09000019,archived (end-date populated)
brownfield-land,2021-12-14,1700548,2018-12-19,,,P2018/1310/FUL,181,POINT(-0.104253 51.529613),brownfield-land,authoritative,P2018/1310/FUL,2017-11-24,geography,,yes,,0.08,8,8,"Site plan is available on Islington interactive mapping website. Specific site is identifiable via SiteReference and SiteNameAddress attribute data. Entry updated to reflect permission reference P2018/1310/FUL which supersedes permission reference P2016/4414/FUL. Erection of a single storey mansard extension and conversion of 8 x 1 bedroom apartments to 3 x 2 bedroom and 5 x 3 bedroom apartments, and external works to include recladding facade, replacement windows and new front boundary treatment.",,not-owned-by-a-public-authority,2018-06-14,http://planning.islington.gov.uk/Northgate/PlanningExplorer/Generic/StdDetails.aspx?PT=PlanningApplicationsOn-Line&TYPE=PL/PlanningPK.xml&PARAM0=446997&XSLT=/Northgate/PlanningExplorer/SiteFiles/Skins/Islington/xslt/PL/PLDetailsSiteHistory.xslt&FT=PlanningApplicationDetails&PUBLIC=Y&XMLSIDE=/Northgate/PlanningExplorer/SiteFiles/Skins/Islington/Menus/PL.xml&DAURI=PLANNING,permissioned,full-planning-permission,,"2nd floor and 3rd floor (Mansard), 2 and 4 Friend Street and St John Street (346 & 348)",,http://mapapp.islington.gov.uk/mapthatol/Login.aspx?user=public&utm_content=stcms2.islington.gov.uk,181,Islington,E09000019,archived (end-date populated)
brownfield-land,2019-11-24,1700554,2018-12-19,,,P2017/2795/PRA,181,POINT(-0.135558 51.565132),brownfield-land,authoritative,P2017/2795/PRA,2017-11-24,geography,,yes,,0.19,150,150,completed,,not-owned-by-a-public-authority,2017-09-11,http://planning.islington.gov.uk/Northgate/PlanningExplorer/Generic/StdDetails.aspx?PT=Planning%20Applications%20On-Line&TYPE=PL/PlanningPK.xml&PARAM0=453241&XSLT=/Northgate/PlanningExplorer/SiteFiles/Skins/Islington/xslt/PL/PLDetailsSiteHistory.xslt&FT=Planning%20Application%20Details&PUBLIC=Y&XMLSIDE=/Northgate/PlanningExplorer/SiteFiles/Skins/Islington/Menus/PL.xml&DAURI=PLANNING,permissioned,full-planning-permission,,"Ground Floor to 4th Floor, and 6th Floor to 11th Floor (inclusive), Hill House, 17 Highgate Hill",,http://mapapp.islington.gov.uk/mapthatol/Login.aspx?user=public&utm_content=stcms2.islington.gov.uk,181,Islington,E09000019,archived (end-date populated)
brownfield-land,2021-12-14,1700560,2018-12-19,,,P2017/2330/FUL,181,POINT(-0.125973 51.571544),brownfield-land,authoritative,P2017/2330/FUL,2018-12-19,geography,,yes,,0.18,27,27,"Site plan is available on Islington interactive mapping website. Specific site is identifiable via SiteReference and SiteNameAddress attribute data.. The demolition of an existing two storey building and the erection of two five storey buildings to provide 9 x 2b and 1 x 1b wheelchair self-contained flats and 17 supported living units (C2 Use), together with communal rooms, staff/meeting facilities, cycle parking, private amenity space, refuse storage and a communal landscaped garden area.",,owned-by-a-public-authority,2017-11-30,http://planning.islington.gov.uk/Northgate/PlanningExplorer/Generic/StdDetails.aspx?PT=Planning%20Applications%20On-Line&TYPE=PL/PlanningPK.xml&PARAM0=452382&XSLT=/Northgate/PlanningExplorer/SiteFiles/Skins/Islington/xslt/PL/PLDetailsSiteHistory.xslt&FT=Planning%20Application%20Details&PUBLIC=Y&XMLSIDE=/Northgate/PlanningExplorer/SiteFiles/Skins/Islington/Menus/PL.xml&DAURI=PLANNING,permissioned,full-planning-permission,,"Elthorne Community Care Centre, 17-23 Beaumont Rise",,http://mapapp.islington.gov.uk/mapthatol/Login.aspx?user=public&utm_content=stcms2.islington.gov.uk,181,Islington,E09000019,archived (end-date populated)
brownfield-land,2021-12-14,1700562,2021-12-14,,,P2017/0865/FUL,181,POINT(-0.097369 51.525292),brownfield-land,authoritative,P2017/0865/FUL,2018-12-19,geography,,yes,,0.03,8,8,"Site plan is available on Islington interactive mapping website. Specific site is identifiable via SiteReference and SiteNameAddress attribute data.. Demolition of the existing building and the redevelopment of the site to include the construction of a 5 storey including basement level mixed use development containing 8 residential units (Class C3) on the second, third and fourth floors (6 x 2 beds, 2 x 3 beds). Provision of refuse & recycling facilities and cycle parking facilities on the ground floor and associated alterations, and other non housing development.",,not-owned-by-a-public-authority,2017-11-29,http://planning.islington.gov.uk/Northgate/PlanningExplorer/Generic/StdDetails.aspx?PT=Planning%20Applications%20On-Line&TYPE=PL/PlanningPK.xml&PARAM0=449449&XSLT=/Northgate/PlanningExplorer/SiteFiles/Skins/Islington/xslt/PL/PLDetailsSiteHistory.xslt&FT=Planning%20Application%20Details&PUBLIC=Y&XMLSIDE=/Northgate/PlanningExplorer/SiteFiles/Skins/Islington/Menus/PL.xml&DAURI=PLANNING,permissioned,full-planning-permission,,44 Pear Tree Street,,http://planning.islington.gov.uk/NorthgatePublicDocs/00419728.pdf,181,Islington,E09000019,archived (end-date populated)
brownfield-land,2019-11-24,1700570,2018-12-19,,,P2015/3977/FUL,181,POINT(-0.135559 51.565096),brownfield-land,authoritative,P2015/3977/FUL,2017-11-24,geography,,yes,,0.05,9,9,completed,,not-owned-by-a-public-authority,2016-08-18,http://planning.islington.gov.uk/Northgate/PlanningExplorer/Generic/StdDetails.aspx?PT=PlanningApplicationsOn-Line&TYPE=PL/PlanningPK.xml&PARAM0=427274&XSLT=/Northgate/PlanningExplorer/SiteFiles/Skins/Islington/xslt/PL/PLDetailsSiteHistory.xslt&FT=Pla,permissioned,full-planning-permission,,"Part ground floor, 12th and 13th floors Hill House, 17 Highgate Hill",,http://mapapp.islington.gov.uk/mapthatol/Login.aspx?user=public&utm_content=stcms2.islington.gov.uk,181,Islington,E09000019,archived (end-date populated)
brownfield-land,2020-11-11,1705002,2017-11-30,,,BK008,198,POINT(-0.00218 51.46321),brownfield-land,authoritative,BK008,2017-11-30,geography,,yes,,0.26,9,9,15/094157 for residential development including 9 x four bedroom town houses comprising three pairs of semi-detached houses and one terrace of three houses,,not-owned-by-a-public-authority,2016-01-08,,permissioned,full-planning-permission,,"Our Lady of Lourdes School, Belmont Hill",,http://www.lewisham.gov.uk/brownfieldregister,198,Lewisham,E09000023,archived (end-date populated)
brownfield-land,2020-11-11,1705003,2017-11-30,,,BK009,198,POINT(0.003934 51.46084),brownfield-land,authoritative,BK009,2017-11-30,geography,,yes,,0.09,5,5,14/89973 for residential development including 5 x two bedroom mews houses,,owned-by-a-public-authority,2015-04-22,,permissioned,full-planning-permission,,Garages at 49-71 Dacre Park,,http://www.lewisham.gov.uk/brownfieldregister,198,Lewisham,E09000023,archived (end-date populated)
brownfield-land,2020-11-11,1705005,2020-11-11,,,BK011,198,POINT(0.003479 51.458777),brownfield-land,authoritative,BK011,2019-10-21,geography,,yes,,0.26,2,2,18/109368 for mixed use development including 3 x one bed flats. A commercial unit ( A1),,not-owned-by-a-public-authority,2019-03-14,,permissioned,full-planning-permission,,179 Lee High Road,,https://lewisham.gov.uk/brownfieldregister,198,Lewisham,E09000023,archived (end-date populated)
brownfield-land,2020-11-11,1705007,2017-11-30,,,BL002,198,POINT(-0.01676 51.4245),brownfield-land,authoritative,BL002,2017-11-30,geography,,yes,,0.04,7,7,"16/99506 for residential development including 4 x one bedroom, 3 x two bedroom and 1 x three bedroom self-contained flats",,not-owned-by-a-public-authority,2017-05-19,,permissioned,full-planning-permission,,117 Dunfield Road,,https://lewisham.gov.uk/brownfieldregister,198,Lewisham,E09000023,archived (end-date populated)
brownfield-land,2020-11-11,1705019,2017-11-30,,,CP005,198,POINT(-0.04652 51.44502),brownfield-land,authoritative,CP005,2017-11-30,geography,,yes,,0.07,5,5,16/097411 for residential development including 5 x four bedroom houses,,not-owned-by-a-public-authority,2016-09-12,,permissioned,full-planning-permission,,113 Bovill Road,,http://www.lewisham.gov.uk/brownfieldregister,198,Lewisham,E09000023,archived (end-date populated)
brownfield-land,2020-11-11,1705021,2018-10-22,,,CP007,198,POINT(-0.03877 51.443),brownfield-land,authoritative,CP007,2018-10-22,geography,,yes,,0.06,5,5,"17/100842 for residential development including 1 x one bedroom, 3 x two bedroom and 1 x three bedroom self contained flats",,not-owned-by-a-public-authority,2017-08-21,,permissioned,full-planning-permission,,50 St German's Road,,http://www.lewisham.gov.uk/brownfieldregister,198,Lewisham,E09000023,archived (end-date populated)
brownfield-land,2020-11-11,1705023,2019-10-21,,,CS003,198,POINT(-0.0189 51.44076),brownfield-land,authoritative,CS003,2018-10-22,geography,,yes,,0.42,27,27,"17/102292 for residential development including 10 x one bedroom, 10 x two bedroom and 7 x three bedroom self-contained flats",,not-owned-by-a-public-authority,2018-06-29,,permissioned,full-planning-permission,,"Pheobes Garden Centre, Penerley Road",,http://www.lewisham.gov.uk/brownfieldregister,198,Lewisham,E09000023,archived (end-date populated)
brownfield-land,2020-11-11,1705025,2019-10-21,,,CS005,198,POINT(0.00172 51.442519),brownfield-land,authoritative,CS005,2019-10-21,geography,,yes,,0.03,7,7,18/106649 for 7 non-self contained C2 bedrooms,,not-owned-by-a-public-authority,2018-08-17,,permissioned,full-planning-permission,,55 Broadfield Road,,https://lewisham.gov.uk/brownfieldregister,198,Lewisham,E09000023,archived (end-date populated)
brownfield-land,2020-11-11,1705028,2017-11-30,,,EV003,198,POINT(-0.0354 51.48743),brownfield-land,authoritative,EV003,2017-11-30,geography,,yes,,1.28,316,316,15/093101 for mixed use development including full permission for 258 residential dwellings and reserved matters 16/097829 for up to 58 dwellings,,not-owned-by-a-public-authority,2017-01-20,,permissioned,reserved-matters-approval,,Arklow Road Trading Estate MEL,,http://www.lewisham.gov.uk/brownfieldregister,198,Lewisham,E09000023,archived (end-date populated)
brownfield-land,2020-11-11,1705030,2017-11-30,,,EV007,198,POINT(-0.04074 51.48472),brownfield-land,authoritative,EV007,2017-11-30,geography,,yes,,0.26,72,72,16/098132 for mixed use development including 72 residential units,,not-owned-by-a-public-authority,2017-01-25,,permissioned,full-planning-permission,,19 Yeoman Street,,http://www.lewisham.gov.uk/brownfieldregister,198,Lewisham,E09000023,archived (end-date populated)
brownfield-land,2022-10-25,1705038,2022-10-25,,,EV018,198,POINT(-0.34008 51.481848),brownfield-land,authoritative,EV018,2022-10-25,geography,,yes,,0.05,6,6,18/107475 for residental development including 6 x two bed units. Retention of existing public house,,not-owned-by-a-public-authority,2018-11-20,,permissioned,full-planning-permission,,"Lord Palmerston, Childers Street",,https://lewisham.gov.uk/brownfieldregister,198,Lewisham,E09000023,archived (end-date populated)
brownfield-land,2020-11-11,1705039,2017-11-30,,,FH001,198,POINT(-0.0532 51.4464),brownfield-land,authoritative,FH001,2017-11-30,geography,,yes,,0.94,68,68,09/71953 for residential development including up to a maximum of 71 units,,not-owned-by-a-public-authority,2010-04-22,,permissioned,outline-planning-permission,,"Rear of Christian Fellowship, rear of 15-17a Tyson Road",,http://www.lewisham.gov.uk/brownfieldregister,198,Lewisham,E09000023,archived (end-date populated)
brownfield-land,2020-11-11,1705042,2017-11-30,,,FH004,198,POINT(-0.05401 51.43713),brownfield-land,authoritative,FH004,2017-11-30,geography,,yes,,0.2,27,27,15/090942 for mixed use development including 27 self-contained residential flats,,not-owned-by-a-public-authority,2015-11-27,,permissioned,full-planning-permission,,"Fairway House, rear of 53 Dartmouth Road",,http://www.lewisham.gov.uk/brownfieldregister,198,Lewisham,E09000023,archived (end-date populated)
brownfield-land,2020-11-11,1705043,2017-11-30,,,FH005,198,POINT(-0.05421 51.43411),brownfield-land,authoritative,FH005,2017-11-30,geography,,yes,,1.56,27,27,14/089888 for residential development including 13 x 3 bed houses and 6 x one bedroom and 8 x two bedroom self-contained flats,,owned-by-a-public-authority,2015-04-23,,permissioned,full-planning-permission,,Longfield Crescent Estate,,http://www.lewisham.gov.uk/brownfieldregister,198,Lewisham,E09000023,archived (end-date populated)
brownfield-land,2020-11-11,1705045,2018-10-22,,,FH008,198,POINT(-0.04757 51.44978),brownfield-land,authoritative,FH008,2017-12-01,geography,,yes,,0.09,5,5,08/68730 for residential development including 1x3 bedroom and 5x2 bedroom self-contained flats,,not-owned-by-a-public-authority,2011-10-31,,permissioned,full-planning-permission,,97 Honor Oak Park,,http://www.lewisham.gov.uk/brownfieldregister,198,Lewisham,E09000023,archived (end-date populated)
brownfield-land,2020-11-11,1705053,2019-10-21,,,GP001,198,POINT(0.021736 51.42984),brownfield-land,authoritative,GP001,2017-11-30,geography,,yes,,0.07,7,7,17/100225 Prior approval for residential development including 6 self-contained flats and 17/104065 for one x 2 bedroom self-contained flat,,not-owned-by-a-public-authority,2018-01-12,,permissioned,full-planning-permission,,329 Baring Road and Haywood House,,http://www.lewisham.gov.uk/brownfieldregister,198,Lewisham,E09000023,archived (end-date populated)
brownfield-land,2020-11-11,1705054,2017-11-30,,,GP002,198,POINT(0.037523 51.42676),brownfield-land,authoritative,GP002,2017-11-30,geography,,yes,,0.14,5,5,16/098887 for residential development including 5 x three bedroom terrace houses,,not-owned-by-a-public-authority,2017-06-26,,permissioned,full-planning-permission,,Garages at 55-88 Castleton Road,,http://www.lewisham.gov.uk/brownfieldregister,198,Lewisham,E09000023,archived (end-date populated)
brownfield-land,2020-11-11,1705059,2019-10-21,,,GP007,198,POINT(0.028317 51.431961),brownfield-land,authoritative,GP007,2019-10-21,geography,,yes,,0.05,7,7,18/107324 for 7 x non-self contained hostel bedrooms,,not-owned-by-a-public-authority,2018-08-24,,permissioned,full-planning-permission,,77 Chinbrook Road,,https://lewisham.gov.uk/brownfieldregister,198,Lewisham,E09000023,archived (end-date populated)
brownfield-land,2020-11-11,1705063,2018-10-22,,,LC004,198,POINT(-0.01235 51.45402),brownfield-land,authoritative,LC004,2017-11-30,geography,,yes,,0.55,53,53,16/099284 for residential development including 46 x one bedroom and 5 x two bedroom flats plus amendment to provide 2 additional units,,owned-by-a-public-authority,2017-01-26,,permissioned,other,,Rear of Chiddingstone House,,http://www.lewisham.gov.uk/brownfieldregister,198,Lewisham,E09000023,archived (end-date populated)
brownfield-land,2022-10-25,1705068,2022-10-25,,,LC012,198,POINT(0.001719 51.44879),brownfield-land,authoritative,LC012,2022-10-25,geography,,yes,,0.09,6,6,14/090373 for residential development including 6 x two bedroom houses.,,not-owned-by-a-public-authority,2015-08-20,,permissioned,full-planning-permission,,Rear of 101-103 Springbank Road,,https://lewisham.gov.uk/brownfieldregister,198,Lewisham,E09000023,archived (end-date populated)
brownfield-land,2020-11-11,1705069,2017-11-30,,,LC014,198,POINT(-0.008621 51.46009),brownfield-land,authoritative,LC014,2017-11-30,geography,,yes,,0.26,3,3,16/097298 for residential development including 3 x one bedroom flats,,not-owned-by-a-public-authority,2016-08-26,,permissioned,full-planning-permission,,Robert Square Bonfield Road,,http://www.lewisham.gov.uk/brownfieldregister,198,Lewisham,E09000023,archived (end-date populated)
brownfield-land,2020-11-11,1705076,2018-10-22,,,LC021,198,POINT(-0.00483 51.4527),brownfield-land,authoritative,LC021,2018-10-22,geography,,yes,,0.96,28,28,17/102175 for residential development including 28 self-contained studio flats,,owned-by-a-public-authority,2017-09-25,,permissioned,full-planning-permission,,"St Mungos Hostel, Spring Gardens, Arlington Close",,http://www.lewisham.gov.uk/brownfieldregister,198,Lewisham,E09000023,archived (end-date populated)
brownfield-land,2020-11-11,1705078,2018-10-22,,,LC023,198,POINT(-0.0114 51.46043),brownfield-land,authoritative,LC023,2018-10-22,geography,,yes,,0.03,6,6,17/105157 Prior approval for residential development including 6 residential units,,not-owned-by-a-public-authority,2018-02-13,,permissioned,full-planning-permission,,174-176 Lewisham High Street,,http://www.lewisham.gov.uk/brownfieldregister,198,Lewisham,E09000023,archived (end-date populated)
brownfield-land,2024-12-06,1705080,2025-12-09,,,LC025,198,POINT(-0.018278 51.457743),brownfield-land,authoritative,LC025,2025-12-09,geography,,yes,,0.35,36,36,"S73 20/119250 for additional 3 units. 17/104264 for mixed use development including self-build 13 x one bedroom, 10 x two bedroom, 2 x three bedroom flats and 5 x three bedroom and 3 x four bedroom houses. Shared office space and multi-use community facility. Site allocation LCA SA11.",,owned-by-a-public-authority,2021-04-28,,permissioned,other,,Church Grove,,https://lewisham.gov.uk/brownfieldregister,198,Lewisham,E09000023,archived (end-date populated)
brownfield-land,2020-11-11,1705094,2018-10-22,,,NX005,198,POINT(-0.03926 51.47629),brownfield-land,authoritative,NX005,2017-11-30,geography,,yes,,0.24,89,89,14/090267 for mixed use development including 89 residential units,,not-owned-by-a-public-authority,2016-06-29,,permissioned,full-planning-permission,,"Bond House, Goodwood Road",,http://www.lewisham.gov.uk/brownfieldregister,198,Lewisham,E09000023,archived (end-date populated)
brownfield-land,2022-10-25,1705100,2025-12-09,,,NX012,198,POINT(-0.03264 51.4794),brownfield-land,authoritative,NX012,2025-12-09,geography,,yes,,0.68,120,120,15/095027 for residential development including 120 residential units. Site allocation LNASA14.,,mixed-ownership,2018-07-16,,permissioned,full-planning-permission,,"Former Deptford Green Secondary School, Amersham Vale",,https://lewisham.gov.uk/brownfieldregister,198,Lewisham,E09000023,archived (end-date populated)
brownfield-land,2020-11-11,1705104,2019-10-21,,,NX016,198,POINT(-0.04926 51.47979),brownfield-land,authoritative,NX016,2018-10-22,geography,,yes,,0.15,9,9,17/103958 for residential development including 9 residential units,,not-owned-by-a-public-authority,2018-04-20,,permissioned,full-planning-permission,,54 Avonley Road,,http://www.lewisham.gov.uk/brownfieldregister,198,Lewisham,E09000023,archived (end-date populated)
brownfield-land,2020-11-11,1705107,2019-10-22,,,NX020,198,POINT(-0.046452 51.475051),brownfield-land,authoritative,NX020,2019-10-22,geography,,yes,,0.03,2,2,15/094303 for residential development including 2 x one bed flats,,not-owned-by-a-public-authority,2016-05-20,,permissioned,full-planning-permission,,165 & 167 New Cross Road,,https://lewisham.gov.uk/brownfieldregister,198,Lewisham,E09000023,archived (end-date populated)
brownfield-land,2020-11-11,1705111,2017-11-30,,,RG002,198,POINT(-0.017053 51.445578),brownfield-land,authoritative,RG002,2017-11-30,geography,,yes,,0.1,19,19,14/089404 for mixed use development including 9 x one bedroom and 10 x two bedroom self-contained flats,,not-owned-by-a-public-authority,2016-01-11,,permissioned,full-planning-permission,,16-22 Brownhill Road,,https://lewisham.gov.uk/brownfieldregister,198,Lewisham,E09000023,archived (end-date populated)
brownfield-land,2022-10-25,1705113,2019-11-22,,,RG009,198,POINT(-0.21648 51.445401),brownfield-land,authoritative,RG009,2019-11-22,geography,,yes,,0.05,5,5,18/107215 for mixed use development including 5 residential flats. A3 use (Restaurants & Cafes),,mixed-ownership,2018-08-09,,permissioned,full-planning-permission,,17-18 Catford Broadway,,https://lewisham.gov.uk/brownfieldregister,198,Lewisham,E09000023,archived (end-date populated)
brownfield-land,2020-11-11,1705116,2017-11-30,,,SD007,198,POINT(-0.048605 51.425524),brownfield-land,authoritative,SD007,2017-11-30,geography,,yes,,0.02,5,5,16/098075 for mixed use development including 2 x two bedroom and 3 x one bedroom units,,not-owned-by-a-public-authority,2016-11-18,,permissioned,full-planning-permission,,Roof extension at 96a Sydenham Road,,https://lewisham.gov.uk/brownfieldregister,198,Lewisham,E09000023,archived (end-date populated)
brownfield-land,2020-11-11,1705120,2018-10-22,,,SD012,198,POINT(-0.04574 51.42552),brownfield-land,authoritative,SD012,2018-10-22,geography,,yes,,0.02,9,9,"17/101668 for residential development including 4 x one bedroom, 2 x two bedroom and 1 x three bedroom self-contained flats plus 2 x two-storey, one bedroom dwellings. 130m2 of A1/A2 retail space",,not-owned-by-a-public-authority,2017-10-10,,permissioned,full-planning-permission,,138 Sydenham Road,,https://lewisham.gov.uk/brownfieldregister,198,Lewisham,E09000023,archived (end-date populated)
brownfield-land,2020-11-11,1705123,2017-11-30,,,TH001,198,POINT(-0.05227 51.47549),brownfield-land,authoritative,TH001,2017-11-30,geography,,yes,,0.21,65,65,15/093731 for mixed use development including 65 residential units. 441.6m2 of business (B1),,not-owned-by-a-public-authority,2016-08-03,,permissioned,full-planning-permission,,43-49 Pomeroy Street,,https://lewisham.gov.uk/brownfieldregister,198,Lewisham,E09000023,archived (end-date populated)
brownfield-land,2018-10-22,1705132,2017-11-30,,,EV008,198,POINT(-0.034468 51.480636),brownfield-land,authoritative,EV008,2017-11-30,geography,,yes,,0.1,44,44,14/089678 for residential development including 34 x one bedroom and 10 x two bedroom units,,not-owned-by-a-public-authority,2015-08-24,,permissioned,full-planning-permission,,"Astra House, Arklow Road",,https://lewisham.gov.uk/brownfieldregister,198,Lewisham,E09000023,archived (end-date populated)
brownfield-land,2018-10-22,1705133,2017-11-30,,,LC007,198,POINT(-0.013809 51.461172),brownfield-land,authoritative,LC007,2017-11-30,geography,,yes,,0.62,25,25,"15/091069 for residential development including 14 x one bedroom, 7 x two bedroom dwellings and 4 x three bedroom dwellings",,not-owned-by-a-public-authority,2015-11-19,,permissioned,full-planning-permission,,"Riverdale House, 68 Molesworth Street",,https://lewisham.gov.uk/brownfieldregister,198,Lewisham,E09000023,archived (end-date populated)
brownfield-land,2018-10-22,1705134,2017-11-30,,,NX004,198,POINT(-0.01987 51.479294),brownfield-land,authoritative,NX004,2017-11-30,geography,,yes,,0.42,143,143,14/089953 for mixed use development including 143 residential units,,not-owned-by-a-public-authority,2015-06-17,,permissioned,full-planning-permission,,"Kent Wharf, Creekside ",,https://lewisham.gov.uk/brownfieldregister,198,Lewisham,E09000023,archived (end-date populated)
brownfield-land,2018-10-22,1705135,2017-11-30,,,NX006,198,POINT(-0.026334 51.476042),brownfield-land,authoritative,NX006,2017-11-30,geography,,yes,,0.05,9,9,"15/92227 for residential development including 3 x three bedroom townhouses, 1 x three bedroom maisonette, 1 x two bedroom maisonette and 4 x one bed flats",,not-owned-by-a-public-authority,2015-11-19,,permissioned,full-planning-permission,,"1-3 Comet Street, scaffolding yard",,https://lewisham.gov.uk/brownfieldregister,198,Lewisham,E09000023,archived (end-date populated)
brownfield-land,2018-10-22,1705136,2017-11-30,,,RG001,198,POINT(-0.024854 51.447194),brownfield-land,authoritative,RG001,2017-11-30,geography,,yes,,4.76,240,240,07/67276 for mixed use development including 589 residential units,,not-owned-by-a-public-authority,2009-01-30,,permissioned,full-planning-permission,,"Catford Green, former Catford Greyhound Stadium",,https://lewisham.gov.uk/brownfieldregister,198,Lewisham,E09000023,archived (end-date populated)
brownfield-land,2018-10-22,1705137,2017-11-30,,,RG003,198,POINT(-0.024488 51.445873),brownfield-land,authoritative,RG003,2017-11-30,geography,,yes,,0.08,9,9,12/79846 for mixed use development including 9 x two bedroom self-contained flats,,not-owned-by-a-public-authority,2013-05-07,,permissioned,full-planning-permission,,"Land adj. to railway, Doggett Road",,https://lewisham.gov.uk/brownfieldregister,198,Lewisham,E09000023,archived (end-date populated)
brownfield-land,2018-10-22,1705138,2017-11-30,,,RG005,198,POINT(-0.018133 51.447954),brownfield-land,authoritative,RG005,2017-11-30,geography,,yes,,0.05,7,7,"15/92113 for residential development including 5 x one-bedroom and 1 x two bedroom self-contained flats, and 1 x two bedroom self-contained maisonette",,not-owned-by-a-public-authority,2015-10-29,,permissioned,full-planning-permission,,70 Rushey Green,,https://lewisham.gov.uk/brownfieldregister,198,Lewisham,E09000023,archived (end-date populated)
brownfield-land,2018-10-22,1705139,2017-11-30,,,RG007,198,POINT(-0.024482 51.444554),brownfield-land,authoritative,RG007,2017-11-30,geography,,yes,,0.02,6,6,15/90741 for residential development including 1 x one-bedroom and 5 x two-bedroom self-contained flats,,not-owned-by-a-public-authority,2016-04-27,,permissioned,full-planning-permission,,"Roof extension to Catford Tavern, Station Approach",,https://lewisham.gov.uk/brownfieldregister,198,Lewisham,E09000023,archived (end-date populated)
brownfield-land,2018-10-22,1705140,2017-11-30,,,SD005,198,POINT(-0.044262 51.426373),brownfield-land,authoritative,SD005,2017-11-30,geography,,yes,,0.06,9,9,"12/082195 for residential development including 1 x three bedroom bungalow, 2 x one bedroom and 6 x two bedroom self-contained flats",,not-owned-by-a-public-authority,2014-07-28,,permissioned,full-planning-permission,,"Laurel Grove, rear of 215-217 Sydenham Road",,https://lewisham.gov.uk/brownfieldregister,198,Lewisham,E09000023,archived (end-date populated)
brownfield-land,2018-10-22,1705141,2017-11-30,,,TH002,198,POINT(-0.052225 51.476291),brownfield-land,authoritative,TH002,2017-11-30,geography,,yes,,0.17,37,37,"15/091987 for residential development including 17 x one bedroom, 15 x two bedroom and 5 x three bedroom self-contained flats",,not-owned-by-a-public-authority,2015-10-16,,permissioned,full-planning-permission,,29 Pomeroy Street,,https://lewisham.gov.uk/brownfieldregister,198,Lewisham,E09000023,archived (end-date populated)
brownfield-land,2018-10-22,1705142,2017-11-30,,,WF003,198,POINT(-0.037976 51.464142),brownfield-land,authoritative,WF003,2017-11-30,geography,,yes,,0.21,30,30,"15/92929 for residential development including 9 x one bedroom, 10 x two bedroom and 3 x three bedroom self-contained flats and 8 x three bedroom maisonettes",,not-owned-by-a-public-authority,2016-05-18,,permissioned,full-planning-permission,,"Former Downham Fire Station, 260 Reigate Road",,https://lewisham.gov.uk/brownfieldregister,198,Lewisham,E09000023,archived (end-date populated)
brownfield-land,2019-10-21,1705143,2017-11-30,,,BL001,198,POINT(-0.03835 51.42854),brownfield-land,authoritative,BL001,2017-11-30,geography,,yes,,0.04,9,9,14/88927 for residential development including 8 x two bedroom self-contained flats and 1 x one bedroom maisonette,,not-owned-by-a-public-authority,2015-02-02,,permissioned,full-planning-permission,,351-355 Sydenham Road,,https://lewisham.gov.uk/brownfieldregister,198,Lewisham,E09000023,archived (end-date populated)
brownfield-land,2019-10-21,1705144,2017-11-30,,,BK006,198,POINT(0.008078 51.4654),brownfield-land,authoritative,BK006,2017-11-30,geography,,yes,,0.06,16,16,10/76229 for residential development including 10 x one bedroom self-contained flats and 4 x two bedroom and 2 x three bedroom self-contained maisonettes,,not-owned-by-a-public-authority,2013-12-17,,permissioned,full-planning-permission,,"Independents Day Centre, Independents Road",,http://www.lewisham.gov.uk/brownfieldregister,198,Lewisham,E09000023,archived (end-date populated)
brownfield-land,2019-10-21,1705145,2017-11-30,,,BK004,198,POINT(0.003763 51.45975),brownfield-land,authoritative,BK004,2017-11-30,geography,,yes,,0.91,25,25,"14/089902 for residential development including 6 x 1 bedroom and 14 x 2 bedroom flats, 3 x 3 bedroom and 2 x 4 bedroom flats",,owned-by-a-public-authority,2015-03-04,,permissioned,full-planning-permission,,"23 Boone Street, Dacre Park Estate",,http://www.lewisham.gov.uk/brownfieldregister,198,Lewisham,E09000023,archived (end-date populated)
brownfield-land,2019-10-21,1705146,2017-11-30,,,BK003,198,POINT(-0.01082 51.4655),brownfield-land,authoritative,BK003,2017-11-30,geography,,yes,,0.07,28,28,15/091914 for mixed use development including 28 flats,,not-owned-by-a-public-authority,2016-03-16,,permissioned,full-planning-permission,,"Former petrol station, 167 Lewisham Road",,http://www.lewisham.gov.uk/brownfieldregister,198,Lewisham,E09000023,archived (end-date populated)
brownfield-land,2019-10-21,1705147,2018-10-22,,,BK005,198,POINT(-0.0096 51.46289),brownfield-land,authoritative,BK005,2017-11-30,geography,,yes,,0.17,56,56,"15/094039, 15/094870 and 17/100726 Prior Approval for residential development including two additional floors at roof level with 56 residential units",,not-owned-by-a-public-authority,2017-04-16,,permissioned,full-planning-permission,,"Tower House, 65-71 Lewisham High Street",,http://www.lewisham.gov.uk/brownfieldregister,198,Lewisham,E09000023,archived (end-date populated)
brownfield-land,2019-10-21,1705148,2017-11-30,,,BK002,198,POINT(0.000695 51.46352),brownfield-land,authoritative,BK002,2017-11-30,geography,,yes,,0.35,30,30,"16/095488 for mixed use development including 9 x one bedroom, 8 x two bedroom, 3 x three bedroom self-contained flats and 10 x four bedroom townhouses",,not-owned-by-a-public-authority,2016-10-20,,permissioned,full-planning-permission,,"BMW site, Lee Terrace",,http://www.lewisham.gov.uk/brownfieldregister,198,Lewisham,E09000023,archived (end-date populated)
brownfield-land,2019-10-21,1705149,2017-11-30,,,CS002,198,POINT(-0.00603 51.44462),brownfield-land,authoritative,CS002,2017-11-30,geography,,yes,,0.1,5,5,14/088055 for residential development including 5 x three bedroom residential units,,not-owned-by-a-public-authority,2015-06-15,,permissioned,full-planning-permission,,246 Brownhill Road,,http://www.lewisham.gov.uk/brownfieldregister,198,Lewisham,E09000023,archived (end-date populated)
brownfield-land,2020-11-11,1705150,2017-11-30,,,CP002,198,POINT(-0.04968 51.44341),brownfield-land,authoritative,CP002,2017-11-30,geography,,yes,,0.09,9,9,"15/091375 for mixed use development including 4 x three bedroom two storey houses, 1 x three bedroom maisonette, 1 x three bedroom flat, 1 x two bedroom flat and 2 x three bedroom live/work unit",,not-owned-by-a-public-authority,2015-09-17,,permissioned,full-planning-permission,,33 - 39 Beadnell Road,,http://www.lewisham.gov.uk/brownfieldregister,198,Lewisham,E09000023,archived (end-date populated)
brownfield-land,2019-10-21,1705151,2017-11-30,,,CP003,198,POINT(-0.03803 51.45317),brownfield-land,authoritative,CP003,2017-11-30,geography,,yes,,0.05,7,7,14/088077 for mixed use development including 2 x three bedroom houses and 4 x one bedroom and 3 x two bedroom self-contained flats,,not-owned-by-a-public-authority,2015-01-09,,permissioned,full-planning-permission,,437-439 Brockley Road,,http://www.lewisham.gov.uk/brownfieldregister,198,Lewisham,E09000023,archived (end-date populated)
brownfield-land,2019-10-21,1705152,2017-11-30,,,EV004,198,POINT(-0.03544 51.48174),brownfield-land,authoritative,EV004,2017-11-30,geography,,yes,,0.87,225,225,"15/091087 and 16/097829 for mixed use development including 102 x one bed, 79 x two bed, 40 x three bed and 4 x four bed units",,not-owned-by-a-public-authority,2015-11-13,,permissioned,full-planning-permission,,Marine Wharf East,,http://www.lewisham.gov.uk/brownfieldregister,198,Lewisham,E09000023,archived (end-date populated)
brownfield-land,2020-11-11,1705153,2017-11-30,,,FH006,198,POINT(-0.05843 51.44299),brownfield-land,authoritative,FH006,2017-11-30,geography,,yes,,0.05,7,7,"15/091285 for residential development including 1 x one bedroom, 5 x two bedroom and 1 x three bedroom self-contained flats",,not-owned-by-a-public-authority,2016-05-06,,permissioned,full-planning-permission,,14 Westwood Park,,http://www.lewisham.gov.uk/brownfieldregister,198,Lewisham,E09000023,archived (end-date populated)
brownfield-land,2019-10-21,1705154,2017-11-30,,,LD001,198,POINT(-0.01776 51.46477),brownfield-land,authoritative,LD001,2017-11-30,geography,,yes,,0.19,44,44,15/93403 for residential development including 49 self-contained dwellings,,not-owned-by-a-public-authority,2016-04-11,,permissioned,full-planning-permission,,87-89 Loampit Vale,,http://www.lewisham.gov.uk/brownfieldregister,198,Lewisham,E09000023,archived (end-date populated)
brownfield-land,2019-10-21,1705155,2018-10-22,,,LG002,198,POINT(0.005558 51.45823),brownfield-land,authoritative,LG002,2017-11-30,geography,,yes,,0.04,9,9,"14/090064 for residential development including 4 x one bedroom, 2 x two bedroom and 3 x three bedroom self-contained flats",,not-owned-by-a-public-authority,2015-09-24,,permissioned,full-planning-permission,,87 Old Road,,http://www.lewisham.gov.uk/brownfieldregister,198,Lewisham,E09000023,archived (end-date populated)
brownfield-land,2019-10-21,1705156,2017-11-30,,,LC003,198,POINT(-0.00123 51.46071),brownfield-land,authoritative,LC003,2017-11-30,geography,,yes,,0.7,58,58,"10/74143 for residential development including 32 x one bedroom and 30 x two bedroom almshouses, 1 x two bedroom and 9 x three bedroom self-contained flats, 8 x three bedroom and 8 x four/five bedroom self-contained maisonettes",,not-owned-by-a-public-authority,2012-03-30,,permissioned,full-planning-permission,,"Boones Almshouses, Belmont Park",,http://www.lewisham.gov.uk/brownfieldregister,198,Lewisham,E09000023,archived (end-date populated)
brownfield-land,2019-10-21,1705157,2017-11-30,,,NX002,198,POINT(-0.02024 51.47746),brownfield-land,authoritative,NX002,2017-11-30,geography,,yes,,0.97,148,148,"12/082000 for mixed use development including 63 x one-bedroom, 68 x two bedroom and 17 x 3 bedroom units",,not-owned-by-a-public-authority,2013-10-15,,permissioned,full-planning-permission,,"Faircharm Trading Estate, Creekside",,http://www.lewisham.gov.uk/brownfieldregister,198,Lewisham,E09000023,archived (end-date populated)
brownfield-land,2020-11-11,1705158,2018-10-22,,,NX017,198,POINT(-0.04648 51.47551),brownfield-land,authoritative,NX017,2018-10-22,geography,,yes,,0.03,8,8,17/099960 for residential development including 6 x two bedroom units and 2 x one bedroom self-contained units,,not-owned-by-a-public-authority,2017-11-08,,permissioned,full-planning-permission,,153 New Cross Road,,https://lewisham.gov.uk/brownfieldregister,198,Lewisham,E09000023,archived (end-date populated)
brownfield-land,2020-11-11,1705159,2018-10-22,,,PV002,198,POINT(-0.05153 51.43461),brownfield-land,authoritative,PV002,2017-11-30,geography,,yes,,0.11,7,7,15/092092 for residential development including 9 x two-bedroom self-contained flats.,,not-owned-by-a-public-authority,2016-06-10,,permissioned,full-planning-permission,,31 Dacres Road,,http://www.lewisham.gov.uk/brownfieldregister,198,Lewisham,E09000023,archived (end-date populated)
brownfield-land,2019-10-21,1705160,2017-11-30,,,RG006,198,POINT(-0.014127 51.450138),brownfield-land,authoritative,RG006,2017-11-30,geography,,yes,,0.12,6,6,15/090510 for residential development including 5 x three bedroom houses and 1 x three bedroom house,,not-owned-by-a-public-authority,2016-04-07,,permissioned,full-planning-permission,,26-32 George Lane,,https://lewisham.gov.uk/brownfieldregister,198,Lewisham,E09000023,archived (end-date populated)
brownfield-land,2019-10-21,1705161,2017-11-30,,,SD006,198,POINT(-0.058477 51.430772),brownfield-land,authoritative,SD006,2017-11-30,geography,,yes,,0.06,5,5,14/086283 for residential development including 3 x two bedroom and 2 x two bedroom self-contained flats,,not-owned-by-a-public-authority,2014-07-18,,permissioned,full-planning-permission,,Workshop at rear of 171 Kirkdale,,https://lewisham.gov.uk/brownfieldregister,198,Lewisham,E09000023,archived (end-date populated)
brownfield-land,2019-10-21,1705162,2017-11-30,,,SD001,198,POINT(-0.072551 51.4311),brownfield-land,authoritative,SD001,2017-11-30,geography,,yes,,2.18,50,50,"14/090031 for residential development including 50 x one and two bedroom Almshouses, 20 x four bedroom dwelling-houses and 26 x two and three bedroom self-contained flats",,not-owned-by-a-public-authority,2015-03-30,,permissioned,reserved-matters-approval,,"St Clements Heights, 165 Wells Park Road",,https://lewisham.gov.uk/brownfieldregister,198,Lewisham,E09000023,archived (end-date populated)
brownfield-land,2019-10-21,1705163,2017-11-30,,,SD008,198,POINT(-0.05174 51.42581),brownfield-land,authoritative,SD008,2017-11-30,geography,,yes,,0.09,5,5,16/099221 Prior Approval for residential development including 5 x one bedroom self-contained flats.,,not-owned-by-a-public-authority,2017-01-31,,permissioned,full-planning-permission,,42 Sydenham Road,,https://lewisham.gov.uk/brownfieldregister,198,Lewisham,E09000023,archived (end-date populated)
brownfield-land,2019-10-21,1705164,2018-10-22,,,SD003,198,POINT(-0.053402 51.426034),brownfield-land,authoritative,SD003,2017-11-30,geography,,yes,,0.12,9,9,"09/72662 for mixed use development including 6 x one bedroom, 5 x two bedroom and 1 x three bedroom self-contained flats, 1 x one and 5 x three bedroom self-contained maisonettes. Ground floor retail/ restaurant (A1/A3)",,not-owned-by-a-public-authority,2011-03-09,,permissioned,full-planning-permission,,22A-24 Sydenham Road,,http://www.lewisham.gov.uk/brownfieldregister,198,Lewisham,E09000023,archived (end-date populated)
brownfield-land,2020-11-11,1705165,2018-10-22,,,TH003,198,POINT(-0.0414 51.45793),brownfield-land,authoritative,TH003,2017-11-30,geography,,yes,,0.09,5,5,"15/94208 for residential development including 1 x one bedroomed, 2 x two bedroomed and 2x three bedroomed flats",,mixed-ownership,2016-05-05,,permissioned,full-planning-permission,,"Spalding House, Turnham Road",,http://www.lewisham.gov.uk/brownfieldregister,198,Lewisham,E09000023,archived (end-date populated)
brownfield-land,2019-10-21,1705166,2018-10-22,,,TH010,198,POINT(-0.0433 51.46399),brownfield-land,authoritative,TH010,2018-10-22,geography,,yes,,0.09,7,7,"17/102552 for residential development including 1 x one bedroom, 5 x two bedroom and 1 x three bedroom self-contained flats",,not-owned-by-a-public-authority,2017-10-12,,permissioned,full-planning-permission,,1 Avignon Road,,https://lewisham.gov.uk/brownfieldregister,198,Lewisham,E09000023,archived (end-date populated)
brownfield-land,2019-10-21,1705167,2017-11-30,,,WF002,198,POINT(-0.00531 51.43029),brownfield-land,authoritative,WF002,2017-11-30,geography,,yes,,0.65,21,21,15/091734 for residential development including 9 x one bedroom and 13 x two bedroom self-contained flats,,not-owned-by-a-public-authority,2016-08-12,,permissioned,full-planning-permission,,"Adj. to Foster House, Whitefoot Lane",,https://lewisham.gov.uk/brownfieldregister,198,Lewisham,E09000023,archived (end-date populated)
brownfield-land,2019-12-20,1705636,2017-12-15,,,BLR001,192,POINT(-0.109462 51.460578),brownfield-land,authoritative,BLR001,2017-12-15,geography,,yes,,1.61,304,304,"Lambeth Local Plan allocated site (Site 14). “Demolition of existing buildings (with the exception of Carlton Mansions) and redevelopment to provide a residential-led, mixed use development comprising 304 new dwellings and non-residential uses including a theatre (Sui Generis) and employment, retail and community uses (Use class B1/D1/A1/A2).",,mixed-ownership,2017-03-23,https://planning.lambeth.gov.uk/online-applications/applicationDetails.do?activeTab=summary&keyVal=NUTFJUBO0I800|https://planning.lambeth.gov.uk/online-applications/applicationDetails.do?activeTab=summary&keyVal=NZRAVLBOJME00,permissioned,full-planning-permission,,"Land Bounded By Somerleyton Road, Coldharbour Lane And Railway",,http://lambethopenmappingdata-lambethcouncil.opendata.arcgis.com/datasets/brownfield-land-register,192,Lambeth,E09000022,archived (end-date populated)
brownfield-land,2018-12-10,1705637,2018-12-10,,,BLR002,192,POINT(-0.101398 51.465493),brownfield-land,authoritative,BLR002,2017-12-15,geography,,yes,,0.5,124,124,Demolition of existing buildings. Mixed-use redevelopment providing five new build blocks (between 5 and 8 storeys in height) comprising class B1 and B2 floorspace and 124 residential units.,,not-owned-by-a-public-authority,2017-02-06,https://planning.lambeth.gov.uk/online-applications/applicationDetails.do?activeTab=summary&keyVal=NK2VQDBO0GI00,permissioned,full-planning-permission,,Higgs Industrial Estate,,http://lambethopenmappingdata-lambethcouncil.opendata.arcgis.com/datasets/brownfield-land-register,192,Lambeth,E09000022,archived (end-date populated)
brownfield-land,2019-12-20,1705638,2017-12-17,,,BLR003,192,POINT(-0.127122 51.463812),brownfield-land,authoritative,BLR003,2017-12-15,geography,,yes,,0.47,55,55,"Demolition of existing buildings and site clearance works to provide 55 social rented units (Use Class C3), a replacement community hall (Use Class D1), associated landscaping and parking.",,owned-by-a-public-authority,2017-02-10,https://planning.lambeth.gov.uk/online-applications/applicationDetails.do?activeTab=summary&keyVal=NUTTNKBO0IB00,permissioned,full-planning-permission,,Fenwick Estate South,,https://maps.london.gov.uk/brownfield-site-register,192,Lambeth,E09000022,archived (end-date populated)
brownfield-land,2018-12-10,1705639,2018-12-10,,,BLR004,192,POINT(-0.126124 51.455846),brownfield-land,authoritative,BLR004,2017-12-15,geography,,yes,,0.47,43,43,Re-development of the site comprising the demolition of existing buildings and the erection of a 3 storey development to provide 43 residential units,,owned-by-a-public-authority,2014-03-24,https://planning.lambeth.gov.uk/online-applications/applicationDetails.do?activeTab=summary&keyVal=MAWRH6BO05N00,permissioned,full-planning-permission,,"The Livity School, Mandrell Road",,http://lambethopenmappingdata-lambethcouncil.opendata.arcgis.com/datasets/brownfield-land-register,192,Lambeth,E09000022,archived (end-date populated)
brownfield-land,2022-12-15,1705640,2022-12-15,,,BLR005,192,POINT(-0.124917 51.481472),brownfield-land,authoritative,BLR005,2017-12-15,geography,,yes,,0.38,278,278,"Part of Lambeth Local Plan allocated site (Site 11). “Demolition of existing buildings and redevelopment of the site to provide a residential-led mixed-use development in a part 1/part 5/part 35/36 storey building to the North/North East and an 8 storey building to the South (fronting onto Wyvil Road) comprising 278 residential units, office and retail floorspace.",,not-owned-by-a-public-authority,2017-09-06,https://planning.lambeth.gov.uk/online-applications/applicationDetails.do?activeTab=summary&keyVal=OCIUJFBO0GI00,permissioned,full-planning-permission,,12-20 Wyvil Road,,http://lambethopenmappingdata-lambethcouncil.opendata.arcgis.com/datasets/brownfield-land-register,192,Lambeth,E09000022,archived (end-date populated)
brownfield-land,2019-12-20,1705641,2017-12-20,,,BLR006,192,POINT(0.129232 51.452703),brownfield-land,authoritative,BLR006,2017-12-15,geography,,yes,,0.29,5,5,"Redevelopment of the land to the rear of Peter's Court involving relocation of the sub-station, the demolition of the existing disused garages and erection of five three-storey, 3 bedroom mews-style houses.",,not-owned-by-a-public-authority,2017-06-27,https://planning.lambeth.gov.uk/online-applications/applicationDetails.do?activeTab=summary&keyVal=ONMVRYBOGKM00,permissioned,full-planning-permission,,93 King's Avenue,,https://maps.london.gov.uk/brownfield-site-register,192,Lambeth,E09000022,archived (end-date populated)
brownfield-land,2019-12-20,1705642,2017-12-21,,,BLR007,192,POINT(-0.118156 51.457805),brownfield-land,authoritative,BLR007,2017-12-15,geography,,yes,,0.28,74,74,"“Demolition of the existing council offices and the erection of a part 6, part 7 storey building comprising 74 residential units (Use Class C3) along with commercial floorspace (flexible A1/B1/D1/D2 use classes) at ground and basement levels plus an energy centre, car and cycle parking and a service bay at basement level, roof level installations and associated works.“",,owned-by-a-public-authority,2015-10-15,https://planning.lambeth.gov.uk/online-applications/applicationDetails.do?activeTab=summary&keyVal=NMX66CBOJX200,permissioned,full-planning-permission,,"Olive Morris House, 18 Brixton Hill",,https://maps.london.gov.uk/brownfield-site-register,192,Lambeth,E09000022,archived (end-date populated)
brownfield-land,2018-12-10,1705643,2018-12-10,,,BLR008,192,POINT(-0.127594 51.467074),brownfield-land,authoritative,BLR008,2017-12-15,geography,,yes,,0.23,28,28,"“Demolition of 365 Clapham Road, and warehouse structure and northern wing of 363 Clapham Road. Refurbishment of Listed Building at 363 Clapham Road including mansard roof extension to create 1 x 1 bed, 1 x 2 bed and 1 x 3 bed flats. Erection of replacement buildings to either side of 363 Clapham Road to provide a further 2 x 1 bed, 3 x 2 bed, 2 x 3 bed residential units. Erection of new building to the rear of 363-365 Clapham Road providing B1 office space at ground and lower ground floor level. Upper floors to comprise 6 x 1 bed, 10 x 2 bed, and 2 x 3 bed flats.",,not-owned-by-a-public-authority,2016-08-19,https://planning.lambeth.gov.uk/online-applications/applicationDetails.do?activeTab=summary&keyVal=O347R3BOHZ300,permissioned,full-planning-permission,,363-365 Clapham Road,,http://lambethopenmappingdata-lambethcouncil.opendata.arcgis.com/datasets/brownfield-land-register,192,Lambeth,E09000022,archived (end-date populated)
brownfield-land,2021-12-15,1705644,2017-12-23,,,BLR009,192,POINT(-0.122679 51.489298),brownfield-land,authoritative,BLR009,2017-12-15,geography,,yes,,0.19,166,166,"Demolition of all structures associated with the petrol filling station and redevelopment of the site to provide a residential-led, mixed use development, comprising the retention and refurbishment of Vintage house and development of ground plus 24 storeys in the form of two towers, linked at ground to fifth floor, and consisting of retail/restaurant use (Use Class A1/A3), office (Use Class B1) and 166 residential units.",,not-owned-by-a-public-authority,2017-10-13,https://planning.lambeth.gov.uk/online-applications/applicationDetails.do?activeTab=summary&keyVal=O2AEV2BO0GI00,permissioned,full-planning-permission,,"Texaco Garage, 36-46 Albert Embankment",,https://maps.london.gov.uk/brownfield-site-register,192,Lambeth,E09000022,archived (end-date populated)
brownfield-land,2019-12-20,1705645,2017-12-24,,,BLR010,192,POINT(-0.126674 51.469497),brownfield-land,authoritative,BLR010,2017-12-15,geography,,yes,,0.19,62,62,"“Redevelopment of the site involving demolition of existing building and erection of a building up to 9 storeys in height plus basement level to provide offices (Use Class B1) at lower ground and ground floor, a cafe (Use Class A1) at ground floor and 62 residential units (Use Class C3) at upper floor levels.",,not-owned-by-a-public-authority,2017-06-21,https://planning.lambeth.gov.uk/online-applications/applicationDetails.do?activeTab=summary&keyVal=OH7S7DBOFLE00,permissioned,full-planning-permission,,340A Clapham Road,,https://maps.london.gov.uk/brownfield-site-register,192,Lambeth,E09000022,archived (end-date populated)
brownfield-land,2018-12-10,1705646,2018-12-10,,,BLR011,192,POINT(-0.121331 51.443566),brownfield-land,authoritative,BLR011,2017-12-15,geography,,yes,,0.13,11,11,Redevelopment of the site involving the demolition of the existing former Care Home and erection of a 3 storey building to provide 11 residential units,,not-owned-by-a-public-authority,2017-09-15,https://planning.lambeth.gov.uk/online-applications/applicationDetails.do?activeTab=summary&keyVal=ODWH22BOIPH00,permissioned,full-planning-permission,,18-18A Palace Road,,http://lambethopenmappingdata-lambethcouncil.opendata.arcgis.com/datasets/brownfield-land-register,192,Lambeth,E09000022,archived (end-date populated)
brownfield-land,2021-12-15,1705647,2017-12-26,,,BLR012,192,POINT(-0.10683 51.439295),brownfield-land,authoritative,BLR012,2017-12-15,geography,,yes,,0.09,9,9,"“Demolition of the existing B1 unit and erection of a part 3 and part 4 storey building to provide a B1 unit at basement and ground level, and 9 residential dwellings above.",,not-owned-by-a-public-authority,2017-09-20,https://planning.lambeth.gov.uk/online-applications/applicationDetails.do?activeTab=summary&keyVal=OQEK6SBOKBH00,permissioned,full-planning-permission,,151 Palace Road,,https://maps.london.gov.uk/brownfield-site-register,192,Lambeth,E09000022,archived (end-date populated)
brownfield-land,2018-12-10,1705648,2018-12-10,,,BLR013,192,POINT(-0.112445 51.46399),brownfield-land,authoritative,BLR013,2017-12-15,geography,,yes,,0.08,37,37,Part of Lambeth Local Plan allocated site (Site 15). Demolition of the existing public house and redevelopment to provide a mixed-use development comprising 37 residential dwellings (Use Class C3) and flexible commercial floorspace (A1/A2/A3/B1/D1) in a nine storey building.,,not-owned-by-a-public-authority,2016-11-29,https://planning.lambeth.gov.uk/online-applications/applicationDetails.do?activeTab=summary&keyVal=NZCSTDBO0I800,permissioned,full-planning-permission,,"Canterbury Hotel, 8 Canterbury Crescent",,http://lambethopenmappingdata-lambethcouncil.opendata.arcgis.com/datasets/brownfield-land-register,192,Lambeth,E09000022,archived (end-date populated)
brownfield-land,2020-12-15,1705649,2017-12-28,,,BLR014,192,POINT(-0.118721 51.454909),brownfield-land,authoritative,BLR014,2017-12-15,geography,,yes,,0.06,7,7,Erection of a six storey building including lower ground level and mansard roof to provide seven self contained flats.,,not-owned-by-a-public-authority,2017-06-15,https://planning.lambeth.gov.uk/online-applications/applicationDetails.do?activeTab=summary&keyVal=OEBQZMBOJAK00,permissioned,full-planning-permission,,85 Brixton Hill,,https://maps.london.gov.uk/brownfield-site-register,192,Lambeth,E09000022,archived (end-date populated)
brownfield-land,2018-12-10,1705650,2018-12-10,,,BLR015,192,POINT(-0.079098 51.420183),brownfield-land,authoritative,BLR015,2017-12-15,geography,,yes,,0.04,8,8,Erection of a part two storey and part three storey building to provide 8 self-contained residential units with associated communal amenity area.,,not-owned-by-a-public-authority,2015-08-03,https://planning.lambeth.gov.uk/online-applications/applicationDetails.do?activeTab=summary&keyVal=NP20P2BOMEG00,permissioned,full-planning-permission,,Land rear of 77-79 Westow Hill,,http://lambethopenmappingdata-lambethcouncil.opendata.arcgis.com/datasets/brownfield-land-register,192,Lambeth,E09000022,archived (end-date populated)
brownfield-land,2018-12-10,1705651,2018-12-10,,,BLR016,192,POINT(-0.116516 51.487499),brownfield-land,authoritative,BLR016,2017-12-15,geography,,yes,,0.03,9,9,Demolition of existing building and the erection of six storey block providing a total of 15 Class C3 units.,,not-owned-by-a-public-authority,2017-10-13,https://planning.lambeth.gov.uk/online-applications/applicationDetails.do?activeTab=summary&keyVal=OFRL0QBOL9X00,permissioned,full-planning-permission,,"Rising Sun House, 133 Vauxhall Street",,http://lambethopenmappingdata-lambethcouncil.opendata.arcgis.com/datasets/brownfield-land-register,192,Lambeth,E09000022,archived (end-date populated)
brownfield-land,2019-12-20,1705652,2018-12-17,,,BLR017,192,POINT(-0.138776 51.45763),brownfield-land,authoritative,BLR017,2017-12-15,geography,,yes,,1.41,293,293,"“Demolition of the existing buildings and the redevelopment of the site incorporating the erection of six buildings ranging from four to 10 storeys above ground plus landscaped gardens and public square. Mixed-use scheme comprises a waste transfer facility at basement level, B1 office accommodation, A3 café and up to 297 residential units.",,not-owned-by-a-public-authority,2018-03-29,https://planning.lambeth.gov.uk/online-applications/applicationDetails.do?keyVal=OL40Z6BOKOL00&activeTab=summary,permissioned,full-planning-permission,,44 Clapham Common South Side,,http://lambethopenmappingdata-lambethcouncil.opendata.arcgis.com/datasets/brownfield-land-register,192,Lambeth,E09000022,archived (end-date populated)
brownfield-land,2020-12-15,1705653,2018-12-17,,,BLR018,192,POINT(-0.104761 51.422833),brownfield-land,authoritative,BLR018,2017-12-15,geography,,yes,,0.11,6,6,"“Erection of a three storey building comprising office (B1 use class) on ground floor, 9 self-contained residential flats on first and second floors (C3 use class), the creation of a service access, associated hard and soft landscaping, cycle parking and refuse and recycling storage.",,not-owned-by-a-public-authority,2017-05-05,https://planning.lambeth.gov.uk/online-applications/applicationDetails.do?activeTab=summary&keyVal=OL66ZMBOKQK00,permissioned,full-planning-permission,,260 Knight's Hill,,http://lambethopenmappingdata-lambethcouncil.opendata.arcgis.com/datasets/brownfield-land-register,192,Lambeth,E09000022,archived (end-date populated)
brownfield-land,2018-12-10,1705654,2018-12-10,,,BLR019,192,POINT(-0.141662 51.457101),brownfield-land,authoritative,BLR019,2017-12-15,geography,,yes,,0.09,7,7,Demolition of the existing building and garages for the construction of a residential building with 15 dwellings with highway access and associated works,,not-owned-by-a-public-authority,2016-12-14,https://planning.lambeth.gov.uk/online-applications/applicationDetails.do?keyVal=OE8KPOBOJ7B00&activeTab=summary,permissioned,full-planning-permission,,"John Vetch House, Elms Road",,http://lambethopenmappingdata-lambethcouncil.opendata.arcgis.com/datasets/brownfield-land-register,192,Lambeth,E09000022,archived (end-date populated)
brownfield-land,2022-12-15,1705655,2019-12-20,,,BLR020,192,POINT(-0.118361 51.46821),brownfield-land,authoritative,BLR020,2017-12-15,geography,,yes,,0.09,24,24,"“Demolition of the existing building and erection of a new building between two and six storeys in height, to provide a mixed-use scheme comprising of retail floorspace at ground floor and 24 residential units comprising of 10 x 1 bed, 10 x 2 beds and 4 x 3 beds across the development and associated landscaping.",,not-owned-by-a-public-authority,2019-02-05,https://planning.lambeth.gov.uk/online-applications/applicationDetails.do?activeTab=summary&keyVal=O4YKWIBO0GI00,permissioned,full-planning-permission,,2-7 Stockwell Green,,http://lambethopenmappingdata-lambethcouncil.opendata.arcgis.com/datasets/brownfield-land-register,192,Lambeth,E09000022,archived (end-date populated)
brownfield-land,2022-12-15,1705656,2018-12-17,,,BLR021,192,POINT(-0.09733 51.470691),brownfield-land,authoritative,BLR021,2017-12-15,geography,,yes,,0.08,8,8,Erection of a 2 storey building to provide 4 x 3 bed dwelling houses and 4 x 1 bed apartments to land at the rear of Viking House.,,not-owned-by-a-public-authority,2018-11-26,https://planning.lambeth.gov.uk/online-applications/applicationDetails.do?activeTab=summary&keyVal=ORYE8EBOMN400,permissioned,full-planning-permission,,"Land to rear of Viking House, Denmark Road",,http://lambethopenmappingdata-lambethcouncil.opendata.arcgis.com/datasets/brownfield-land-register,192,Lambeth,E09000022,archived (end-date populated)
brownfield-land,2021-12-15,1705657,2018-12-17,,,BLR022,192,POINT(-0.131237 51.469863),brownfield-land,authoritative,BLR022,2017-12-15,geography,,yes,,0.06,14,14,"“Demolition of existing vacant public house and erection of a five storey (plus basement) building to provide a ground floor/basement commercial unit (Use Class A1, A2, A3 or A4) and 14 residential units above.",,not-owned-by-a-public-authority,2018-04-06,https://planning.lambeth.gov.uk/online-applications/applicationDetails.do?activeTab=makeComment&keyVal=O4G9WSBOK2J00,permissioned,full-planning-permission,,184 Larkhall Lane,,http://lambethopenmappingdata-lambethcouncil.opendata.arcgis.com/datasets/brownfield-land-register,192,Lambeth,E09000022,archived (end-date populated)
brownfield-land,2018-12-10,1705658,2018-12-10,,,BLR023,192,POINT(-0.10647 51.45705),brownfield-land,authoritative,BLR023,2017-12-15,geography,,yes,,0.04,5,5,Demolition of existing vacant health centre and erection of 3 storey building with additional mansard roof level to provide 10 self-contained flats (Use Class C3).,,not-owned-by-a-public-authority,2023-05-18,https://planning.lambeth.gov.uk/online-applications/applicationDetails.do?keyVal=RITOEWBOG4K00&activeTab=summary,permissioned,full-planning-permission,,143-149 Railton Road,,http://lambethopenmappingdata-lambethcouncil.opendata.arcgis.com/datasets/brownfield-land-register,192,Lambeth,E09000022,archived (end-date populated)
brownfield-land,2020-12-15,1705659,2018-12-17,,,BLR024,192,POINT(-0.111203 51.498008),brownfield-land,authoritative,BLR024,2017-12-15,geography,,yes,,0.02,6,6,Demolition of 2 existing properties (2 & 4 Hercules Road) and construction of eight storey development with two basement levels to create flexible retail use at ground and basement level and 8 residential dwellings above.,,not-owned-by-a-public-authority,2018-06-22,https://planning.lambeth.gov.uk/online-applications/applicationDetails.do?activeTab=summary&keyVal=ONZNCQBOH3X00,permissioned,full-planning-permission,,2-4 Hercules Road,,http://lambethopenmappingdata-lambethcouncil.opendata.arcgis.com/datasets/brownfield-land-register,192,Lambeth,E09000022,archived (end-date populated)
brownfield-land,2019-12-20,1705660,2017-12-15,,,BLR025,192,POINT(-0.086676 51.420577),brownfield-land,authoritative,BLR025,2017-12-15,geography,,,,6.86,503,503,Redevelopment of Central Hill Estate to provide additional homes.,,owned-by-a-public-authority,,,not-permissioned,,,Central Hill Estate,,http://lambethopenmappingdata-lambethcouncil.opendata.arcgis.com/datasets/brownfield-land-register,192,Lambeth,E09000022,archived (end-date populated)
brownfield-land,2019-12-20,1705661,2017-12-15,,,BLR026,192,POINT(-0.111573 51.446745),brownfield-land,authoritative,BLR026,2017-12-15,geography,,,,4.2,159,159,Redevelopment of Cressingham Gardens Estate to provide additional homes.,,owned-by-a-public-authority,,,not-permissioned,,,Cressingham Gardens,,http://lambethopenmappingdata-lambethcouncil.opendata.arcgis.com/datasets/brownfield-land-register,192,Lambeth,E09000022,archived (end-date populated)
brownfield-land,2019-12-20,1705662,2017-12-15,,,BLR027,192,POINT(-0.127103 51.464639),brownfield-land,authoritative,BLR027,2017-12-15,geography,,,,3.15,236,236,Redevelopment of Fenwick Estate to provide additional homes.,,owned-by-a-public-authority,,,not-permissioned,,,Fenwick Estate,,http://lambethopenmappingdata-lambethcouncil.opendata.arcgis.com/datasets/brownfield-land-register,192,Lambeth,E09000022,archived (end-date populated)
brownfield-land,2023-12-20,1705663,2019-12-20,,,BLR028,192,POINT(-0.139441 51.46984),brownfield-land,authoritative,BLR028,2017-12-15,geography,,yes,,2.84,181,181,"Lambeth Housing Zone site. “Partial redevelopment of the Westbury Estate comprising demolition of 89 existing homes and construction of eight new blocks (Use Class C3) between 4 and 8 storeys in height to provide up to 270 residential units, together with new and improved open space and public realm, playspace, vehicular and cycle parking and ancillary works.",,owned-by-a-public-authority,2019-09-26,https://planning.lambeth.gov.uk/online-applications/applicationDetails.do?activeTab=summary&keyVal=P0T1RVBOIWV00,permissioned,outline-planning-permission,,Westbury Estate,,http://lambethopenmappingdata-lambethcouncil.opendata.arcgis.com/datasets/brownfield-land-register,192,Lambeth,E09000022,archived (end-date populated)
brownfield-land,2019-12-20,1705664,2017-12-15,,,BLR029,192,POINT(-0.130305 51.478601),brownfield-land,authoritative,BLR029,2017-12-15,geography,,,,1.91,21,21,Lambeth Housing Zone site. Redevelopment of Hemans Estate to provide additional homes.,,owned-by-a-public-authority,,,not-permissioned,,,Hemans Estate,,http://lambethopenmappingdata-lambethcouncil.opendata.arcgis.com/datasets/brownfield-land-register,192,Lambeth,E09000022,archived (end-date populated)
brownfield-land,2020-12-15,1705665,2019-12-20,,,BLR030,192,POINT(-0.116633 51.477464),brownfield-land,authoritative,BLR030,2017-12-15,geography,,yes,,2.28,261,261,"Lambeth Housing Zone site. “Construction of a new building (4 to 6 storeys) on the corner of Dorset Road and Clapham Road to provide 30 residential units (Use Class C3) with associated parking and landscape works and; improvements to the ground floor of Wimborne House including extension and conversion of the existing Caretakers room to provide a community room (Use Class D1) together with works to provide an additional entrance and refuse store. Demolition of 101 homes in Broadstone House, Sturminster House, Swanage House, Verwood House and Osmington House and the construction of new buildings arranged in five blocks (with varying heights of 3, 4 and 6 storeys and, a tower block of 16 storeys) to provide 332 new residential units (Use Class C3), up to 230sqm (Gross Internal Area) of retail floorspace (Use Class A1) and up to 325sqm (Gross Internal Area) of flexible floorspace (Use Class A1, D1, B1) and; highway works and parking layout improvements.",,owned-by-a-public-authority,2019-09-26,https://planning.lambeth.gov.uk/online-applications/applicationDetails.do?keyVal=P0T7CFBOIX100&activeTab=summary,permissioned,other,,South Lambeth Estate,,http://lambethopenmappingdata-lambethcouncil.opendata.arcgis.com/datasets/brownfield-land-register,192,Lambeth,E09000022,archived (end-date populated)
brownfield-land,2019-12-20,1705666,2019-12-20,,,BLR031,192,POINT(-0.114947 51.486431),brownfield-land,authoritative,BLR031,2017-12-15,geography,,yes,,1.31,248,248,Demolition of existing building and redevelopment of the site to provide a mixed-use development comprising the erection of 3 new buildings ranging from 4-17 storeys to provide 571 residential units and a replacement Tesco store of 4655 sqm,,not-owned-by-a-public-authority,2018-12-21,https://planning.lambeth.gov.uk/online-applications/applicationDetails.do?activeTab=summary&keyVal=PAP13OBOMQM00,permissioned,full-planning-permission,,"Tesco, 263-275 Kennington Lane",,http://lambethopenmappingdata-lambethcouncil.opendata.arcgis.com/datasets/brownfield-land-register,192,Lambeth,E09000022,archived (end-date populated)
brownfield-land,2020-12-15,1705667,2019-12-20,,,BLR032,192,POINT(-0.104788 51.491096),brownfield-land,authoritative,BLR032,2017-12-15,geography,,yes,,0.93,66,66,"Lambeth Housing Zone site. “Demolition of 18 homes (Use Class C3) and a garage block and the construction of a building to provide 84 residential flats (Use Class C3) comprising a part 4, part 5 storey northern block and a part 5, part 6, part 7 storey southern block, and a community room (Use Class D1), with associated parking, landscaping, access and ancillary works",,owned-by-a-public-authority,2019-04-18,https://planning.lambeth.gov.uk/online-applications/applicationDetails.do?activeTab=summary&keyVal=P0T4K3BOIWY00,permissioned,full-planning-permission,,Knight's Walk Estate,,http://lambethopenmappingdata-lambethcouncil.opendata.arcgis.com/datasets/brownfield-land-register,192,Lambeth,E09000022,archived (end-date populated)
brownfield-land,2025-12-20,1705669,2017-12-15,,,BLR034,192,POINT(-0.11222 51.456874),brownfield-land,authoritative,BLR034,2017-12-15,geography,,,,0.34,18,18,Lambeth Housing Zone site. Redevelopment of Fitch Court to provide additional homes.,,owned-by-a-public-authority,,,not-permissioned,,,Fitch Court,,http://lambethopenmappingdata-lambethcouncil.opendata.arcgis.com/datasets/brownfield-land-register,192,Lambeth,E09000022,archived (end-date populated)
brownfield-land,2020-09-01,1707531,2024-12-20,,,HOLP29,170,POINT(-0.329013 51.466832),brownfield-land,authoritative,HOLP29,2017-12-31,geography,,yes,,0.27,29,29,"Erection of 29 units of Retirement Living (Category II sheltered housing) apartments for the elderly with associated communal facilities, parking and landscaping",,not-owned-by-a-public-authority,2017-07-26,,permissioned,full-planning-permission,,"174 Twickenham Road,TW7 7DJ",,https://london-borough-of-hounslow.portaljs.com/london-borough-of-hounslow/brownfield_land/r/2ee1a2f8-ff83-42ab-9cea-0afd1d91fd78,170,Hounslow,E09000018,archived (end-date populated)
brownfield-land,2024-10-21,1707532,2024-12-20,,,HOLP3,170,POINT(-0.265946 51.493154),brownfield-land,authoritative,HOLP3,2017-12-31,geography,,yes,,0.52,137,137,"Comprehensive redevelopment of the site for residential led mixed use development, including the change of use and alterations and additions to Empire House to residential accommodation (C3) including at plant level with recladding and addition of balconies to the existing tower, provision of residential floorspace across the remainder of the site including a erection of a 7/8 storey block and four 3-storey townhouses on Essex Place and a 5-storey block on the corner of Essex Place and Acton Lane, creating a total of 137 dwellings, retention and additions to the existing commercial space (A1 to A3 uses) including additional storeys to existing units, landscaping works and improvements to the public realm, cycle parking and creation of on and off-street parking",,not-owned-by-a-public-authority,2015-04-02,,permissioned,full-planning-permission,,"Empire House,408-430, Chiswick High Road,Chiswick,W4 5TF",,https://london-borough-of-hounslow.portaljs.com/london-borough-of-hounslow/brownfield_land/r/2ee1a2f8-ff83-42ab-9cea-0afd1d91fd78,170,Hounslow,E09000018,archived (end-date populated)
brownfield-land,2023-01-10,1707533,2024-12-20,,,HOLP35,170,POINT(-0.366037 51.467302),brownfield-land,authoritative,HOLP35,2017-12-31,geography,,yes,,0.54,127,127,"Erection of a part 6 part 11 storey building to include 127 mixed residential units and 1,127sqm of commercial floor space at ground floor level with associated access, highways, car and cycle parking and landscaping",,not-owned-by-a-public-authority,2018-01-24,,permissioned,full-planning-permission,,"Land at Bell Road,TW3 3NR",,https://london-borough-of-hounslow.portaljs.com/london-borough-of-hounslow/brownfield_land/r/2ee1a2f8-ff83-42ab-9cea-0afd1d91fd78,170,Hounslow,E09000018,archived (end-date populated)
brownfield-land,2019-07-23,1707534,2024-12-20,,,HOLP38,170,POINT(-0.353844 51.471541),brownfield-land,authoritative,HOLP38,2017-12-31,geography,,yes,,1.23,125,125,"Redevelopment of the site to provide buildings of varying height between 2 and 11 storeys above ground, comprising 293 residential units (Use Class C3) and 926sqm of flexible commercial floorspace (Use Class A1-A3 / B1 / D1) together with associated car parking, cycle parking, landscaping and infrastructure works.",,not-owned-by-a-public-authority,2012-03-21,,permissioned,full-planning-permission,,Hounslow House,,https://london-borough-of-hounslow.portaljs.com/london-borough-of-hounslow/brownfield_land/r/2ee1a2f8-ff83-42ab-9cea-0afd1d91fd78,170,Hounslow,E09000018,archived (end-date populated)
brownfield-land,2020-01-24,1707535,2024-12-20,,,HOLP40,170,POINT(-0.366294 51.470029),brownfield-land,authoritative,HOLP40,2017-12-31,geography,,yes,,0.3,40,40,Demolition of existing vacant/ redundant single storey building and erection of a building up to eight storey's in height containing with 74 flats and commercial/community space with uses A2/D1 on ground floor.,,not-owned-by-a-public-authority,2017-07-21,,permissioned,full-planning-permission,,"Land at Lampton Road,TW3 1JG",,https://london-borough-of-hounslow.portaljs.com/london-borough-of-hounslow/brownfield_land/r/2ee1a2f8-ff83-42ab-9cea-0afd1d91fd78,170,Hounslow,E09000018,archived (end-date populated)
brownfield-land,2020-03-01,1707537,2024-12-20,,,HOLP63,170,POINT(-0.409735 51.450465),brownfield-land,authoritative,HOLP63,2017-12-31,geography,,yes,,0.38,62,62,"Redevelopment of site to provide 62 apartments contained within two seperate blocks of four to six stories in height with roof gardens and access to, associated car parking, access and landscaping.",,owned-by-a-public-authority,2017-12-22,,permissioned,full-planning-permission,,"Fern Grove,TW14 9AY",,https://london-borough-of-hounslow.portaljs.com/london-borough-of-hounslow/brownfield_land/r/2ee1a2f8-ff83-42ab-9cea-0afd1d91fd78,170,Hounslow,E09000018,archived (end-date populated)
brownfield-land,2018-12-19,1707809,2017-11-24,,,FP1,181,POINT(-0.106456 51.564773),brownfield-land,authoritative,FP1,2017-11-24,geography,,yes,,0.31,53,53,no longer housing led,,not-owned-by-a-public-authority,,http://planning.islington.gov.uk/Northgate/PlanningExplorer/Generic/StdDetails.aspx?PT=Planning%20Applications%20On-Line&TYPE=PL/PlanningPK.xml&PARAM0=292597&XSLT=/Northgate/PlanningExplorer/SiteFiles/Skins/Islington/xslt/PL/PLDetailsSiteHistory.xslt&FT=Planning%20Application%20Details&PUBLIC=Y&XMLSIDE=&DAURI=PLANNING,not-permissioned,,,"Finsbury Park Core Site, Site C",,http://mapapp.islington.gov.uk/mapthatol/Login.aspx?user=public&utm_content=stcms2.islington.gov.uk,181,Islington,E09000019,archived (end-date populated)
brownfield-land,2018-12-19,1707810,2017-11-24,,,FP6,181,POINT(-0.108654 51.56292),brownfield-land,authoritative,FP6,2017-11-24,geography,,yes,,0.04,10,10,Site plan is available on Islington interactive mapping website. Specific site is identifiable via SiteReference and SiteNameAddress attribute data.,,unknown-ownership,,http://planning.islington.gov.uk/Northgate/PlanningExplorer/Generic/StdDetails.aspx?PT=Planning%20Applications%20On-Line&TYPE=PL/PlanningPK.xml&PARAM0=296519&XSLT=/Northgate/PlanningExplorer/SiteFiles/Skins/Islington/xslt/PL/PLDetailsSiteHistory.xslt&FT=Planning%20Application%20Details&PUBLIC=Y&XMLSIDE=/Northgate/PlanningExplorer/SiteFiles/Skins/Islington/Menus/PL.xml&DAURI=PLANNING,not-permissioned,,,"Cyma Service Station, 201A Seven Sisters Road",,http://mapapp.islington.gov.uk/mapthatol/Login.aspx?user=public&utm_content=stcms2.islington.gov.uk,181,Islington,E09000019,archived (end-date populated)
brownfield-land,2018-12-19,1707811,2017-11-24,,,HC4,181,POINT(-0.109299 51.551178),brownfield-land,authoritative,HC4,2017-11-24,geography,,yes,,0.13,21,21,no longer housing led,,not-owned-by-a-public-authority,,http://planning.islington.gov.uk/Northgate/PlanningExplorer/Generic/StdDetails.aspx?PT=Planning%20Applications%20On-Line&TYPE=PL/PlanningPK.xml&PARAM0=305745&XSLT=/Northgate/PlanningExplorer/SiteFiles/Skins/Islington/xslt/PL/PLDetailsSiteHistory.xslt&FT=Planning%20Application%20Details&PUBLIC=Y&XMLSIDE=/Northgate/PlanningExplorer/SiteFiles/Skins/Islington/Menus/PL.xml&DAURI=PLANNING,not-permissioned,,,11-13 Benwell Road,,http://mapapp.islington.gov.uk/mapthatol/Login.aspx?user=public&utm_content=stcms2.islington.gov.uk,181,Islington,E09000019,archived (end-date populated)
brownfield-land,2018-12-19,1707812,2021-12-14,,,KC4,181,POINT(-0.122534 51.538719),brownfield-land,authoritative,KC4,2017-11-24,geography,,yes,,0.2,28,28,no longer housing led,,not-owned-by-a-public-authority,,http://planning.islington.gov.uk/Northgate/PlanningExplorer/Generic/StdDetails.aspx?PT=Planning%20Applications%20On-Line&TYPE=PL/PlanningPK.xml&PARAM0=451521&XSLT=/Northgate/PlanningExplorer/SiteFiles/Skins/Islington/xslt/PL/PLDetailsSiteHistory.xslt&FT=Planning%20Application%20Details&PUBLIC=Y&XMLSIDE=/Northgate/PlanningExplorer/SiteFiles/Skins/Islington/Menus/PL.xml&DAURI=PLANNING,not-permissioned,,,176-178 York Way,,http://mapapp.islington.gov.uk/mapthatol/Login.aspx?user=public&utm_content=stcms2.islington.gov.uk,181,Islington,E09000019,archived (end-date populated)
brownfield-land,2018-12-19,1707814,2017-11-24,,,NH11,181,POINT(-0.12731 51.550594),brownfield-land,authoritative,NH11,2017-11-24,geography,,yes,,0.09,27,27,no longer housing led,,not-owned-by-a-public-authority,,http://planning.islington.gov.uk/Northgate/PlanningExplorer/Generic/StdDetails.aspx?PT=Planning%20Applications%20On-Line&TYPE=PL/PlanningPK.xml&PARAM0=319111&XSLT=/Northgate/PlanningExplorer/SiteFiles/Skins/Islington/xslt/PL/PLDetailsSiteHistory.xslt&FT=Planning%20Application%20Details&PUBLIC=Y&XMLSIDE=/Northgate/PlanningExplorer/SiteFiles/Skins/Islington/Menus/PL.xml&DAURI=PLANNING,not-permissioned,,,"Heywood House Hotel, 261 Camden Road",,http://mapapp.islington.gov.uk/mapthatol/Login.aspx?user=public&utm_content=stcms2.islington.gov.uk,181,Islington,E09000019,archived (end-date populated)
brownfield-land,2018-12-19,1707815,2017-11-24,,,P102226,181,POINT(-0.1012 51.56244),brownfield-land,authoritative,P102226,2017-11-24,geography,,yes,,0.02,3,3,completed,,not-owned-by-a-public-authority,2011-01-31,http://planning.islington.gov.uk/Northgate/PlanningExplorer/Generic/StdDetails.aspx?PT=PlanningApplicationsOn-Line&TYPE=PL/PlanningPK.xml&PARAM0=312659&XSLT=/Northgate/PlanningExplorer/SiteFiles/Skins/Islington/xslt/PL/PLDetailsSiteHistory.xslt&FT=Pla,permissioned,full-planning-permission,,"Schoolkeeper's House, Ambler Primary School, 80 Blackstock Road",,http://mapapp.islington.gov.uk/mapthatol/Login.aspx?user=public&utm_content=stcms2.islington.gov.uk,181,Islington,E09000019,archived (end-date populated)
brownfield-land,2018-12-19,1707816,2017-11-24,,,P110118,181,POINT(-0.114437 51.560864),brownfield-land,authoritative,P110118,2017-11-24,geography,,yes,,0.03,9,9,completed,,not-owned-by-a-public-authority,2013-02-15,http://planning.islington.gov.uk/Northgate/PlanningExplorer/Generic/StdDetails.aspx?PT=PlanningApplicationsOn-Line&TYPE=PL/PlanningPK.xml&PARAM0=313838&XSLT=/Northgate/PlanningExplorer/SiteFiles/Skins/Islington/xslt/PL/PLDetailsSiteHistory.xslt&FT=Pla,permissioned,full-planning-permission,,103A Seven Sisters Road,,http://mapapp.islington.gov.uk/mapthatol/Login.aspx?user=public&utm_content=stcms2.islington.gov.uk,181,Islington,E09000019,archived (end-date populated)
brownfield-land,2018-12-19,1707817,2017-11-24,,,P112819,181,POINT(-0.095613 51.529715),brownfield-land,authoritative,P112819,2017-11-24,geography,,yes,,0.05,190,190,completed,,not-owned-by-a-public-authority,2012-03-28,http://planning.islington.gov.uk/Northgate/PlanningExplorer/Generic/StdDetails.aspx?PT=PlanningApplicationsOn-Line&TYPE=PL/PlanningPK.xml&PARAM0=317223&XSLT=/Northgate/PlanningExplorer/SiteFiles/Skins/Islington/xslt/PL/PLDetailsSiteHistory.xslt&FT=Pla,permissioned,full-planning-permission,,"Block A, 257 City Road (Formerly known as 259 City Road)",,http://mapapp.islington.gov.uk/mapthatol/Login.aspx?user=public&utm_content=stcms2.islington.gov.uk,181,Islington,E09000019,archived (end-date populated)
brownfield-land,2018-12-19,1707818,2017-11-24,,,P120981,181,POINT(-0.127944 51.560793),brownfield-land,authoritative,P120981,2017-11-24,geography,,yes,,0.04,6,6,completed,,not-owned-by-a-public-authority,2013-05-01,http://planning.islington.gov.uk/Northgate/PlanningExplorer/Generic/StdDetails.aspx?PT=PlanningApplicationsOn-Line&TYPE=PL/PlanningPK.xml&PARAM0=318875&XSLT=/Northgate/PlanningExplorer/SiteFiles/Skins/Islington/xslt/PL/PLDetailsSiteHistory.xslt&FT=Pla,permissioned,full-planning-permission,,"The Good Intent Public House, 52 Wedmore Street",,http://mapapp.islington.gov.uk/mapthatol/Login.aspx?user=public&utm_content=stcms2.islington.gov.uk,181,Islington,E09000019,archived (end-date populated)
brownfield-land,2018-12-19,1707819,2017-11-24,,,P121605,181,POINT(-0.111718 51.523762),brownfield-land,authoritative,P121605,2017-11-24,geography,,yes,,0.08,7,7,completed,,not-owned-by-a-public-authority,2012-12-21,http://planning.islington.gov.uk/Northgate/PlanningExplorer/Generic/StdDetails.aspx?PT=PlanningApplicationsOn-Line&TYPE=PL/PlanningPK.xml&PARAM0=319738&XSLT=/Northgate/PlanningExplorer/SiteFiles/Skins/Islington/xslt/PL/PLDetailsSiteHistory.xslt&FT=Pla,permissioned,full-planning-permission,,"Cru House, 29-39 Mount Pleasant and 5 Rosebery Avenue",,http://mapapp.islington.gov.uk/mapthatol/Login.aspx?user=public&utm_content=stcms2.islington.gov.uk,181,Islington,E09000019,archived (end-date populated)
brownfield-land,2018-12-19,1707820,2017-11-24,,,P122066,181,POINT(-0.11405 51.560453),brownfield-land,authoritative,P122066,2017-11-24,geography,,yes,,0.05,3,3,completed,,not-owned-by-a-public-authority,2012-12-13,http://planning.islington.gov.uk/Northgate/PlanningExplorer/Generic/StdDetails.aspx?PT=PlanningApplicationsOn-Line&TYPE=PL/PlanningPK.xml&PARAM0=320532&XSLT=/Northgate/PlanningExplorer/SiteFiles/Skins/Islington/xslt/PL/PLDetailsSiteHistory.xslt&FT=Pla,permissioned,full-planning-permission,,136 Seven Sisters Road,,http://mapapp.islington.gov.uk/mapthatol/Login.aspx?user=public&utm_content=stcms2.islington.gov.uk,181,Islington,E09000019,archived (end-date populated)
brownfield-land,2018-12-19,1707821,2017-11-24,,,P2012/0450/FUL,181,POINT(-0.125357 51.562307),brownfield-land,authoritative,P2012/0450/FUL,2017-11-24,geography,,yes,,0.03,4,4,Site plan is available on Islington interactive mapping website. Specific site is identifiable via SiteReference and SiteNameAddress attribute data.. Demolition of existing 3 storey building comprising betting shop and 2 residential flats. Construction of new 4 storey building comprising 6 residential flats and other non housing development.,,unknown-ownership,2013-05-22,http://planning.islington.gov.uk/Northgate/PlanningExplorer/Generic/StdDetails.aspx?PT=PlanningApplicationsOn-Line&TYPE=PL/PlanningPK.xml&PARAM0=323412&XSLT=/Northgate/PlanningExplorer/SiteFiles/Skins/Islington/xslt/PL/PLDetailsSiteHistory.xslt&FT=PlanningApplicationDetails&PUBLIC=Y&XMLSIDE=/Northgate/PlanningExplorer/SiteFiles/Skins/Islington/Menus/PL.xml&DAURI=PLANNING,permissioned,full-planning-permission,,634-636 Holloway Road,,http://mapapp.islington.gov.uk/mapthatol/Login.aspx?user=public&utm_content=stcms2.islington.gov.uk,181,Islington,E09000019,archived (end-date populated)
brownfield-land,2018-12-19,1707822,2017-11-24,,,P2012/0630/FUL,181,POINT(-0.106394 51.523199),brownfield-land,authoritative,P2012/0630/FUL,2017-11-24,geography,,yes,,0.02,8,8,Site plan is available on Islington interactive mapping website. Specific site is identifiable via SiteReference and SiteNameAddress attribute data.. The demolition of the existing building and the construction of a new six storey building providing eight residential units to the first to fifth floors and other non housing development.,,unknown-ownership,2013-06-13,http://planning.islington.gov.uk/Northgate/PlanningExplorer/Generic/StdDetails.aspx?PT=PlanningApplicationsOn-Line&TYPE=PL/PlanningPK.xml&PARAM0=324087&XSLT=/Northgate/PlanningExplorer/SiteFiles/Skins/Islington/xslt/PL/PLDetailsSiteHistory.xslt&FT=PlanningApplicationDetails&PUBLIC=Y&XMLSIDE=/Northgate/PlanningExplorer/SiteFiles/Skins/Islington/Menus/PL.xml&DAURI=PLANNING,permissioned,full-planning-permission,,"Lower ground to 4th floor, Anita House, 15 Clerkenwell Close",,http://mapapp.islington.gov.uk/mapthatol/Login.aspx?user=public&utm_content=stcms2.islington.gov.uk,181,Islington,E09000019,archived (end-date populated)
brownfield-land,2018-12-19,1707823,2017-11-24,,,P2013/0930/FUL,181,POINT(-0.119118 51.531704),brownfield-land,authoritative,P2013/0930/FUL,2017-11-24,geography,,yes,,0.02,6,6,"Site plan is available on Islington interactive mapping website. Specific site is identifiable via SiteReference and SiteNameAddress attribute data.. Construction of 5 and 6 storey mixed-use building to provide 6 residential units on upper floors, with other non housing development at ground floor.",,unknown-ownership,2013-11-08,http://planning.islington.gov.uk/Northgate/PlanningExplorer/Generic/StdDetails.aspx?PT=PlanningApplicationsOn-Line&TYPE=PL/PlanningPK.xml&PARAM0=335223&XSLT=/Northgate/PlanningExplorer/SiteFiles/Skins/Islington/xslt/PL/PLDetailsSiteHistory.xslt&FT=PlanningApplicationDetails&PUBLIC=Y&XMLSIDE=/Northgate/PlanningExplorer/SiteFiles/Skins/Islington/Menus/PL.xml&DAURI=PLANNING,permissioned,full-planning-permission,,16 Northdown Street,,http://mapapp.islington.gov.uk/mapthatol/Login.aspx?user=public&utm_content=stcms2.islington.gov.uk,181,Islington,E09000019,archived (end-date populated)
brownfield-land,2018-12-19,1707826,2017-11-24,,,P2013/2437/FUL,181,POINT(-0.098709 51.526672),brownfield-land,authoritative,P2013/2437/FUL,2017-11-24,geography,,yes,,0.11,22,22,"Site plan is available on Islington interactive mapping website. Specific site is identifiable via SiteReference and SiteNameAddress attribute data.. Demolition of an existing two storey residential building (comprising 16 residnetial untis) and construction of a part 5, part 6 storey residential building for 38 units comprising of 7 x 1 bed flats, 25 x 2 bed flats and 6 x 3 bed flats, with landscaping and other associated works.",,unknown-ownership,2014-04-14,http://planning.islington.gov.uk/Northgate/PlanningExplorer/Generic/StdDetails.aspx?PT=PlanningApplicationsOn-Line&TYPE=PL/PlanningPK.xml&PARAM0=349109&XSLT=/Northgate/PlanningExplorer/SiteFiles/Skins/Islington/xslt/PL/PLDetailsSiteHistory.xslt&FT=PlanningApplicationDetails&PUBLIC=Y&XMLSIDE=/Northgate/PlanningExplorer/SiteFiles/Skins/Islington/Menus/PL.xml&DAURI=PLANNING,permissioned,full-planning-permission,,"Telfer House, 27 Lever Street",,http://mapapp.islington.gov.uk/mapthatol/Login.aspx?user=public&utm_content=stcms2.islington.gov.uk,181,Islington,E09000019,archived (end-date populated)
brownfield-land,2018-12-19,1707827,2017-11-24,,,P2013/2572/PRA,181,POINT(-0.117264 51.549013),brownfield-land,authoritative,P2013/2572/PRA,2017-11-24,geography,,yes,,0.05,5,5,Site plan is available on Islington interactive mapping website. Specific site is identifiable via SiteReference and SiteNameAddress attribute data.. Change of use from consented office floorspace (B1a use class) to residential use (C3 use class) comprised of 5 residential units.,,unknown-ownership,2013-09-04,http://planning.islington.gov.uk/Northgate/PlanningExplorer/Generic/StdDetails.aspx?PT=PlanningApplicationsOn-Line&TYPE=PL/PlanningPK.xml&PARAM0=349748&XSLT=/Northgate/PlanningExplorer/SiteFiles/Skins/Islington/xslt/PL/PLDetailsSiteHistory.xslt&FT=PlanningApplicationDetails&PUBLIC=Y&XMLSIDE=/Northgate/PlanningExplorer/SiteFiles/Skins/Islington/Menus/PL.xml&DAURI=PLANNING,permissioned,full-planning-permission,,"Unit 6, Lough Road West Development, 2 Cottage Road",,http://mapapp.islington.gov.uk/mapthatol/Login.aspx?user=public&utm_content=stcms2.islington.gov.uk,181,Islington,E09000019,archived (end-date populated)
brownfield-land,2018-12-19,1707828,2017-11-24,,,P2013/4477/PRA,181,POINT(-0.123048 51.559869),brownfield-land,authoritative,P2013/4477/PRA,2017-11-24,geography,,yes,,0.06,25,25,Site plan is available on Islington interactive mapping website. Specific site is identifiable via SiteReference and SiteNameAddress attribute data.. Change of use at 457 - 463 Holloway Road (Exc Ground Floor at 463) of office floorspace (B1a use class) to residential use (C3 use class) comprising of 25 residential units.,,unknown-ownership,2014-02-07,http://planning.islington.gov.uk/Northgate/PlanningExplorer/Generic/StdDetails.aspx?PT=PlanningApplicationsOn-Line&TYPE=PL/PlanningPK.xml&PARAM0=370195&XSLT=/Northgate/PlanningExplorer/SiteFiles/Skins/Islington/xslt/PL/PLDetailsSiteHistory.xslt&FT=PlanningApplicationDetails&PUBLIC=Y&XMLSIDE=/Northgate/PlanningExplorer/SiteFiles/Skins/Islington/Menus/PL.xml&DAURI=PLANNING,permissioned,full-planning-permission,,457-463 Holloway Road,,http://mapapp.islington.gov.uk/mapthatol/Login.aspx?user=public&utm_content=stcms2.islington.gov.uk,181,Islington,E09000019,archived (end-date populated)
brownfield-land,2018-12-19,1707829,2017-11-24,,,P2013/4758/FUL,181,POINT(-0.124983 51.552805),brownfield-land,authoritative,P2013/4758/FUL,2017-11-24,geography,,yes,,0.3,26,26,"Site plan is available on Islington interactive mapping website. Specific site is identifiable via SiteReference and SiteNameAddress attribute data.. Redevelopment of the site (including eight existing residential units) to provide residential dwellings through the erection of two buildings on the site. Building A is a L shaped building fronting onto Camden Road which is part 6, 5 and 4 storey's in height. Building B is a freestanding part 4 and 3 storey building at the rear of the site in the vicinity of the location of the recently demolished Bramber House. The proposal comprises of 34 residential units and includes the provision of a central amenity space on the site and other landscaping works, and other non housing development",,unknown-ownership,2014-08-19,http://planning.islington.gov.uk/Northgate/PlanningExplorer/Generic/StdDetails.aspx?PT=PlanningApplicationsOn-Line&TYPE=PL/PlanningPK.xml&PARAM0=373818&XSLT=/Northgate/PlanningExplorer/SiteFiles/Skins/Islington/xslt/PL/PLDetailsSiteHistory.xslt&FT=PlanningApplicationDetails&PUBLIC=Y&XMLSIDE=/Northgate/PlanningExplorer/SiteFiles/Skins/Islington/Menus/PL.xml&DAURI=PLANNING,permissioned,full-planning-permission,,"Bramber House, John Barnes Library & land to the rear, 275 Camden Road",,http://mapapp.islington.gov.uk/mapthatol/Login.aspx?user=public&utm_content=stcms2.islington.gov.uk,181,Islington,E09000019,archived (end-date populated)
brownfield-land,2018-12-19,1707830,2017-11-24,,,P2014/0781/FUL,181,POINT(-0.093466 51.52415),brownfield-land,authoritative,P2014/0781/FUL,2017-11-24,geography,,yes,,0.03,4,4,"Site plan is available on Islington interactive mapping website. Specific site is identifiable via SiteReference and SiteNameAddress attribute data.. Rear extension to existing residential unit including erection of first and second floor rear infill extension and second floor mansard roof extension, to create 5 no. self-contained residential flats (Use C3); alongsde other non housing development.",,unknown-ownership,2015-01-27,http://planning.islington.gov.uk/Northgate/PlanningExplorer/Generic/StdDetails.aspx?PT=PlanningApplicationsOn-Line&TYPE=PL/PlanningPK.xml&PARAM0=382695&XSLT=/Northgate/PlanningExplorer/SiteFiles/Skins/Islington/xslt/PL/PLDetailsSiteHistory.xslt&FT=PlanningApplicationDetails&PUBLIC=Y&XMLSIDE=/Northgate/PlanningExplorer/SiteFiles/Skins/Islington/Menus/PL.xml&DAURI=PLANNING,permissioned,full-planning-permission,,"The Trader, 142 - 146 Whitecross Street",,http://mapapp.islington.gov.uk/mapthatol/Login.aspx?user=public&utm_content=stcms2.islington.gov.uk,181,Islington,E09000019,archived (end-date populated)
brownfield-land,2018-12-19,1707831,2017-11-24,,,P2014/0950/FUL,181,POINT(-0.125857 51.548053),brownfield-land,authoritative,P2014/0950/FUL,2017-11-24,geography,,yes,,0.08,23,23,Site plan is available on Islington interactive mapping website. Specific site is identifiable via SiteReference and SiteNameAddress attribute data.. Redevelopment of the site to provide a 6 storey building comprising 23 residential units on upper levels and other non housing development. Residential units comprised of 16 x 2 bed flats and 7 x 3-bed flats.,,unknown-ownership,2014-07-18,http://planning.islington.gov.uk/Northgate/PlanningExplorer/Generic/StdDetails.aspx?PT=PlanningApplicationsOn-Line&TYPE=PL/PlanningPK.xml&PARAM0=385140&XSLT=/Northgate/PlanningExplorer/SiteFiles/Skins/Islington/xslt/PL/PLDetailsSiteHistory.xslt&FT=PlanningApplicationDetails&PUBLIC=Y&XMLSIDE=/Northgate/PlanningExplorer/SiteFiles/Skins/Islington/Menus/PL.xml&DAURI=PLANNING,permissioned,full-planning-permission,,"Goodinge Community Centre, 21 North Road",,http://mapapp.islington.gov.uk/mapthatol/Login.aspx?user=public&utm_content=stcms2.islington.gov.uk,181,Islington,E09000019,archived (end-date populated)
brownfield-land,2018-12-19,1707832,2017-11-24,,,P2015/0294/FUL,181,POINT(-0.12628 51.550038),brownfield-land,authoritative,P2015/0294/FUL,2017-11-24,geography,,yes,,0.38,12,12,"Site plan is available on Islington interactive mapping website. Specific site is identifiable via SiteReference and SiteNameAddress attribute data.. Demolition of a two storey block of 8 bedsit-flats. Construction of 16 new dwellings and the demolition of 22 single storey garage units to be replaced with 4 two-storey family houses. The application also includes associated parking, amenity space, refuse storage and recycling facilities.",,unknown-ownership,2015-04-28,http://planning.islington.gov.uk/Northgate/PlanningExplorer/Generic/StdDetails.aspx?PT=PlanningApplicationsOn-Line&TYPE=PL/PlanningPK.xml&PARAM0=413265&XSLT=/Northgate/PlanningExplorer/SiteFiles/Skins/Islington/xslt/PL/PLDetailsSiteHistory.xslt&FT=PlanningApplicationDetails&PUBLIC=Y&XMLSIDE=/Northgate/PlanningExplorer/SiteFiles/Skins/Islington/Menus/PL.xml&DAURI=PLANNING,permissioned,full-planning-permission,,"Estate Land, 1-8 Rowstock Gardens & Garages Opposite 77-84 Rowstock Gardens",,http://mapapp.islington.gov.uk/mapthatol/Login.aspx?user=public&utm_content=stcms2.islington.gov.uk,181,Islington,E09000019,archived (end-date populated)
brownfield-land,2018-12-19,1707833,2017-11-24,,,P2015/1197/FUL,181,POINT(-0.098357 51.539283),brownfield-land,authoritative,P2015/1197/FUL,2017-11-24,geography,,yes,,0.02,3,3,Site plan is available on Islington interactive mapping website. Specific site is identifiable via SiteReference and SiteNameAddress attribute data.. Internal and external alterations and extensions to the building (including existing 3 residential units). Creation of new third floor level to facilitate the creation of 6 residential units (gross). Provision of cycle storage and refuse facilities at the ground floor level. New fenestration to the existing building and the creation of a balcony at second floor level facing the library.,,unknown-ownership,2015-06-10,http://planning.islington.gov.uk/Northgate/PlanningExplorer/Generic/StdDetails.aspx?PT=PlanningApplicationsOn-Line&TYPE=PL/PlanningPK.xml&PARAM0=415085&XSLT=/Northgate/PlanningExplorer/SiteFiles/Skins/Islington/xslt/PL/PLDetailsSiteHistory.xslt&FT=PlanningApplicationDetails&PUBLIC=Y&XMLSIDE=/Northgate/PlanningExplorer/SiteFiles/Skins/Islington/Menus/PL.xml&DAURI=PLANNING,permissioned,full-planning-permission,,119 Essex Road,,http://mapapp.islington.gov.uk/mapthatol/Login.aspx?user=public&utm_content=stcms2.islington.gov.uk,181,Islington,E09000019,archived (end-date populated)
brownfield-land,2018-12-19,1707834,2017-11-24,,,P2015/2900/FUL,181,POINT(-0.121287 51.56199),brownfield-land,authoritative,P2015/2900/FUL,2017-11-24,geography,,yes,,0.07,15,15,Site plan is available on Islington interactive mapping website. Specific site is identifiable via SiteReference and SiteNameAddress attribute data.. Erection of four storey residential (C3 use class) building comprising 15 units with a associated landscaping and cycle parking.,,unknown-ownership,2015-12-08,http://planning.islington.gov.uk/Northgate/PlanningExplorer/Generic/StdDetails.aspx?PT=PlanningApplicationsOn-Line&TYPE=PL/PlanningPK.xml&PARAM0=420772&XSLT=/Northgate/PlanningExplorer/SiteFiles/Skins/Islington/xslt/PL/PLDetailsSiteHistory.xslt&FT=PlanningApplicationDetails&PUBLIC=Y&XMLSIDE=/Northgate/PlanningExplorer/SiteFiles/Skins/Islington/Menus/PL.xml&DAURI=PLANNING,permissioned,full-planning-permission,,52 Tollington Way,,http://mapapp.islington.gov.uk/mapthatol/Login.aspx?user=public&utm_content=stcms2.islington.gov.uk,181,Islington,E09000019,archived (end-date populated)
brownfield-land,2018-12-19,1707835,2017-11-24,,,P2015/2917/FUL,181,POINT(-0.094532 51.548681),brownfield-land,authoritative,P2015/2917/FUL,2017-11-24,geography,,yes,,0.06,10,10,Site plan is available on Islington interactive mapping website. Specific site is identifiable via SiteReference and SiteNameAddress attribute data.. Construction of a new 5-storey (inc lower ground floor) building providing 10 residential dwellings (C3) consisting of cycle storage area to rear and associated landscaping.,,unknown-ownership,2016-08-15,http://planning.islington.gov.uk/Northgate/PlanningExplorer/Generic/StdDetails.aspx?PT=PlanningApplicationsOn-Line&TYPE=PL/PlanningPK.xml&PARAM0=420875&XSLT=/Northgate/PlanningExplorer/SiteFiles/Skins/Islington/xslt/PL/PLDetailsSiteHistory.xslt&FT=PlanningApplicationDetails&PUBLIC=Y&XMLSIDE=/Northgate/PlanningExplorer/SiteFiles/Skins/Islington/Menus/PL.xml&DAURI=PLANNING,permissioned,full-planning-permission,,139A and 139B Grosvenor Avenue,,http://mapapp.islington.gov.uk/mapthatol/Login.aspx?user=public&utm_content=stcms2.islington.gov.uk,181,Islington,E09000019,archived (end-date populated)
brownfield-land,2018-12-19,1707836,2017-11-24,,,P2016/0139/FUL,181,POINT(-0.103547 51.522308),brownfield-land,authoritative,P2016/0139/FUL,2017-11-24,geography,,yes,,0.08,6,6,"Site plan is available on Islington interactive mapping website. Specific site is identifiable via SiteReference and SiteNameAddress attribute data.. Erection of roof extensions at third, fifth and sixth floor levels to create six residential units, and other non housing development.",,unknown-ownership,2017-05-17,http://planning.islington.gov.uk/Northgate/PlanningExplorer/Generic/StdDetails.aspx?PT=PlanningApplicationsOn-Line&TYPE=PL/PlanningPK.xml&PARAM0=437445&XSLT=/Northgate/PlanningExplorer/SiteFiles/Skins/Islington/xslt/PL/PLDetailsSiteHistory.xslt&FT=PlanningApplicationDetails&PUBLIC=Y&XMLSIDE=/Northgate/PlanningExplorer/SiteFiles/Skins/Islington/Menus/PL.xml&DAURI=PLANNING,permissioned,full-planning-permission,,"Gate House, 1 St Johns Square",,http://mapapp.islington.gov.uk/mapthatol/Login.aspx?user=public&utm_content=stcms2.islington.gov.uk,181,Islington,E09000019,archived (end-date populated)
brownfield-land,2018-12-19,1707837,2017-11-24,,,P2016/1576/PRA,181,POINT(-0.117714 51.556978),brownfield-land,authoritative,P2016/1576/PRA,2017-11-24,geography,,yes,,0.05,14,14,"Site plan is available on Islington interactive mapping website. Specific site is identifiable via SiteReference and SiteNameAddress attribute data.. Change of Use to Dwellings for use of the first, second and third floors of existing Class B1(a) office to 14 residential units (Class C3) in accordance with Class O of the Town and Country Planning (GPD) Order 2015.",,unknown-ownership,2016-06-09,http://planning.islington.gov.uk/Northgate/PlanningExplorer/Generic/StdDetails.aspx?PT=PlanningApplicationsOn-Line&TYPE=PL/PlanningPK.xml&PARAM0=440630&XSLT=/Northgate/PlanningExplorer/SiteFiles/Skins/Islington/xslt/PL/PLDetailsSiteHistory.xslt&FT=PlanningApplicationDetails&PUBLIC=Y&XMLSIDE=/Northgate/PlanningExplorer/SiteFiles/Skins/Islington/Menus/PL.xml&DAURI=PLANNING,permissioned,full-planning-permission,,"Nags Head Centre, 402-406 Holloway Road",,http://mapapp.islington.gov.uk/mapthatol/Login.aspx?user=public&utm_content=stcms2.islington.gov.uk,181,Islington,E09000019,archived (end-date populated)
brownfield-land,2018-12-19,1707840,2017-11-24,,,P2017/0415/PRA,181,POINT(-0.107817 51.551441),brownfield-land,authoritative,P2017/0415/PRA,2017-11-24,geography,,yes,,0.04,6,6,"Site plan is available on Islington interactive mapping website. Specific site is identifiable via SiteReference and SiteNameAddress attribute data.. Change of Use of lower ground floor, first floor and second floor (excluding ground floor) from Office Use (Class B1) to 6 x 1 bedroom residential flats (Class C3).",,unknown-ownership,2017-03-23,http://planning.islington.gov.uk/Northgate/PlanningExplorer/Generic/StdDetails.aspx?PT=PlanningApplicationsOn-Line&TYPE=PL/PlanningPK.xml&PARAM0=448686&XSLT=/Northgate/PlanningExplorer/SiteFiles/Skins/Islington/xslt/PL/PLDetailsSiteHistory.xslt&FT=PlanningApplicationDetails&PUBLIC=Y&XMLSIDE=/Northgate/PlanningExplorer/SiteFiles/Skins/Islington/Menus/PL.xml&DAURI=PLANNING,permissioned,full-planning-permission,,"Lower ground, 1st & 2nd floor, 30 Drayton Park",,http://mapapp.islington.gov.uk/mapthatol/Login.aspx?user=public&utm_content=stcms2.islington.gov.uk,181,Islington,E09000019,archived (end-date populated)
brownfield-land,2020-12-23,1708032,2019-12-23,,,17/00260/FUL,100,POINT(-0.101428 51.405781),brownfield-land,authoritative,17/00260/FUL,2018-11-30,geography,,yes,,0.08,9,9,Demolition of existing buildings: erection of three storey building comprising 5 one bedroom and 4 two bedroom flats: formation of vehicular access and provision of associated off-street parking ; provision of traffic-light system to vehicle access ; provision of refuse storage and cycle storage ; provision of associated landscaping and boundary treatment (amended description). http://publicaccess2.croydon.gov.uk/online-applications/applicationDetails.do?activeTab=summary&keyVal=OK0OWYJLM5X00,,not-owned-by-a-public-authority,2017-03-17,http://publicaccess2.croydon.gov.uk/online-applications/applicationDetails.do?activeTab=summary&keyVal=OK0OWYJLM5X00,permissioned,full-planning-permission,,"55, Bensham Grove",,http://publicaccess2.croydon.gov.uk/online-applications/applicationDetails.do?activeTab=summary&keyVal=OK0OWYJLM5X00,100,Croydon,E09000008,archived (end-date populated)
brownfield-land,2020-12-23,1708051,2019-12-23,,,17/00663/FUL,100,POINT(-0.115298 51.394018),brownfield-land,authoritative,17/00663/FUL,2018-11-30,geography,,yes,,0.06,12,12,"Demolition of existing Public House and erection of a 5 storey building providing 134sqm of Class A1/A2 use at ground floor, and 6 one bedroom, 4 two bedroom and 3 three bedroom flats above: formation of vehicular access and provision of associated car parking and secure cycle storage.. http://publicaccess2.croydon.gov.uk/online-applications/applicationDetails.do?activeTab=summary&keyVal=OL21HNJLMVP00",,not-owned-by-a-public-authority,2017-07-19,http://publicaccess2.croydon.gov.uk/online-applications/applicationDetails.do?activeTab=summary&keyVal=OL21HNJLMVP00,permissioned,full-planning-permission,,"The Wheatsheaf, 757 - 759, London Road",,http://publicaccess2.croydon.gov.uk/online-applications/applicationDetails.do?activeTab=summary&keyVal=OL21HNJLMVP00,100,Croydon,E09000008,archived (end-date populated)
brownfield-land,2020-12-23,1708054,2019-12-23,,,17/02230/FUL,100,POINT(-0.142716 51.337054),brownfield-land,authoritative,17/02230/FUL,2018-11-30,geography,,yes,,0.16,8,8,Erection of 2 two storey buildings comprising 8 two bedroom flats: formation of access road and provision of associated parking. http://publicaccess2.croydon.gov.uk/online-applications/applicationDetails.do?activeTab=summary&keyVal=OPBZA9JLI6V00,,not-owned-by-a-public-authority,2017-07-28,http://publicaccess2.croydon.gov.uk/online-applications/applicationDetails.do?activeTab=summary&keyVal=OPBZA9JLI6V00,permissioned,full-planning-permission,,"Land R/O 14a, 14b And 14c, Smitham Bottom Lane",,http://publicaccess2.croydon.gov.uk/online-applications/applicationDetails.do?activeTab=summary&keyVal=OPBZA9JLI6V00,100,Croydon,E09000008,archived (end-date populated)
brownfield-land,2020-12-23,1708055,2019-12-23,,,17/02391/FUL,100,POINT(-0.108588 51.384539),brownfield-land,authoritative,17/02391/FUL,2018-11-30,geography,,yes,,0.06,9,9,"Demolition of exiting building: and erection of four/five storey building comprising 5 one bedroom, 1 two bedroom and 3 three bedroom flats: using rear vehicular access and provision of associated access, refuse and parking facilities. http://publicaccess2.croydon.gov.uk/online-applications/applicationDetails.do?activeTab=summary&keyVal=OPQWSCJLIHA00",,not-owned-by-a-public-authority,2017-08-01,http://publicaccess2.croydon.gov.uk/online-applications/applicationDetails.do?activeTab=summary&keyVal=OPQWSCJLIHA00,permissioned,full-planning-permission,,"344, London Road",,http://publicaccess2.croydon.gov.uk/online-applications/applicationDetails.do?activeTab=summary&keyVal=OPQWSCJLIHA00,100,Croydon,E09000008,archived (end-date populated)
brownfield-land,2019-12-10,1709388,2019-12-10,,,132613,366,POINT(0.018219 51.628232),brownfield-land,authoritative,132613,2017-12-06,geography,,yes,,0.1,5,5,Conversion of roof spaces to form 5 x 1 bedroom self-contained flats (one flat to each block) involving front and rear dormer windows toall blocks and installation of ramp to blocks 4 and 5.,,not-owned-by-a-public-authority,2015-04-22,,not-permissioned,full-planning-permission,,1-20 Forest Court,,https://maps.london.gov.uk/brownfield-site-register,366,Waltham Forest,E09000031,archived (end-date populated)
brownfield-land,2018-10-20,1709393,2021-12-14,,,160233,366,POINT(-0.016625 51.608179),brownfield-land,authoritative,160233,2017-12-06,geography,,yes,,0.15,30,30,Residential development. Demolition of existing building and construction of 2 to 5 storey building including basement to provide 30 residential units (14 x 1 bed 11 x 2 bed and 5 x 3 bed). Amenitys space provision of 20 x surface level car parking spaces,,not-owned-by-a-public-authority,2017-06-20,,permissioned,full-planning-permission,,Rowden Parade,,https://maps.london.gov.uk/brownfield-site-register,366,Waltham Forest,E09000031,archived (end-date populated)
brownfield-land,2020-12-03,1709394,2021-12-14,,,162160,366,POINT(0.011805 51.568767),brownfield-land,authoritative,162160,2017-12-06,geography,,yes,,0.15,9,9,Partial demolition of the existing building and construction of part one part two-storey rear extension and a three-storey building comprising of retail floor space (Class use A1/A3 and nine residential units (3 x 1 bedroom 5 x 2 bedroom 1 x 3 bedroo,,not-owned-by-a-public-authority,2017-01-25,,permissioned,full-planning-permission,,676-678 High Road Leytonstone,,https://maps.london.gov.uk/brownfield-site-register,366,Waltham Forest,E09000031,archived (end-date populated)
brownfield-land,2020-09-11,1709395,2021-12-14,,,171712,366,POINT(6e-05 51.607608),brownfield-land,authoritative,171712,2017-12-06,geography,,yes,,0.03,5,5,Construction of an additional floor and three storey infill side extension to provide a mixed use scheme comprising retail (Class A1) dental surgery (Class D1)and five residential units (Class C3) comprising 4 x 1 bedroom and 1 x 2 bedroom units,,not-owned-by-a-public-authority,2017-09-29,,permissioned,full-planning-permission,,428 Hale End Road,,https://maps.london.gov.uk/brownfield-site-register,366,Waltham Forest,E09000031,archived (end-date populated)
brownfield-land,2019-12-10,1709399,2021-12-14,,,182249,366,POINT(-0.003568 51.611168),brownfield-land,authoritative,182249,2017-12-06,geography,,yes,,1.03,48,48,Demolition of existing buildings and construction of 4 buildings ranging from 3 to 5 storeys in height comprising 119 residential unitswith associated parking and landscaping,,owned-by-a-public-authority,2019-01-25,,permissioned,full-planning-permission,,Naseberry Court 2 Meriam Close SSA11,,https://maps.london.gov.uk/brownfield-site-register,366,Waltham Forest,E09000031,archived (end-date populated)
brownfield-land,2019-12-10,1709400,2021-12-14,,,183989,366,POINT(-0.017479 51.582898),brownfield-land,authoritative,183989,2017-12-06,geography,,yes,,0.36,90,90,"Demolition of existing office and construction of a part-four and part-sixteen storey building comprising a commercial unit (flexible Use Class B1(a)/A1/A3/A4/D1) at ground level; 91-residential units (Use Class C3;) and a two-storey building comprising a nursery (Use Class D1) together with associated landscaping improvements, public realm works, car parking and refuse and cycle storage",,owned-by-a-public-authority,2019-08-16,,permissioned,full-planning-permission,,Juniper House Hoe Street,,https://maps.london.gov.uk/brownfield-site-register,366,Waltham Forest,E09000031,archived (end-date populated)
brownfield-land,2019-07-19,1709402,2021-12-14,,,182917,366,POINT(-0.042446 51.587408),brownfield-land,authoritative,182917,2017-12-06,geography,,yes,,0.73,350,350,"Redevelopment of the existing car park site involving demolition of existing structures and the construction of a building ranging from 5 to 21 storeys in height comprising 350 residential units (Use ClassC3) approximately 1,650 sqm of flexible commercial floor space (Use Class A1 to A4, B1, D1 or D2), community cycle hub, ancillary refuse stores, servicing, parking, landscaping and associated public realm works.",,owned-by-a-public-authority,2019-02-18,,permissioned,full-planning-permission,,Blackhorse Road Car Park (TfL Forest Road Carpark - Part of BHL site 1),,https://maps.london.gov.uk/brownfield-site-register,366,Waltham Forest,E09000031,archived (end-date populated)
brownfield-land,2019-12-10,1709404,2019-12-10,,,170893,366,POINT(-0.042163 51.587934),brownfield-land,authoritative,170893,2017-12-06,geography,,yes,,1.25,337,337,"Demolition of existing building(s) and redevelopment of the site to provide three buildings ranging from 2 to 10 storeys in height, providing a residential led mixed-use development containing 337 residential units (Use Class C3) and 1750 sq.m (GIA) of commercial floorspace (Use Classes A1, A2, A3, A4, B1 and D2) with associated ancillary development to include 19 car parking spaces, cycle parking,hard and soft landscaping and access roads",,not-owned-by-a-public-authority,2017-10-09,,permissioned,full-planning-permission,,"Forest Works, 1 Forest Road",,https://maps.london.gov.uk/brownfield-site-register,366,Waltham Forest,E09000031,archived (end-date populated)
brownfield-land,2019-12-10,1709406,2019-12-10,,,180378,366,POINT(-0.038589 51.592829),brownfield-land,authoritative,180378,2017-12-06,geography,,yes,,0.09,12,12,A mixed use redevelopment. Construction of 3 to 4 storey building involving part ground first second and third floor extensions to provide 9 self-contained flats (2x1 bed 2x2 bed 5x3 bed). Provision of 1190sqm retail space (use class A1 B1 and B8),,not-owned-by-a-public-authority,2018-03-13,,permissioned,other,,30-32 Sutherland Road,,https://maps.london.gov.uk/brownfield-site-register,366,Waltham Forest,E09000031,archived (end-date populated)
brownfield-land,2019-12-10,1709407,2019-12-10,,,160148,366,POINT(0.002935 51.567875),brownfield-land,authoritative,160148,2017-12-06,geography,,yes,,0.06,7,7,"Construction of two storey building including room in the roof with four rear dormer windows and six roof lights at front to provide 7 self-contained flats (2 x 3 bed, 2 x 2 bed, 2 x 1 bes & 1 studio). Provision of 4 car parking spaces, bin store and cycle store at front.",,not-owned-by-a-public-authority,2018-10-19,,permissioned,full-planning-permission,,15 Drayton Road,,https://maps.london.gov.uk/brownfield-site-register,366,Waltham Forest,E09000031,archived (end-date populated)
brownfield-land,2019-12-10,1709408,2019-12-10,,,153860,366,POINT(-0.000468 51.58439),brownfield-land,authoritative,153860,2018-12-11,geography,,yes,,0.156681,29,29,"Demolition of existing building and construction of three blocks (A, B& C) ranging 2 to 7 storeys in height to provide 29 residential units (7 x 1 bed, 15 x 2 bed, 5 x 3 bed self-contained flats and 2 x 2 bedroom dwelling houses) with 179sqm community space at ground floor level",,not-owned-by-a-public-authority,2017-03-09,,permissioned,full-planning-permission,,245 Wood Street,,https://maps.london.gov.uk/brownfield-site-register,366,Waltham Forest,E09000031,archived (end-date populated)
brownfield-land,2021-04-01,1709409,2021-12-14,,,164164,366,POINT(-0.036907 51.590319),brownfield-land,authoritative,164164,2018-12-11,geography,,yes,,0.173561,28,28,"Demolition of existing buildings, construction of 5-storey replacement building and three storey side extension to Sutherland house in connection with the redevelopment of the site to provide 28 residential units (10 x 1 bedroom, 15 x 2 bedroom, 3 x 3 bedroom)and 439 sq.m of ground floor commercial floor space (Use Class B1), together with associated car parking, cycle parking and landscaping.",,not-owned-by-a-public-authority,2018-03-14,,permissioned,full-planning-permission,,37 Sutherland Road,,https://maps.london.gov.uk/brownfield-site-register,366,Waltham Forest,E09000031,archived (end-date populated)
brownfield-land,2020-10-14,1709415,2021-12-14,,,181707,366,POINT(0.011538 51.569913),brownfield-land,authoritative,181707,2018-12-11,geography,,yes,,0.250893,30,30,Prior Approval - Change of Use from office (Class B1) to residential (Class C3) to create 30 residential units.,,not-owned-by-a-public-authority,2018-08-15,,permissioned,other,,Lemna Road (Job Centre Plus in Leytonstone),,https://maps.london.gov.uk/brownfield-site-register,366,Waltham Forest,E09000031,archived (end-date populated)
brownfield-land,2021-02-04,1709417,2021-12-14,,,173950,366,POINT(-0.008923 51.571908),brownfield-land,authoritative,173950,2018-12-11,geography,,yes,,0.052323,8,8,https://builtenvironment.walthamforest.gov.uk/planning/index.html?fa=getApplication&id=34199,,not-owned-by-a-public-authority,2018-06-11,,permissioned,full-planning-permission,,"SNA Motors, 2 Skeltons Lane",,https://maps.london.gov.uk/brownfield-site-register,366,Waltham Forest,E09000031,archived (end-date populated)
brownfield-land,2019-12-10,1709418,2019-12-10,,,162568,366,POINT(-0.007765 51.562428),brownfield-land,authoritative,162568,2018-12-11,geography,,yes,,0.214881,14,14,Demolition of existing three storey building and the erection of a new part two/part three storey building creating 14 x 4 bedroom family houses and relocation of existing substation.,,not-owned-by-a-public-authority,2017-09-29,,permissioned,full-planning-permission,,Tyndall Gardens 60 Tyndall Road,,https://maps.london.gov.uk/brownfield-site-register,366,Waltham Forest,E09000031,archived (end-date populated)
brownfield-land,2021-07-01,1709419,2021-12-14,,,180761,366,POINT(-0.00758 51.575905),brownfield-land,authoritative,180761,2018-12-11,geography,,yes,,0.623784,22,22,https://builtenvironment.walthamforest.gov.uk/planning/index.html?fa=getApplication&id=47734,,owned-by-a-public-authority,2018-10-09,,permissioned,full-planning-permission,,92 Leyton Green Road & the Summerfield Centre,,https://maps.london.gov.uk/brownfield-site-register,366,Waltham Forest,E09000031,archived (end-date populated)
brownfield-land,2021-10-28,1709420,2021-12-14,,,180272,366,POINT(-0.017459 51.593994),brownfield-land,authoritative,180272,2018-12-11,geography,,yes,,0.012176,6,6,"Demolition of existing building and construction of three storey building with balconies on first and second floor amd front and side elevation, with associated refuse storage to create six residential units (1 x 1 bed, 2 x 2 bed and 3 x studios).",,not-owned-by-a-public-authority,2018-10-22,,permissioned,full-planning-permission,,"159 Chingford Road, Walthamstow, London, E17 4PN",,https://maps.london.gov.uk/brownfield-site-register,366,Waltham Forest,E09000031,archived (end-date populated)
brownfield-land,2019-05-05,1709423,2021-12-14,,,172620,366,POINT(0.007221 51.559709),brownfield-land,authoritative,172620,2018-12-11,geography,,yes,,0.046536,8,8,"Removal of existing car lot and portakabin offices and construction ofa three storey building to provide retail unit at ground floor and eight residential units at first and second floor (4 x 1 bedroom, 3 x2 bedroom, and 1 x 3 bedroom flats).",,not-owned-by-a-public-authority,2018-10-23,,permissioned,full-planning-permission,,"Hand Car Wash, 509-515 High Road Leytonstone",,https://maps.london.gov.uk/brownfield-site-register,366,Waltham Forest,E09000031,archived (end-date populated)
brownfield-land,2019-06-04,1709424,2019-12-10,,,172133,366,POINT(-0.013248 51.562746),brownfield-land,authoritative,172133,2018-12-11,geography,,yes,,0.017529,6,6,"Demolition of existing warehouse and redevelopment including construction of a two storey building with first floor rear roof terrace situated at front of site and single storey building with accommodation in the roof at rear of site with associated car parking,cycle parking, refuse/recycling storage and associated landscaping to provide six residential units (1 x 1 bedroom, 3 x 2 bedroom and 2 x 3 bedroom units).",,not-owned-by-a-public-authority,2018-10-29,,permissioned,full-planning-permission,,"Miller House, 30-30a Wilmot Road",,https://maps.london.gov.uk/brownfield-site-register,366,Waltham Forest,E09000031,archived (end-date populated)
brownfield-land,2018-12-17,1710595,2018-12-17,,,RBG-04,150,POINT(0.058681 51.475956),brownfield-land,authoritative,RBG-04,2017-12-22,geography,,yes,,4.41,328,328,“08/1972/F. Completed 2018.,,not-owned-by-a-public-authority,2009-07-10,https://www.royalgreenwich.gov.uk/info/200193/planning_applications_and_permissions/21/view_planning_applications_decisions_and_appeals,permissioned,full-planning-permission,,"“The Academy (former Royal Military Academy), Academy Rd Woolwich“",,,150,Greenwich,E09000011,archived (end-date populated)
brownfield-land,2019-12-17,1710596,2019-12-17,,,RBG-05,150,POINT(0.023706 51.460441),brownfield-land,authoritative,RBG-05,2017-12-22,geography,,yes,,5.04,595,595,“09/2269/R. Completed in 2019.,,not-owned-by-a-public-authority,2010-03-24,https://www.royalgreenwich.gov.uk/info/200193/planning_applications_and_permissions/21/view_planning_applications_decisions_and_appeals,permissioned,reserved-matters-approval,,"“Kidbrooke Village Phase 2, Kidbrooke Park Rd Kidbrooke“",,,150,Greenwich,E09000011,archived (end-date populated)
brownfield-land,2019-12-17,1710607,2019-12-17,,,RBG-16,150,POINT(-0.016355 51.477088),brownfield-land,authoritative,RBG-16,2017-12-22,geography,,yes,,0.03,9,9,“14/2868/F. Completed in 2019.,,not-owned-by-a-public-authority,2015-01-14,https://www.royalgreenwich.gov.uk/info/200193/planning_applications_and_permissions/21/view_planning_applications_decisions_and_appeals,permissioned,full-planning-permission,,“139 Greenwich High Rd Greenwich“,,,150,Greenwich,E09000011,archived (end-date populated)
brownfield-land,2018-12-17,1710608,2018-12-17,,,RBG-17,150,POINT(0.01239 51.497363),brownfield-land,authoritative,RBG-17,2017-12-22,geography,,yes,,0.43,224,224,“13/2874/F. Completed 2018.,,not-owned-by-a-public-authority,2014-03-31,https://www.royalgreenwich.gov.uk/info/200193/planning_applications_and_permissions/21/view_planning_applications_decisions_and_appeals,permissioned,full-planning-permission,,“Plot M0103 (land east of Barge Walk) Peninsula Riverside Greenwich“,,,150,Greenwich,E09000011,archived (end-date populated)
brownfield-land,2018-12-17,1710609,2018-12-17,,,RBG-18,150,POINT(0.005579 51.486625),brownfield-land,authoritative,RBG-18,2017-12-22,geography,,yes,,0.09,8,8,“14/0336/F. Completed 2018.,,not-owned-by-a-public-authority,2014-04-11,https://www.royalgreenwich.gov.uk/info/200193/planning_applications_and_permissions/21/view_planning_applications_decisions_and_appeals,permissioned,full-planning-permission,,"“St Joseph's Community Hall, Pelton Rd Greenwich“",,,150,Greenwich,E09000011,archived (end-date populated)
brownfield-land,2019-12-17,1710610,2019-12-17,,,RBG-19,150,POINT(0.051004 51.45056),brownfield-land,authoritative,RBG-19,2017-12-22,geography,,yes,,0.43,144,144,“13/2407/F. Completed in 2019.,,not-owned-by-a-public-authority,2014-05-15,https://www.royalgreenwich.gov.uk/info/200193/planning_applications_and_permissions/21/view_planning_applications_decisions_and_appeals,permissioned,full-planning-permission,,“Grove Market Place & 60 Eltham High St Eltham“,,,150,Greenwich,E09000011,archived (end-date populated)
brownfield-land,2019-12-17,1710611,2019-12-17,,,RBG-20,150,POINT(0.060115 51.489555),brownfield-land,authoritative,RBG-20,2017-12-22,geography,,yes,,0.09,9,9,“14/1324/F. Completed in 2019.,,not-owned-by-a-public-authority,2014-07-30,https://www.royalgreenwich.gov.uk/info/200193/planning_applications_and_permissions/21/view_planning_applications_decisions_and_appeals,permissioned,full-planning-permission,,"“Former Woolwich Congregational Church, Rectory Place Woolwich“",,,150,Greenwich,E09000011,archived (end-date populated)
brownfield-land,2019-12-17,1710612,2019-12-17,,,RBG-21,150,POINT(0.064722 51.493323),brownfield-land,authoritative,RBG-21,2017-12-22,geography,,yes,,0.43,152,152,“14/1355/F. Completed in 2019.,,not-owned-by-a-public-authority,2014-12-05,https://www.royalgreenwich.gov.uk/info/200193/planning_applications_and_permissions/21/view_planning_applications_decisions_and_appeals,permissioned,full-planning-permission,,"“Callis Yard, Bunton St Woolwich“",,,150,Greenwich,E09000011,archived (end-date populated)
brownfield-land,2019-12-17,1710613,2019-12-17,,,RBG-22,150,POINT(0.01925 51.454394),brownfield-land,authoritative,RBG-22,2017-12-22,geography,,yes,,0.07,4,4,“14/2778/F. Completed in 2019.,,not-owned-by-a-public-authority,2014-12-16,https://www.royalgreenwich.gov.uk/info/200193/planning_applications_and_permissions/21/view_planning_applications_decisions_and_appeals,permissioned,full-planning-permission,,“76 Eltham Rd Eltham“,,,150,Greenwich,E09000011,archived (end-date populated)
brownfield-land,2019-12-17,1710614,2019-12-17,,,RBG-23,150,POINT(0.055445 51.450411),brownfield-land,authoritative,RBG-23,2017-12-22,geography,,yes,,0.07,7,7,“14/3388/F. Completed in 2019.,,not-owned-by-a-public-authority,2015-02-11,https://www.royalgreenwich.gov.uk/info/200193/planning_applications_and_permissions/21/view_planning_applications_decisions_and_appeals,permissioned,full-planning-permission,,“142-144 Eltham High St Eltham“,,,150,Greenwich,E09000011,archived (end-date populated)
brownfield-land,2019-12-17,1710615,2019-12-17,,,RBG-24,150,POINT(0.018435 51.488122),brownfield-land,authoritative,RBG-24,2017-12-22,geography,,yes,,0.08,8,8,“14/2669/F. Completed in 2019.,,not-owned-by-a-public-authority,2015-03-12,https://www.royalgreenwich.gov.uk/info/200193/planning_applications_and_permissions/21/view_planning_applications_decisions_and_appeals,permissioned,full-planning-permission,,"“Kundan Building Supplies, Angerstein Wharf, Horn Lane Greenwich“",,,150,Greenwich,E09000011,archived (end-date populated)
brownfield-land,2018-12-17,1710616,2018-12-17,,,RBG-25,150,POINT(0.065011 51.489838),brownfield-land,authoritative,RBG-25,2017-12-22,geography,,yes,,0.08,34,34,“13/2798/F. Completed 2018.,,not-owned-by-a-public-authority,2015-03-19,https://www.royalgreenwich.gov.uk/info/200193/planning_applications_and_permissions/21/view_planning_applications_decisions_and_appeals,permissioned,full-planning-permission,,“38 Wellington St Woolwich“,,,150,Greenwich,E09000011,archived (end-date populated)
brownfield-land,2019-12-17,1710624,2019-12-17,,,RBG-33,150,POINT(0.050808 51.439763),brownfield-land,authoritative,RBG-33,2017-12-22,geography,,yes,,0.05,14,14,“13/1841/F. Completed in 2019.,,not-owned-by-a-public-authority,2015-04-02,https://www.royalgreenwich.gov.uk/info/200193/planning_applications_and_permissions/21/view_planning_applications_decisions_and_appeals,permissioned,full-planning-permission,,"“Ava Cars, 188 Court Rd Mottingham“",,,150,Greenwich,E09000011,archived (end-date populated)
brownfield-land,2018-12-17,1710627,2018-12-17,,,RBG-36,150,POINT(0.01933 51.478053),brownfield-land,authoritative,RBG-36,2017-12-22,geography,,yes,,0.03,5,5,“15/1483/F. Completed 2018.,,not-owned-by-a-public-authority,2015-08-26,https://www.royalgreenwich.gov.uk/info/200193/planning_applications_and_permissions/21/view_planning_applications_decisions_and_appeals,permissioned,full-planning-permission,,“1 Charlton Rd Blackheath“,,,150,Greenwich,E09000011,archived (end-date populated)
brownfield-land,2019-12-17,1710628,2019-12-17,,,RBG-37,150,POINT(0.051844 51.49078),brownfield-land,authoritative,RBG-37,2017-12-22,geography,,yes,,0.06,13,13,“15/0138/F. Completed in 2019.,,not-owned-by-a-public-authority,2015-09-22,https://www.royalgreenwich.gov.uk/info/200193/planning_applications_and_permissions/21/view_planning_applications_decisions_and_appeals,permissioned,full-planning-permission,,“Garages adjacent to 39 Samuel St Woolwich“,,,150,Greenwich,E09000011,archived (end-date populated)
brownfield-land,2019-12-17,1710630,2019-12-17,,,RBG-39,150,POINT(0.058489 51.474881),brownfield-land,authoritative,RBG-39,2017-12-22,geography,,yes,,0.04,5,5,“15/2686/F. Completed in 2019.,,not-owned-by-a-public-authority,2015-10-22,https://www.royalgreenwich.gov.uk/info/200193/planning_applications_and_permissions/21/view_planning_applications_decisions_and_appeals,permissioned,full-planning-permission,,"“Kitchener House & Ellington House, Ashmore Rd Woolwich“",,,150,Greenwich,E09000011,archived (end-date populated)
brownfield-land,2018-12-17,1710631,2018-12-17,,,RBG-40,150,POINT(0.058512 51.45845),brownfield-land,authoritative,RBG-40,2017-12-22,geography,,yes,,0.08,,,“14/3700/F. Completed 2018.,,not-owned-by-a-public-authority,2015-10-26,https://www.royalgreenwich.gov.uk/info/200193/planning_applications_and_permissions/21/view_planning_applications_decisions_and_appeals,permissioned,full-planning-permission,,“145 Westmount Rd Eltham“,,,150,Greenwich,E09000011,archived (end-date populated)
brownfield-land,2018-12-17,1710632,2018-12-17,,,RBG-41,150,POINT(0.069198 51.479233),brownfield-land,authoritative,RBG-41,2017-12-22,geography,,yes,,0.01,5,5,“15/2481/F. Completed 2018.,,not-owned-by-a-public-authority,2015-11-06,https://www.royalgreenwich.gov.uk/info/200193/planning_applications_and_permissions/21/view_planning_applications_decisions_and_appeals,permissioned,full-planning-permission,,“11 Eglinton Hill Woolwich“,,,150,Greenwich,E09000011,archived (end-date populated)
brownfield-land,2018-12-17,1710637,2018-12-17,,,RBG-46,150,POINT(0.032978 51.485731),brownfield-land,authoritative,RBG-46,2017-12-22,geography,,yes,,0.05,3,3,“15/3102/F. Completed 2018.,,not-owned-by-a-public-authority,2015-12-10,https://www.royalgreenwich.gov.uk/info/200193/planning_applications_and_permissions/21/view_planning_applications_decisions_and_appeals,permissioned,full-planning-permission,,"“Charlton Liberal Club, 59 Charlton Church Lane Charlton“",,,150,Greenwich,E09000011,archived (end-date populated)
brownfield-land,2019-12-17,1710638,2019-12-17,,,RBG-47,150,POINT(-0.017138 51.480932),brownfield-land,authoritative,RBG-47,2017-12-22,geography,,yes,,0.47,249,249,“14/3795/F. Completed in 2019.,,not-owned-by-a-public-authority,2015-12-14,https://www.royalgreenwich.gov.uk/info/200193/planning_applications_and_permissions/21/view_planning_applications_decisions_and_appeals,permissioned,full-planning-permission,,"“Creekside East, Creek Rd & Copperas St Deptford“",,,150,Greenwich,E09000011,archived (end-date populated)
brownfield-land,2018-12-17,1710644,2018-12-17,,,RBG-53,150,POINT(0.0071 51.485529),brownfield-land,authoritative,RBG-53,2017-12-22,geography,,yes,,0.02,12,12,“15/1261/F. Completed 2018.,,not-owned-by-a-public-authority,2016-05-03,https://www.royalgreenwich.gov.uk/info/200193/planning_applications_and_permissions/21/view_planning_applications_decisions_and_appeals,permissioned,full-planning-permission,,“228-232 Trafalgar Rd Greenwich“,,,150,Greenwich,E09000011,archived (end-date populated)
brownfield-land,2019-12-17,1710645,2019-12-17,,,RBG-54,150,POINT(0.063516 51.490224),brownfield-land,authoritative,RBG-54,2017-12-22,geography,,yes,,0.1,22,22,“14/3763/F. Completed in 2019.,,not-owned-by-a-public-authority,2016-05-12,https://www.royalgreenwich.gov.uk/info/200193/planning_applications_and_permissions/21/view_planning_applications_decisions_and_appeals,permissioned,full-planning-permission,,“29 Market St Woolwich“,,,150,Greenwich,E09000011,archived (end-date populated)
brownfield-land,2018-12-17,1710659,2018-12-17,,,RBG-68,150,POINT(0.05883 51.475738),brownfield-land,authoritative,RBG-68,2017-12-22,geography,,yes,,0.07,10,10,“15/3725/F. Completed 2018.,,not-owned-by-a-public-authority,2017-01-13,https://www.royalgreenwich.gov.uk/info/200193/planning_applications_and_permissions/21/view_planning_applications_decisions_and_appeals,permissioned,full-planning-permission,,"“Central Parade Building, Royal Military Academy, Academy Lane Woolwich“",,,150,Greenwich,E09000011,archived (end-date populated)
brownfield-land,2018-12-17,1710660,2018-12-17,,,RBG-69,150,POINT(0.069185 51.479261),brownfield-land,authoritative,RBG-69,2017-12-22,geography,,yes,,0.02,3,3,“16/1529/F. Completed 2018.,,not-owned-by-a-public-authority,2017-01-23,https://www.royalgreenwich.gov.uk/info/200193/planning_applications_and_permissions/21/view_planning_applications_decisions_and_appeals,permissioned,full-planning-permission,,“9 Eglinton Hill Woolwich“,,,150,Greenwich,E09000011,archived (end-date populated)
brownfield-land,2019-12-17,1710661,2019-12-17,,,RBG-70,150,POINT(0.063068 51.434341),brownfield-land,authoritative,RBG-70,2017-12-22,geography,,yes,,0.07,10,10,“16/0273/F. Completed in 2019.,,not-owned-by-a-public-authority,2017-02-24,https://www.royalgreenwich.gov.uk/info/200193/planning_applications_and_permissions/21/view_planning_applications_decisions_and_appeals,permissioned,full-planning-permission,,“260-262 Green Lane Mottingham“,,,150,Greenwich,E09000011,archived (end-date populated)
brownfield-land,2019-12-17,1710664,2019-12-17,,,RBG-73,150,POINT(-0.013435 51.481301),brownfield-land,authoritative,RBG-73,2017-12-22,geography,,yes,,0.02,9,9,“16/3328/F. Completed in 2019.,,not-owned-by-a-public-authority,2017-03-14,https://www.royalgreenwich.gov.uk/info/200193/planning_applications_and_permissions/21/view_planning_applications_decisions_and_appeals,permissioned,full-planning-permission,,“258-260 Creek Rd Greenwich“,,,150,Greenwich,E09000011,archived (end-date populated)
brownfield-land,2018-12-17,1710665,2018-12-17,,,RBG-74,150,POINT(0.052205 51.450368),brownfield-land,authoritative,RBG-74,2017-12-22,geography,,yes,,0.01,5,5,“16/1256/F. Completed 2018.,,not-owned-by-a-public-authority,2017-03-17,https://www.royalgreenwich.gov.uk/info/200193/planning_applications_and_permissions/21/view_planning_applications_decisions_and_appeals,permissioned,full-planning-permission,,"“The Crown PH, 11 Court Yard Eltham“",,,150,Greenwich,E09000011,archived (end-date populated)
brownfield-land,2019-12-17,1710676,2019-12-17,,,RBG-85,150,POINT(0.095846 51.473364),brownfield-land,authoritative,RBG-85,2017-12-22,geography,,yes,,0.05,4,4,“17/1805/F. Completed in 2019.,,not-owned-by-a-public-authority,2017-08-04,https://www.royalgreenwich.gov.uk/info/200193/planning_applications_and_permissions/21/view_planning_applications_decisions_and_appeals,permissioned,full-planning-permission,,"“Glenmore Arms PH, 41 Edison Grove Plumstead“",,,150,Greenwich,E09000011,archived (end-date populated)
brownfield-land,2022-01-21,1714935,2022-12-15,,,WBR/17/0002,376,POINT(-0.15599 51.47416),brownfield-land,authoritative,WBR/17/0002,2017-12-13,geography,,yes,,0.02,9,9,Completed on 21/01/2022,,not-owned-by-a-public-authority,2019-06-26,https://planning.wandsworth.gov.uk/Northgate/PlanningExplorer/DisplayAppDetails.aspx?AppNo=2019/2213,permissioned,full-planning-permission,,"Newcombe House, 319-323 Battersea Park Road",,"https://www.planning.data.gov.uk/map/?dataset=brownfield-land#51.46067,-0.15474,12.539228904066391z",376,Wandsworth,E09000032,archived (end-date populated)
brownfield-land,2023-03-31,1714936,2023-12-15,,,WBR/17/0003,376,POINT(-0.15911 51.47318),brownfield-land,authoritative,WBR/17/0003,2017-12-13,geography,,yes,,1.9,38,38,Newer application on site for co-living units.,,owned-by-a-public-authority,2017-09-11,https://planning.wandsworth.gov.uk/Northgate/PlanningExplorer/DisplayAppDetails.aspx?AppNo=2016/4188,permissioned,outline-planning-permission,,"Battersea Technology College and 3 Culovert Road, 401 Battersea Park Road (Harris Academy)",,"https://www.planning.data.gov.uk/map/?dataset=brownfield-land#51.46067,-0.15474,12.539228904066391z",376,Wandsworth,E09000032,archived (end-date populated)
brownfield-land,2020-12-10,1714937,2021-03-31,,,WBR/17/0004,376,POINT(-0.14617 51.44646),brownfield-land,authoritative,WBR/17/0004,2017-12-13,geography,,yes,,0.07,8,8,Non Housing Development: Erection of 8 x 4-bedroom three-storey (plus basement) houses.,,not-owned-by-a-public-authority,2017-09-25,https://planning.wandsworth.gov.uk/Northgate/PlanningExplorer/DisplayAppDetails.aspx?AppNo=2017/2817,permissioned,full-planning-permission,,"Lock up garages, 26-40 Balham New Road",,"https://www.planning.data.gov.uk/map/?dataset=brownfield-land#51.46067,-0.15474,12.539228904066391z",376,Wandsworth,E09000032,archived (end-date populated)
brownfield-land,2021-03-31,1714938,2021-03-31,,,WBR/17/0005,376,POINT(-0.14698 51.47731),brownfield-land,authoritative,WBR/17/0005,2017-12-13,geography,,yes,,0.17,20,20,Non Housing Development: Demolition of existing vacant single-storey parish and ancillary buildings and construction of a replacement part five and part six storey residential building to the west of the existing church building comprising 20 residential,,not-owned-by-a-public-authority,2014-10-28,https://planning.wandsworth.gov.uk/Northgate/PlanningExplorer/DisplayAppDetails.aspx?AppNo=2014/1471,permissioned,full-planning-permission,,"Our Lady of Mount Carmel and St Joseph Church, 8 Battersea Park Road",,"https://www.planning.data.gov.uk/map/?dataset=brownfield-land#51.46067,-0.15474,12.539228904066391z",376,Wandsworth,E09000032,archived (end-date populated)
brownfield-land,2022-03-31,1714939,2022-12-15,,,WBR/17/0006,376,POINT(-0.16241 51.43363),brownfield-land,authoritative,WBR/17/0006,2017-12-13,geography,,yes,,0.1,18,18,Completed on 31/03/2022,,not-owned-by-a-public-authority,2017-12-20,https://planning.wandsworth.gov.uk/Northgate/PlanningExplorer/DisplayAppDetails.aspx?AppNo=2016/5443,permissioned,full-planning-permission,,81-87 Upper Tooting Road,,"https://www.planning.data.gov.uk/map/?dataset=brownfield-land#51.46067,-0.15474,12.539228904066391z",376,Wandsworth,E09000032,archived (end-date populated)
brownfield-land,2019-09-17,1714940,2020-03-31,,,WBR/17/0007,376,POINT(-0.16704 51.42085),brownfield-land,authoritative,WBR/17/0007,2017-12-13,geography,,yes,,0.07,8,8,Non Housing Development: Demolition of existing buildings and erection of two residential buildings:- Block A (front) amended/reduced 02.10.2017 to comprise 5 x 2 bedroom flats (with balconies/terraces on upper floors) ; Block B (rear) amended/reduced 02,,not-owned-by-a-public-authority,2017-11-24,https://planning.wandsworth.gov.uk/Northgate/PlanningExplorer/DisplayAppDetails.aspx?AppNo=2017/3823,permissioned,full-planning-permission,,94-94a Longley Road,,"https://www.planning.data.gov.uk/map/?dataset=brownfield-land#51.46067,-0.15474,12.539228904066391z",376,Wandsworth,E09000032,archived (end-date populated)
brownfield-land,2018-04-23,1714941,2019-03-31,,,WBR/17/0008,376,POINT(-0.15408 51.44148),brownfield-land,authoritative,WBR/17/0008,2017-12-13,geography,,yes,,0.07,9,9,Non Housing Development: Amalgamation of existing ground floor units to create flexible space for retail (Use Class A1)/restaurant & cafe (Use Class A3)/gym (Use Class D2) uses; erection of single-storey rear extension; erection of roof extension and con,,not-owned-by-a-public-authority,2016-03-04,https://planning.wandsworth.gov.uk/Northgate/PlanningExplorer/DisplayAppDetails.aspx?AppNo=2015/6304,permissioned,full-planning-permission,,191-195 Balham High Road,,"https://www.planning.data.gov.uk/map/?dataset=brownfield-land#51.46067,-0.15474,12.539228904066391z",376,Wandsworth,E09000032,archived (end-date populated)
brownfield-land,2019-01-30,1714942,2019-03-31,,,WBR/17/0009,376,POINT(-0.21542 51.4633),brownfield-land,authoritative,WBR/17/0009,2017-12-13,geography,,yes,,0.07,15,15,"Non Housing Development: Variation of condition 6 (in accordance with approved drawings) of planning permission dated 21/01/2017, ref 2016/4977 [for variation of condition 9 of planning permission dated 04/05/2016, ref 2015/2601 (Demolition of the existi",,not-owned-by-a-public-authority,2017-09-06,https://planning.wandsworth.gov.uk/Northgate/PlanningExplorer/DisplayAppDetails.aspx?AppNo=2017/0560,permissioned,full-planning-permission,,89-93 Putney High Street,,"https://www.planning.data.gov.uk/map/?dataset=brownfield-land#51.46067,-0.15474,12.539228904066391z",376,Wandsworth,E09000032,archived (end-date populated)
brownfield-land,2018-07-04,1714945,2020-01-14,,,WBR/17/0013,376,POINT(-0.14137 51.48237),brownfield-land,authoritative,WBR/17/0013,2017-12-13,geography,,yes,,1.21,422,422,http://www.wandsworth.gov.uk/downloads/file/11502/local_plan_-_site_specific_allocations_document_ssad_adopted_march_2016,,not-owned-by-a-public-authority,2016-07-04,https://planning.wandsworth.gov.uk/Northgate/PlanningExplorer/DisplayAppDetails.aspx?AppNo=2017/0319,not-permissioned,outline-planning-permission,,"Cringle Dock, Cringle Street",,"https://www.planning.data.gov.uk/map/?dataset=brownfield-land#51.46067,-0.15474,12.539228904066391z",376,Wandsworth,E09000032,archived (end-date populated)
brownfield-land,2022-12-15,1714948,2022-12-15,,,WBR/17/0016,376,POINT(-0.16092 51.44526),brownfield-land,authoritative,WBR/17/0016,2017-12-13,geography,,yes,,0.04,5,5,"Non Housing Development: Demolition of existing single-storey garages and erection of a three-storey building to provide 5 flats, with associated amenity space including balconies and roof terraces, with cycle store to rear and relocation of entrance to",,not-owned-by-a-public-authority,2012-12-19,https://planning.wandsworth.gov.uk/Northgate/PlanningExplorer/DisplayAppDetails.aspx?AppNo=2012/3960,permissioned,full-planning-permission,,"Garages between 77 & 85, Ravenslea Road",,"https://www.planning.data.gov.uk/map/?dataset=brownfield-land#51.46067,-0.15474,12.539228904066391z",376,Wandsworth,E09000032,archived (end-date populated)
brownfield-land,2018-12-10,1714949,2019-03-31,,,WBR/17/0017,376,POINT(-0.17799 51.46866),brownfield-land,authoritative,WBR/17/0017,2017-12-13,geography,,yes,,0.43,173,173,http://www.wandsworth.gov.uk/downloads/file/11502/local_plan_-_site_specific_allocations_document_ssad_adopted_march_2016,,not-owned-by-a-public-authority,2015-12-18,https://planning.wandsworth.gov.uk/Northgate/PlanningExplorer/DisplayAppDetails.aspx?AppNo=2015/5308,permissioned,full-planning-permission,,"Dovercourt, 98 York Road (Lookers Volkswagen)",,"https://www.planning.data.gov.uk/map/?dataset=brownfield-land#51.46067,-0.15474,12.539228904066391z",376,Wandsworth,E09000032,archived (end-date populated)
brownfield-land,2019-03-31,1714950,2019-03-31,,,WBR/17/0018,376,POINT(-0.2154 51.46354),brownfield-land,authoritative,WBR/17/0018,2017-12-13,geography,,yes,,0.04,5,5,"Non Housing Development: Erection of rear extension at first, second and third floor levels together with alterations including formation of new roofs, first floor acoustic enclosure at rear, roof terraces and formation of refuse store at rear in connect",,not-owned-by-a-public-authority,2013-05-10,https://planning.wandsworth.gov.uk/Northgate/PlanningExplorer/DisplayAppDetails.aspx?AppNo=2013/1068,permissioned,full-planning-permission,,79-85 Putney High Street,,"https://www.planning.data.gov.uk/map/?dataset=brownfield-land#51.46067,-0.15474,12.539228904066391z",376,Wandsworth,E09000032,archived (end-date populated)
brownfield-land,2021-12-04,1714951,2022-12-15,,,WBR/17/0019,376,POINT(-0.17256 51.47169),brownfield-land,authoritative,WBR/17/0019,2017-12-13,geography,,yes,,0.29,71,71,Completed on 04/12/2021,,not-owned-by-a-public-authority,2017-11-06,https://planning.wandsworth.gov.uk/Northgate/PlanningExplorer/DisplayAppDetails.aspx?AppNo=2017/0764,permissioned,full-planning-permission,,"Battersea Park Studios, 2 Shuttleworth Road (131 Battersea High Street)",,"https://www.planning.data.gov.uk/map/?dataset=brownfield-land#51.46067,-0.15474,12.539228904066391z",376,Wandsworth,E09000032,archived (end-date populated)
brownfield-land,2019-10-21,1714952,2020-03-31,,,WBR/17/0020,376,POINT(-0.18738 51.43708),brownfield-land,authoritative,WBR/17/0020,2017-12-13,geography,,yes,,0.03,8,8,"Non Housing Development: Demolition of existing buildings and erection of three-storey building to provide 8 flats, with first and second level terraces and communal garden.",,not-owned-by-a-public-authority,2015-09-17,https://planning.wandsworth.gov.uk/Northgate/PlanningExplorer/DisplayAppDetails.aspx?AppNo=2015/3161,permissioned,full-planning-permission,,526 Garratt Lane,,"https://www.planning.data.gov.uk/map/?dataset=brownfield-land#51.46067,-0.15474,12.539228904066391z",376,Wandsworth,E09000032,archived (end-date populated)
brownfield-land,2019-09-17,1714953,2020-03-31,,,WBR/17/0021,376,POINT(-0.18074 51.46556),brownfield-land,authoritative,WBR/17/0021,2017-12-13,geography,,yes,,0.19,51,51,http://www.wandsworth.gov.uk/downloads/file/11502/local_plan_-_site_specific_allocations_document_ssad_adopted_march_2016,,not-owned-by-a-public-authority,2015-06-24,https://planning.wandsworth.gov.uk/Northgate/PlanningExplorer/DisplayAppDetails.aspx?AppNo=2014/4626,permissioned,full-planning-permission,,"208-214 York Road and, 4 Chatfield Road",,"https://www.planning.data.gov.uk/map/?dataset=brownfield-land#51.46067,-0.15474,12.539228904066391z",376,Wandsworth,E09000032,archived (end-date populated)
brownfield-land,2024-03-31,1714955,2024-12-17,,,WBR/17/0024,376,POINT(-0.14651 51.47893),brownfield-land,authoritative,WBR/17/0024,2017-12-13,geography,,yes,,2.96,926,926,"Other applications on site: 2017/5595, 2016/6417, 2016/1517. Original consent 2015/0591",,not-owned-by-a-public-authority,2021-04-15,https://planning.wandsworth.gov.uk/Northgate/PlanningExplorer/DisplayAppDetails.aspx?AppNo=2020/3867,permissioned,other,,"Battersea Gasholder, 101 Prince of Wales Drive",,"https://www.planning.data.gov.uk/map/?dataset=brownfield-land#51.46067,-0.15474,12.539228904066391z",376,Wandsworth,E09000032,archived (end-date populated)
brownfield-land,2024-07-23,1714958,2025-12-15,,,WBR/17/0028,376,POINT(-0.19079 51.46156),brownfield-land,authoritative,WBR/17/0028,2017-12-13,geography,,yes,,1.41,554,517,Original consent 2017/0580. Completed on 23/07/2024.,,not-owned-by-a-public-authority,2021-04-29,https://planning.wandsworth.gov.uk/Northgate/PlanningExplorer/DisplayAppDetails.aspx?AppNo=2019/4583,permissioned,other,,"B and Q Depot, Smugglers Way",,"https://www.planning.data.gov.uk/map/?dataset=brownfield-land#51.46067,-0.15474,12.539228904066391z",376,Wandsworth,E09000032,archived (end-date populated)
brownfield-land,2025-03-31,1714960,2025-12-15,,,WBR/17/0030,376,POINT(-0.18893 51.46127),brownfield-land,authoritative,WBR/17/0030,2017-12-13,geography,,yes,,1,480,348,Original consent 2016/7356. Completed on 31/03/2025.,,not-owned-by-a-public-authority,2021-10-05,https://planning.wandsworth.gov.uk/Northgate/PlanningExplorer/DisplayAppDetails.aspx?AppNo=2020/0011,permissioned,other,,"Homebase, Swandon Way",,"https://www.planning.data.gov.uk/map/?dataset=brownfield-land#51.46067,-0.15474,12.539228904066391z",376,Wandsworth,E09000032,archived (end-date populated)
brownfield-land,2021-03-31,1714961,2021-03-31,,,WBR/17/0031,376,POINT(-0.17958 51.46653),brownfield-land,authoritative,WBR/17/0031,2017-12-13,geography,,yes,,0.82,299,275,http://www.wandsworth.gov.uk/downloads/file/11502/local_plan_-_site_specific_allocations_document_ssad_adopted_march_2016,,not-owned-by-a-public-authority,2019-01-17,https://planning.wandsworth.gov.uk/Northgate/PlanningExplorer/DisplayAppDetails.aspx?AppNo=2018/5903,permissioned,full-planning-permission,,"Homebase, 198 York Road",,"https://www.planning.data.gov.uk/map/?dataset=brownfield-land#51.46067,-0.15474,12.539228904066391z",376,Wandsworth,E09000032,archived (end-date populated)
brownfield-land,2025-03-31,1714963,2025-12-15,,,WBR/17/0034,376,POINT(-0.12764 51.48427),brownfield-land,authoritative,WBR/17/0034,2017-12-13,geography,,yes,,0.74,494,491,Other applications on site: 2014/5786. Original consent: 2012/0380. Completed on 31/03/2025.,,not-owned-by-a-public-authority,2016-06-21,https://planning.wandsworth.gov.uk/Northgate/PlanningExplorer/DisplayAppDetails.aspx?AppNo=2015/5942,permissioned,other,,"Market Towers, 1 Nine Elms Lane (One Nine Elms)",,"https://www.planning.data.gov.uk/map/?dataset=brownfield-land#51.46067,-0.15474,12.539228904066391z",376,Wandsworth,E09000032,archived (end-date populated)
brownfield-land,2023-10-24,1714964,2024-12-17,,,WBR/17/0035,376,POINT(-0.14175 51.42516),brownfield-land,authoritative,WBR/17/0035,2017-12-13,geography,,yes,,0.2,22,22,"Non Housing Development: Erection of 6 x 3-bedroom two-storey dwellings with associated access from Thrale Road, parking spaces, amenity and landscaping.",,not-owned-by-a-public-authority,2020-08-11,https://planning.wandsworth.gov.uk/Northgate/PlanningExplorer/DisplayAppDetails.aspx?AppNo=2018/0210,permissioned,full-planning-permission,,"Land rear of 4-24, Thrale Road (Land rear of Mitcham Lane)",,"https://www.planning.data.gov.uk/map/?dataset=brownfield-land#51.46067,-0.15474,12.539228904066391z",376,Wandsworth,E09000032,archived (end-date populated)
brownfield-land,2023-10-11,1714965,2024-12-17,,,WBR/17/0036,376,POINT(-0.13918 51.4789),brownfield-land,authoritative,WBR/17/0036,2017-12-13,geography,,yes,,1.04,386,386,Previous application 2016/3778. Original consent 2015/3555.,,not-owned-by-a-public-authority,2021-07-26,https://planning.wandsworth.gov.uk/Northgate/PlanningExplorer/DisplayAppDetails.aspx?AppNo=2021/3086,permissioned,other,,"Battersea Power Station Phase 4A, Sleaford Street (Sleaford Street Industrial Estate & Dairy Crest Distribution Depot)",,"https://www.planning.data.gov.uk/map/?dataset=brownfield-land#51.46067,-0.15474,12.539228904066391z",376,Wandsworth,E09000032,archived (end-date populated)
brownfield-land,2019-03-31,1714967,2019-03-31,,,WBR/17/0038,376,POINT(-0.13324 51.48073),brownfield-land,authoritative,WBR/17/0038,2017-12-13,geography,,yes,,1.07,514,514,http://www.wandsworth.gov.uk/downloads/file/11502/local_plan_-_site_specific_allocations_document_ssad_adopted_march_2016,,not-owned-by-a-public-authority,2017-03-16,https://planning.wandsworth.gov.uk/Northgate/PlanningExplorer/DisplayAppDetails.aspx?AppNo=2016/4720,permissioned,full-planning-permission,,"Christies Auctioneers Depot, 40-42 Ponton Road (The Residence)",,"https://www.planning.data.gov.uk/map/?dataset=brownfield-land#51.46067,-0.15474,12.539228904066391z",376,Wandsworth,E09000032,archived (end-date populated)
brownfield-land,2019-11-05,1714969,2020-03-31,,,WBR/17/0040,376,POINT(-0.14229 51.47809),brownfield-land,authoritative,WBR/17/0040,2017-12-13,geography,,yes,,0.26,10,10,http://www.wandsworth.gov.uk/downloads/file/11502/local_plan_-_site_specific_allocations_document_ssad_adopted_march_2016,,owned-by-a-public-authority,2014-11-10,https://planning.wandsworth.gov.uk/Northgate/PlanningExplorer/DisplayAppDetails.aspx?AppNo=2014/4516,permissioned,full-planning-permission,,"Tidbury Court, Stewarts Road",,"https://www.planning.data.gov.uk/map/?dataset=brownfield-land#51.46067,-0.15474,12.539228904066391z",376,Wandsworth,E09000032,archived (end-date populated)
brownfield-land,2019-03-31,1714970,2019-03-31,,,WBR/17/0041,376,POINT(-0.15548 51.4524),brownfield-land,authoritative,WBR/17/0041,2017-12-13,geography,,yes,,0.22,8,8,"Non Housing Development: Construction of 8no. mews houses (two terraces of 4 houses) in two- and three-storey buildings, including associated car parking, bin stores and landscaping.",,not-owned-by-a-public-authority,2014-09-24,https://planning.wandsworth.gov.uk/Northgate/PlanningExplorer/DisplayAppDetails.aspx?AppNo=2014/3016,permissioned,full-planning-permission,,"Land rear of 88, Thurleigh Road",,"https://www.planning.data.gov.uk/map/?dataset=brownfield-land#51.46067,-0.15474,12.539228904066391z",376,Wandsworth,E09000032,archived (end-date populated)
brownfield-land,2018-08-22,1714972,2019-03-31,,,WBR/17/0043,376,POINT(-0.17929 51.45951),brownfield-land,authoritative,WBR/17/0043,2017-12-13,geography,,yes,,0.04,5,5,"Non Housing Development: Demolition of existing building and erection of replacement four storey building comprising commercial floorspace at ground floor with ancillary storage (Use classes A1, A2, A3 and A4), two 2-bedroom apartments and a studio on th",,not-owned-by-a-public-authority,2016-09-15,https://planning.wandsworth.gov.uk/Northgate/PlanningExplorer/DisplayAppDetails.aspx?AppNo=2016/0647,permissioned,full-planning-permission,,"The Alchemist, 225 St Johns Hill",,"https://www.planning.data.gov.uk/map/?dataset=brownfield-land#51.46067,-0.15474,12.539228904066391z",376,Wandsworth,E09000032,archived (end-date populated)
brownfield-land,2020-03-31,1714973,2020-03-31,,,WBR/17/0044,376,POINT(-0.20055 51.462),brownfield-land,authoritative,WBR/17/0044,2017-12-13,geography,,yes,,0.14,29,29,"Non Housing Development: Demolition of existing office building. Erection of an 8-storey plus basement block to provide commercial floorspace (Use Classes A2, B1 and D1) together with 29 flats (including 8 affordable) with 29 car parking spaces, cycle s",,not-owned-by-a-public-authority,2011-12-05,https://planning.wandsworth.gov.uk/Northgate/PlanningExplorer/DisplayAppDetails.aspx?AppNo=2010/0271,permissioned,full-planning-permission,,"Ima House, 20 Northfields",,"https://www.planning.data.gov.uk/map/?dataset=brownfield-land#51.46067,-0.15474,12.539228904066391z",376,Wandsworth,E09000032,archived (end-date populated)
brownfield-land,2023-11-30,1714974,2024-12-17,,,WBR/17/0045,376,POINT(-0.16693 51.42796),brownfield-land,authoritative,WBR/17/0045,2017-12-13,geography,,yes,,0.19,19,19,http://www.wandsworth.gov.uk/downloads/file/11502/local_plan_-_site_specific_allocations_document_ssad_adopted_march_2016,,not-owned-by-a-public-authority,2016-08-12,https://planning.wandsworth.gov.uk/Northgate/PlanningExplorer/DisplayAppDetails.aspx?AppNo=2014/5383,permissioned,full-planning-permission,,19-21 Mitcham Road,,"https://www.planning.data.gov.uk/map/?dataset=brownfield-land#51.46067,-0.15474,12.539228904066391z",376,Wandsworth,E09000032,archived (end-date populated)
brownfield-land,2020-12-17,1714975,2021-03-31,,,WBR/17/0046,376,POINT(-0.19569 51.46089),brownfield-land,authoritative,WBR/17/0046,2017-12-13,geography,,yes,,0.34,109,109,http://www.wandsworth.gov.uk/downloads/file/11502/local_plan_-_site_specific_allocations_document_ssad_adopted_march_2016,,not-owned-by-a-public-authority,2017-09-07,https://planning.wandsworth.gov.uk/Northgate/PlanningExplorer/DisplayAppDetails.aspx?AppNo=2016/6164,permissioned,full-planning-permission,,"Linton Fuels, Osiers Road (Land at Linton Fuels Osiers Road)",,"https://www.planning.data.gov.uk/map/?dataset=brownfield-land#51.46067,-0.15474,12.539228904066391z",376,Wandsworth,E09000032,archived (end-date populated)
brownfield-land,2018-08-14,1714977,2020-03-31,,,WBR/17/0048,376,POINT(-0.21481 51.46529),brownfield-land,authoritative,WBR/17/0048,2017-12-13,geography,,yes,,0.04,5,5,"Non Housing Development: Retention of ground floor bar (Class A4) (number 30) and part retention of ground floor level café/restaurant (Class A3) (number 28) and part change of use of ground, first, second and third floor levels from office (Class B1) to",,not-owned-by-a-public-authority,2015-08-14,https://planning.wandsworth.gov.uk/Northgate/PlanningExplorer/DisplayAppDetails.aspx?AppNo=2014/7090,permissioned,full-planning-permission,,28-30 Putney High Street,,"https://www.planning.data.gov.uk/map/?dataset=brownfield-land#51.46067,-0.15474,12.539228904066391z",376,Wandsworth,E09000032,archived (end-date populated)
brownfield-land,2021-03-31,1714978,2021-03-31,,,WBR/17/0049,376,POINT(-0.19168 51.45611),brownfield-land,authoritative,WBR/17/0049,2017-12-13,geography,,yes,,0.67,201,201,http://www.wandsworth.gov.uk/downloads/file/11502/local_plan_-_site_specific_allocations_document_ssad_adopted_march_2016,,not-owned-by-a-public-authority,2015-07-08,https://planning.wandsworth.gov.uk/Northgate/PlanningExplorer/DisplayAppDetails.aspx?AppNo=2014/5149,permissioned,full-planning-permission,,"South Thames College & Welbeck House, 17-27 Garratt Lane",,"https://www.planning.data.gov.uk/map/?dataset=brownfield-land#51.46067,-0.15474,12.539228904066391z",376,Wandsworth,E09000032,archived (end-date populated)
brownfield-land,2019-03-28,1714980,2019-03-31,,,WBR/17/0051,376,POINT(-0.15266 51.4446),brownfield-land,authoritative,WBR/17/0051,2017-12-13,geography,,yes,,0.25,8,8,"Non Housing Development: Demolition of existing two-storey building at 176 Balham High Road and replacement with four-storey building, in connection with use as retail unit (Class A1, 570sqm ) at ground floor and basement, 24 hour Gymnasium (Class D2 le",,not-owned-by-a-public-authority,2015-04-20,https://planning.wandsworth.gov.uk/Northgate/PlanningExplorer/DisplayAppDetails.aspx?AppNo=2014/0195,permissioned,full-planning-permission,,172-176 Balham High Road,,"https://www.planning.data.gov.uk/map/?dataset=brownfield-land#51.46067,-0.15474,12.539228904066391z",376,Wandsworth,E09000032,archived (end-date populated)
brownfield-land,2020-09-28,1714981,2021-03-31,,,WBR/17/0052,376,POINT(-0.13629 51.47523),brownfield-land,authoritative,WBR/17/0052,2017-12-13,geography,,yes,,0.15,15,15,"Non Housing Development: Demolition of existing buildings and construction of a new development consisting of a four-storey block to provide 8no. flats, and 7no. two-storey (plus roof space) family houses, all for affordable rent. Associated landscaping",,owned-by-a-public-authority,2014-11-10,https://planning.wandsworth.gov.uk/Northgate/PlanningExplorer/DisplayAppDetails.aspx?AppNo=2014/4515,permissioned,full-planning-permission,,50 Thessaly Road,,"https://www.planning.data.gov.uk/map/?dataset=brownfield-land#51.46067,-0.15474,12.539228904066391z",376,Wandsworth,E09000032,archived (end-date populated)
brownfield-land,2019-03-31,1714982,2019-03-31,,,WBR/17/0054,376,POINT(-0.15602 51.46576),brownfield-land,authoritative,WBR/17/0054,2017-12-13,geography,,yes,,0.03,6,6,Non Housing Development: Change of use of the upper floors and rear yard area from public house (Use Class A4) to six residential units (Use Class C3). Erection of additional storey and formation of roof terrace with balustrade to rear. Erection part-f,,not-owned-by-a-public-authority,2015-11-16,https://planning.wandsworth.gov.uk/Northgate/PlanningExplorer/DisplayAppDetails.aspx?AppNo=2015/2602,permissioned,full-planning-permission,,The Crown Hotel 102 Lavender Hill,,"https://www.planning.data.gov.uk/map/?dataset=brownfield-land#51.46067,-0.15474,12.539228904066391z",376,Wandsworth,E09000032,archived (end-date populated)
brownfield-land,2020-10-01,1714983,2021-03-31,,,WBR/17/0055,376,POINT(-0.2039 51.45652),brownfield-land,authoritative,WBR/17/0055,2017-12-13,geography,,yes,,0.04,8,8,"Non Housing Development: Demolition of existing buildings. Erection of part two/ part three-storey building with accommodation in roof level, to provide 8 residential units together with cycle storage, roof terraces/balconies, communal gardens and landsc",,not-owned-by-a-public-authority,2015-06-26,https://planning.wandsworth.gov.uk/Northgate/PlanningExplorer/DisplayAppDetails.aspx?AppNo=2014/4498,permissioned,full-planning-permission,,"and 5 Upper Richmond Road, 72 West Hill",,"https://www.planning.data.gov.uk/map/?dataset=brownfield-land#51.46067,-0.15474,12.539228904066391z",376,Wandsworth,E09000032,archived (end-date populated)
brownfield-land,2019-04-24,1714984,2020-03-31,,,WBR/17/0056,376,POINT(-0.21649 51.46465),brownfield-land,authoritative,WBR/17/0056,2017-12-13,geography,,yes,,0.08,6,6,Non Housing Development: Demolition of existing building and erection of a new four-storey plus basement level building for use as either class B1 (office use) or class D1 (non residential institutions) at rear part of ground floor and lower ground floor,,not-owned-by-a-public-authority,2016-09-15,https://planning.wandsworth.gov.uk/Northgate/PlanningExplorer/DisplayAppDetails.aspx?AppNo=2016/2986,permissioned,full-planning-permission,,"The Mission Hall, Walkers Place",,"https://www.planning.data.gov.uk/map/?dataset=brownfield-land#51.46067,-0.15474,12.539228904066391z",376,Wandsworth,E09000032,archived (end-date populated)
brownfield-land,2023-02-02,1714985,2023-12-15,,,WBR/17/0057,376,POINT(-0.16344 51.4242),brownfield-land,authoritative,WBR/17/0057,2017-12-13,geography,,yes,,0.06,9,9,"Non Housing Development: Erection of four storey building plus basement to provide mixed use building comprising ground floor Class A1 retail shop and pharmacy shop with associated offices and storage at basement level, Class D1 Medical/Therapy centre at",,not-owned-by-a-public-authority,2016-08-17,https://planning.wandsworth.gov.uk/Northgate/PlanningExplorer/DisplayAppDetails.aspx?AppNo=2016/2096,permissioned,full-planning-permission,,134-142 Mitcham Road (Pearl Chemist),,"https://www.planning.data.gov.uk/map/?dataset=brownfield-land#51.46067,-0.15474,12.539228904066391z",376,Wandsworth,E09000032,archived (end-date populated)
brownfield-land,2019-09-21,1714986,2020-03-31,,,WBR/17/0058,376,POINT(-0.16087 51.42286),brownfield-land,authoritative,WBR/17/0058,2017-12-13,geography,,yes,,0.1,5,5,"Non Housing Development: Demolition of 206 Mitcham Road, and construction of a four-storey building (plus basement level) to provide 1 x 3-bedroom, 2 x 1-bedroom and 4 x 2-bedroom flats with roof terraces and rear balconies, and basement office accommoda",,not-owned-by-a-public-authority,2016-09-21,https://planning.wandsworth.gov.uk/Northgate/PlanningExplorer/DisplayAppDetails.aspx?AppNo=2016/2586,permissioned,full-planning-permission,,"206-208 & 2A Stella Road, Mitcham Road",,"https://www.planning.data.gov.uk/map/?dataset=brownfield-land#51.46067,-0.15474,12.539228904066391z",376,Wandsworth,E09000032,archived (end-date populated)
brownfield-land,2019-03-31,1714987,2019-03-31,,,WBR/17/0059,376,POINT(-0.16763 51.42749),brownfield-land,authoritative,WBR/17/0059,2017-12-13,geography,,yes,,0.03,5,5,"Non Housing Development: Extension of the ground floor area for retail use. Extension of existing residential block of 4 dwelling units at the front of the site to create additional storey (for 1 x 3-bedroom flat), with alterations to frontage and replac",,not-owned-by-a-public-authority,2015-10-27,https://planning.wandsworth.gov.uk/Northgate/PlanningExplorer/DisplayAppDetails.aspx?AppNo=2015/1855,permissioned,full-planning-permission,,6-10 Mitcham Road,,"https://www.planning.data.gov.uk/map/?dataset=brownfield-land#51.46067,-0.15474,12.539228904066391z",376,Wandsworth,E09000032,archived (end-date populated)
brownfield-land,2019-03-31,1714988,2019-03-31,,,WBR/17/0060,376,POINT(-0.21956 51.4479),brownfield-land,authoritative,WBR/17/0060,2017-12-13,geography,,yes,,1.25,110,110,"Non Housing Development: Demolition of all existing buildings on site and construction of 110 new dwellings in buildings between three and seven storeys (55 mews, courtyard and town houses and 55 apartments) with 102 car parking spaces and 203 cycle spac",,not-owned-by-a-public-authority,2013-10-22,https://planning.wandsworth.gov.uk/Northgate/PlanningExplorer/DisplayAppDetails.aspx?AppNo=2013/1978,permissioned,full-planning-permission,,"Saint John Bosco College, Princes Way (Former John Paul II School)",,"https://www.planning.data.gov.uk/map/?dataset=brownfield-land#51.46067,-0.15474,12.539228904066391z",376,Wandsworth,E09000032,archived (end-date populated)
brownfield-land,2019-01-31,1714990,2019-03-31,,,WBR/17/0063,376,POINT(-0.2125 51.45952),brownfield-land,authoritative,WBR/17/0063,2017-12-13,geography,,yes,,0.21,73,73,http://www.wandsworth.gov.uk/downloads/file/11502/local_plan_-_site_specific_allocations_document_ssad_adopted_march_2016,,not-owned-by-a-public-authority,2015-11-27,https://planning.wandsworth.gov.uk/Northgate/PlanningExplorer/DisplayAppDetails.aspx?AppNo=2015/3563,permissioned,full-planning-permission,,"Carlton House (& 27A Carlton Drive), 85-91 Upper Richmond Road",,"https://www.planning.data.gov.uk/map/?dataset=brownfield-land#51.46067,-0.15474,12.539228904066391z",376,Wandsworth,E09000032,archived (end-date populated)
brownfield-land,2021-07-12,1714991,2022-12-15,,,WBR/17/0066,376,POINT(-0.16274 51.4467),brownfield-land,authoritative,WBR/17/0066,2017-12-13,geography,,yes,,0.03,5,5,Completed on 12/07/2021,,not-owned-by-a-public-authority,2015-09-22,https://planning.wandsworth.gov.uk/Northgate/PlanningExplorer/DisplayAppDetails.aspx?AppNo=2013/3041,permissioned,full-planning-permission,,5 Mayford Road,,"https://www.planning.data.gov.uk/map/?dataset=brownfield-land#51.46067,-0.15474,12.539228904066391z",376,Wandsworth,E09000032,archived (end-date populated)
brownfield-land,2025-03-31,1714992,2025-12-15,,,WBR/17/0067,376,POINT(-0.1755 51.47016),brownfield-land,authoritative,WBR/17/0067,2017-12-13,geography,,yes,,0.09,93,82,Original consent 2017/5818. Completed on 31/03/2025.,,not-owned-by-a-public-authority,2021-03-10,https://planning.wandsworth.gov.uk/Northgate/PlanningExplorer/DisplayAppDetails.aspx?AppNo=2020/2369,permissioned,other,,"Battersea Bar/The Chopper, 58-70 York Road",,"https://www.planning.data.gov.uk/map/?dataset=brownfield-land#51.46067,-0.15474,12.539228904066391z",376,Wandsworth,E09000032,archived (end-date populated)
brownfield-land,2021-06-22,1714993,2021-03-31,,,WBR/17/0068,376,POINT(-0.21559 51.4482),brownfield-land,authoritative,WBR/17/0068,2017-12-13,geography,,yes,,0.06,29,29,Development completed on 22/06/2021,,not-owned-by-a-public-authority,2018-01-26,https://planning.wandsworth.gov.uk/Northgate/PlanningExplorer/DisplayAppDetails.aspx?AppNo=2017/2058,permissioned,full-planning-permission,,129-139 Beaumont Road,,"https://www.planning.data.gov.uk/map/?dataset=brownfield-land#51.46067,-0.15474,12.539228904066391z",376,Wandsworth,E09000032,archived (end-date populated)
brownfield-land,2019-03-31,1714994,2019-03-31,,,WBR/17/0070,376,POINT(-0.20787 51.46268),brownfield-land,authoritative,WBR/17/0070,2017-12-13,geography,,yes,,0.25,53,53,"Non Housing Development: Alterations and extensions to the existing building including erection of part single, part two storey roof extension; erection of ground, first and second floor extensions into part of the internal courtyard area; removal of par",,not-owned-by-a-public-authority,2015-10-14,https://planning.wandsworth.gov.uk/Northgate/PlanningExplorer/DisplayAppDetails.aspx?AppNo=2015/0039,permissioned,full-planning-permission,,Carlson Court 116 Putney Bridge Road,,"https://www.planning.data.gov.uk/map/?dataset=brownfield-land#51.46067,-0.15474,12.539228904066391z",376,Wandsworth,E09000032,archived (end-date populated)
brownfield-land,2017-07-17,1714995,2019-03-31,,,WBR/17/0071,376,POINT(-0.17827 51.46946),brownfield-land,authoritative,WBR/17/0071,2017-12-13,geography,,yes,,0.04,14,14,http://www.wandsworth.gov.uk/downloads/file/11502/local_plan_-_site_specific_allocations_document_ssad_adopted_march_2016,,not-owned-by-a-public-authority,2017-02-23,https://planning.wandsworth.gov.uk/Northgate/PlanningExplorer/DisplayAppDetails.aspx?AppNo=2016/2315,permissioned,full-planning-permission,,"Heliport House, 38 Lombard Road",,"https://www.planning.data.gov.uk/map/?dataset=brownfield-land#51.46067,-0.15474,12.539228904066391z",376,Wandsworth,E09000032,archived (end-date populated)
brownfield-land,2019-03-31,1714996,2019-03-31,,,WBR/17/0073,376,POINT(-0.18292 51.4545),brownfield-land,authoritative,WBR/17/0073,2017-12-13,geography,,yes,,0.18,9,9,Non Housing Development: Three-storey detached building providing 9 units of supported housing; relocation of parking spaces including 3 additional spaces.,,not-owned-by-a-public-authority,2014-03-21,https://planning.wandsworth.gov.uk/Northgate/PlanningExplorer/DisplayAppDetails.aspx?AppNo=2013/6641,permissioned,full-planning-permission,,"Land between 96 to 126 and 128 to 162, Melody Road",,"https://www.planning.data.gov.uk/map/?dataset=brownfield-land#51.46067,-0.15474,12.539228904066391z",376,Wandsworth,E09000032,archived (end-date populated)
brownfield-land,2019-03-31,1714997,2019-03-31,,,WBR/17/0075,376,POINT(-0.15846 51.47427),brownfield-land,authoritative,WBR/17/0075,2017-12-13,geography,,yes,,0.34,9,9,"Non Housing Development: Partial demolition of existing buildings on the site, and the erection of 9 five-storey houses (including basement level and accommodation within the roofspace) fronting Warriner Gardens, with associated private amenity space, ba",,not-owned-by-a-public-authority,2015-01-21,https://planning.wandsworth.gov.uk/Northgate/PlanningExplorer/DisplayAppDetails.aspx?AppNo=2013/6478,permissioned,full-planning-permission,,"The Imperial Laundry, 71 Warriner Gardens",,"https://www.planning.data.gov.uk/map/?dataset=brownfield-land#51.46067,-0.15474,12.539228904066391z",376,Wandsworth,E09000032,archived (end-date populated)
brownfield-land,2025-03-31,1714998,2025-12-15,,,WBR/17/0077,376,POINT(-0.18276 51.46551),brownfield-land,authoritative,WBR/17/0077,2017-12-13,geography,,yes,,0.05,9,9,Completed on 31/03/2025.,,not-owned-by-a-public-authority,2016-11-28,https://planning.wandsworth.gov.uk/Northgate/PlanningExplorer/DisplayAppDetails.aspx?AppNo=2016/3838,permissioned,full-planning-permission,,"Chatfield Court, 56 Chatfield Road",,"https://www.planning.data.gov.uk/map/?dataset=brownfield-land#51.46067,-0.15474,12.539228904066391z",376,Wandsworth,E09000032,archived (end-date populated)
brownfield-land,2019-01-31,1714999,2019-03-31,,,WBR/17/0078,376,POINT(-0.15547 51.43925),brownfield-land,authoritative,WBR/17/0078,2017-12-13,geography,,yes,,0.11,52,52,"Non Housing Development: Demolition of existing building and redevelopment of the site by the erection of a new building up to 8-storeys plus lower ground floor level high, providing 52 residential units (8 x 1 bedroom; 41 x 2 bedroom 3 x 3 bedroom) of b",,not-owned-by-a-public-authority,2014-06-27,https://planning.wandsworth.gov.uk/Northgate/PlanningExplorer/DisplayAppDetails.aspx?AppNo=2014/0641,permissioned,full-planning-permission,,"Bedford House, 215 Balham High Road",,"https://www.planning.data.gov.uk/map/?dataset=brownfield-land#51.46067,-0.15474,12.539228904066391z",376,Wandsworth,E09000032,archived (end-date populated)
brownfield-land,2019-03-14,1715000,2019-03-31,,,WBR/17/0079,376,POINT(-0.17577 51.47169),brownfield-land,authoritative,WBR/17/0079,2017-12-13,geography,,yes,,0.03,33,33,"Non Housing Development: Redevelopment of the site comprising of the demolition of the existing two-storey commercial building, excavation to form new basement and replacement with a new 14 storey building to provide mixed use comprising of commercial/re",,not-owned-by-a-public-authority,2016-01-07,https://planning.wandsworth.gov.uk/Northgate/PlanningExplorer/DisplayAppDetails.aspx?AppNo=2014/5357,permissioned,full-planning-permission,,56-66 Gwynne Road,,"https://www.planning.data.gov.uk/map/?dataset=brownfield-land#51.46067,-0.15474,12.539228904066391z",376,Wandsworth,E09000032,archived (end-date populated)
brownfield-land,2020-08-14,1715001,2021-03-31,,,WBR/17/0080,376,POINT(-0.13539 51.47549),brownfield-land,authoritative,WBR/17/0080,2017-12-13,geography,,yes,,0.13,20,20,Non Housing Development: Demolition of existing Council own garages and redevelopment of the site to provide a new Council own building ranging from 4 to 5 storeys in height comprising 20 residential units of affordable housing (use class C3) together wi,,owned-by-a-public-authority,2015-01-27,https://planning.wandsworth.gov.uk/Northgate/PlanningExplorer/DisplayAppDetails.aspx?AppNo=2014/6447,permissioned,full-planning-permission,,"Hookham Court Garages, Deeley Road",,"https://www.planning.data.gov.uk/map/?dataset=brownfield-land#51.46067,-0.15474,12.539228904066391z",376,Wandsworth,E09000032,archived (end-date populated)
brownfield-land,2020-03-18,1715002,2022-12-15,,,WBR/17/0081,376,POINT(-0.14643 51.4762),brownfield-land,authoritative,WBR/17/0081,2017-12-13,geography,,yes,,1.84,290,290,Completed on 18/03/2020,,not-owned-by-a-public-authority,2015-03-12,https://planning.wandsworth.gov.uk/Northgate/PlanningExplorer/DisplayAppDetails.aspx?AppNo=2014/4665,permissioned,full-planning-permission,,"Battersea Park East, Queenstown Road (Battersea Exchange)",,"https://www.planning.data.gov.uk/map/?dataset=brownfield-land#51.46067,-0.15474,12.539228904066391z",376,Wandsworth,E09000032,archived (end-date populated)
brownfield-land,2019-03-31,1715003,2019-03-31,,,WBR/17/0082,376,POINT(-0.1695 51.42613),brownfield-land,authoritative,WBR/17/0082,2017-12-13,geography,,yes,,0.18,45,45,"Non Housing Development: Demolition of the existing buildings and redevelopment of the site for a part 3-/4-/5-storey scheme comprising 45 (Class C3) residential units, 362 sqm (GIA) (Class D2) community floorspace, 161 sqm (GIA) flexible office floorspa",,not-owned-by-a-public-authority,2017-03-30,https://planning.wandsworth.gov.uk/Northgate/PlanningExplorer/DisplayAppDetails.aspx?AppNo=2016/5408,permissioned,full-planning-permission,,Tooting Constitutional Club 111-113 Tooting High Street,,"https://www.planning.data.gov.uk/map/?dataset=brownfield-land#51.46067,-0.15474,12.539228904066391z",376,Wandsworth,E09000032,archived (end-date populated)
brownfield-land,2020-03-16,1715004,2020-03-31,,,WBR/17/0083,376,POINT(-0.19708 51.46074),brownfield-land,authoritative,WBR/17/0083,2017-12-13,geography,,yes,,0.3,85,85,"Non Housing Development: Erection of three 10-storey blocks, linked at ground and first floor levels, to provide a mixed commercial and residential development on the existing car park site comprising a total of 470 sq.m. of commercial floorspace (Class",,not-owned-by-a-public-authority,2015-09-17,https://planning.wandsworth.gov.uk/Northgate/PlanningExplorer/DisplayAppDetails.aspx?AppNo=2019/0921,permissioned,full-planning-permission,,"Car Park and Land South of, Osiers Road",,"https://www.planning.data.gov.uk/map/?dataset=brownfield-land#51.46067,-0.15474,12.539228904066391z",376,Wandsworth,E09000032,archived (end-date populated)
brownfield-land,2022-04-01,1715005,2022-12-15,,,WBR/17/0084,376,POINT(-0.13466 51.48015),brownfield-land,authoritative,WBR/17/0084,2017-12-13,geography,,yes,,0.78,360,360,"Completed on 01/04/2022, Other application 2017/1890",,not-owned-by-a-public-authority,2016-10-04,https://planning.wandsworth.gov.uk/Northgate/PlanningExplorer/DisplayAppDetails.aspx?AppNo=2015/4504,permissioned,full-planning-permission,,46 Ponton Road (Lexington Gardens),,"https://www.planning.data.gov.uk/map/?dataset=brownfield-land#51.46067,-0.15474,12.539228904066391z",376,Wandsworth,E09000032,archived (end-date populated)
brownfield-land,2018-09-01,1715006,2019-03-31,,,WBR/17/0085,376,POINT(-0.19305 51.45384),brownfield-land,authoritative,WBR/17/0085,2017-12-13,geography,,yes,,0.05,89,89,"Non Housing Development: Erection of a part 27-storey, part 24-storey building (maximum height of 89.5m) comprising of 89 residential units (including 53 affordable), with associated bicycle parking, servicing, private and communal amenity space. Provisi",,not-owned-by-a-public-authority,2016-03-16,https://planning.wandsworth.gov.uk/Northgate/PlanningExplorer/DisplayAppDetails.aspx?AppNo=2015/5777,permissioned,full-planning-permission,,11 Mapleton Crescent,,"https://www.planning.data.gov.uk/map/?dataset=brownfield-land#51.46067,-0.15474,12.539228904066391z",376,Wandsworth,E09000032,archived (end-date populated)
brownfield-land,2019-03-31,1715007,2019-03-31,,,WBR/17/0086,376,POINT(-0.16802 51.46996),brownfield-land,authoritative,WBR/17/0086,2017-12-13,geography,,yes,,0.09,16,16,"Non Housing Development: Change of use of no.19 Cabul Road from offices (Use Class B1) to provide 2 x 2 bed flats (Use Class C3), with basement excavation, ground floor side/rear extension and roof extension to main rear roof slope and over part of rear",,not-owned-by-a-public-authority,2015-07-29,https://planning.wandsworth.gov.uk/Northgate/PlanningExplorer/DisplayAppDetails.aspx?AppNo=2014/7206,permissioned,full-planning-permission,,19-37 Cabul Road,,"https://www.planning.data.gov.uk/map/?dataset=brownfield-land#51.46067,-0.15474,12.539228904066391z",376,Wandsworth,E09000032,archived (end-date populated)
brownfield-land,2019-04-01,1715008,2020-03-31,,,WBR/17/0087,376,POINT(-0.15721 51.47396),brownfield-land,authoritative,WBR/17/0087,2017-12-13,geography,,yes,,0.05,10,10,"Non Housing Development: Demolition of existing building to provide a mixed use development in a part-3, part-4 storey building (plus basement level) with side/rear lightwell and roof terrace. Retail/professional services/restaurant/office uses (Use Cla",,not-owned-by-a-public-authority,2016-07-01,https://planning.wandsworth.gov.uk/Northgate/PlanningExplorer/DisplayAppDetails.aspx?AppNo=2015/7642,permissioned,full-planning-permission,,341 Battersea Park Road,,"https://www.planning.data.gov.uk/map/?dataset=brownfield-land#51.46067,-0.15474,12.539228904066391z",376,Wandsworth,E09000032,archived (end-date populated)
brownfield-land,2019-03-31,1715009,2019-03-31,,,WBR/17/0089,376,POINT(-0.15668 51.4651),brownfield-land,authoritative,WBR/17/0089,2017-12-13,geography,,yes,,0.09,9,9,"Non Housing Development: Demolition of existing industrial buildings (Use Class B2) and erection of 9 x 4 bedroom three-storey (with basement) residential dwellings (Class Use C3) with second floor balconies and roof terraces, including new access and pa",,not-owned-by-a-public-authority,2015-04-22,https://planning.wandsworth.gov.uk/Northgate/PlanningExplorer/DisplayAppDetails.aspx?AppNo=2015/0140,permissioned,full-planning-permission,,"Land at 2b and 2a Sugden Road, 2b Stormont Road",,"https://www.planning.data.gov.uk/map/?dataset=brownfield-land#51.46067,-0.15474,12.539228904066391z",376,Wandsworth,E09000032,archived (end-date populated)
brownfield-land,2020-04-07,1715010,2021-03-31,,,WBR/17/0091,376,POINT(-0.15257 51.44401),brownfield-land,authoritative,WBR/17/0091,2017-12-13,geography,,yes,,0.05,7,7,"Non Housing Development: Part demolition and reconfiguration of the existing first floor (Use Class A1/A2 - retail) and construction of a part 2-, 3- and 4-storey extensions (at 1st, 2nd, 3rd and 4th floor levels) and construction of a part 1- and 2-stor",,not-owned-by-a-public-authority,2016-11-28,https://planning.wandsworth.gov.uk/Northgate/PlanningExplorer/DisplayAppDetails.aspx?AppNo=2016/1889,permissioned,full-planning-permission,,186-188 Balham High Road,,"https://www.planning.data.gov.uk/map/?dataset=brownfield-land#51.46067,-0.15474,12.539228904066391z",376,Wandsworth,E09000032,archived (end-date populated)
brownfield-land,2020-03-31,1715011,2020-03-31,,,WBR/17/0093,376,POINT(-0.15636 51.43952),brownfield-land,authoritative,WBR/17/0093,2017-12-13,geography,,yes,,0.13,70,69,"Non Housing Development: Variation of conditions 2, 5, 7, 10, 13 and 21, removal of condition 14 and change of wording to condition 12 of planning permission 2017/6232 which granted 'Demolition of existing petrol filling station (Class Sui Generis) and r",,not-owned-by-a-public-authority,2018-11-20,https://planning.wandsworth.gov.uk/Northgate/PlanningExplorer/DisplayAppDetails.aspx?AppNo=2018/2378,permissioned,full-planning-permission,,"BP Nightingale Service Station, 266 Balham High Road",,"https://www.planning.data.gov.uk/map/?dataset=brownfield-land#51.46067,-0.15474,12.539228904066391z",376,Wandsworth,E09000032,archived (end-date populated)
brownfield-land,2018-11-23,1715012,2019-03-31,,,WBR/17/0095,376,POINT(-0.20253 51.46104),brownfield-land,authoritative,WBR/17/0095,2017-12-13,geography,,yes,,0.1,8,8,"Non Housing Development: Demolition of existing building and redevelopment of the site by the erection of two buildings of two to four-storeys high to provide 16 residential units fronting either Putney Bridge Road or Fawe Park Road, including balconies/",,not-owned-by-a-public-authority,2016-08-01,https://planning.wandsworth.gov.uk/Northgate/PlanningExplorer/DisplayAppDetails.aspx?AppNo=2015/2434,permissioned,full-planning-permission,,"Land adjacent 75, 75 Putney Bridge Road",,"https://www.planning.data.gov.uk/map/?dataset=brownfield-land#51.46067,-0.15474,12.539228904066391z",376,Wandsworth,E09000032,archived (end-date populated)
brownfield-land,2019-02-28,1715013,2019-03-31,,,WBR/17/0096,376,POINT(-0.1555 51.47193),brownfield-land,authoritative,WBR/17/0096,2017-12-13,geography,,yes,,0.07,6,6,Non Housing Development: Demolition of existing garages in connection with the erection of a two-storey building comprising 6 houses (5 x 3 bed and 1 x 2 bed) with associated parking and landscaping.,,owned-by-a-public-authority,2015-12-17,https://planning.wandsworth.gov.uk/Northgate/PlanningExplorer/DisplayAppDetails.aspx?AppNo=2015/3244,permissioned,full-planning-permission,,"Land and forecourt adjacent to, 44 Rowditch Lane",,"https://www.planning.data.gov.uk/map/?dataset=brownfield-land#51.46067,-0.15474,12.539228904066391z",376,Wandsworth,E09000032,archived (end-date populated)
brownfield-land,2019-04-01,1715014,2020-03-31,,,WBR/17/0097,376,POINT(-0.1686 51.4264),brownfield-land,authoritative,WBR/17/0097,2017-12-13,geography,,yes,,0.35,51,51,http://www.wandsworth.gov.uk/downloads/file/11502/local_plan_-_site_specific_allocations_document_ssad_adopted_march_2016,,owned-by-a-public-authority,2019-01-22,https://planning.wandsworth.gov.uk/Northgate/PlanningExplorer/DisplayAppDetails.aspx?AppNo=2018/5005,permissioned,full-planning-permission,,"Palladino House & Wood House 6 & 7, Laurel Close",,"https://www.planning.data.gov.uk/map/?dataset=brownfield-land#51.46067,-0.15474,12.539228904066391z",376,Wandsworth,E09000032,archived (end-date populated)
brownfield-land,2019-10-25,1715015,2020-03-31,,,WBR/17/0098,376,POINT(-0.14475 51.4508),brownfield-land,authoritative,WBR/17/0098,2017-12-13,geography,,yes,,0.03,6,6,"Non Housing Development: Demolition of existing garages and erection of part one, part two, part three-storey building to provide 4x2 bedroom flats and 2x1 bed flats with associated cycle storage and boundary treatments.",,owned-by-a-public-authority,2016-03-04,https://planning.wandsworth.gov.uk/Northgate/PlanningExplorer/DisplayAppDetails.aspx?AppNo=2015/5926,permissioned,full-planning-permission,,"Garages & Forecourt 72-82, 72-82 Gaskarth Road (1-6 Gaskarth Road)",,"https://www.planning.data.gov.uk/map/?dataset=brownfield-land#51.46067,-0.15474,12.539228904066391z",376,Wandsworth,E09000032,archived (end-date populated)
brownfield-land,2021-10-04,1715016,2022-12-15,,,WBR/17/0099,376,POINT(-0.15366 51.45098),brownfield-land,authoritative,WBR/17/0099,2017-12-13,geography,,yes,,0.18,19,16,Completed on 04/10/2021,,not-owned-by-a-public-authority,2018-10-15,https://planning.wandsworth.gov.uk/Northgate/PlanningExplorer/DisplayAppDetails.aspx?AppNo=2018/2949,permissioned,full-planning-permission,,"Audiology House, 45 Nightingale Lane",,"https://www.planning.data.gov.uk/map/?dataset=brownfield-land#51.46067,-0.15474,12.539228904066391z",376,Wandsworth,E09000032,archived (end-date populated)
brownfield-land,2019-04-05,1715017,2020-03-31,,,WBR/17/0100,376,POINT(-0.14459 51.41827),brownfield-land,authoritative,WBR/17/0100,2017-12-13,geography,,yes,,0.06,9,9,Non Housing Development: Demolition of existing building and erection of three-storey building to provide 9 residential self-contained flats (Outline All matters reserved).,,not-owned-by-a-public-authority,2016-04-05,https://planning.wandsworth.gov.uk/Northgate/PlanningExplorer/DisplayAppDetails.aspx?AppNo=2015/5315,permissioned,outline-planning-permission,,163 Fallsbrook Road,,"https://www.planning.data.gov.uk/map/?dataset=brownfield-land#51.46067,-0.15474,12.539228904066391z",376,Wandsworth,E09000032,archived (end-date populated)
brownfield-land,2019-11-25,1715018,2020-03-31,,,WBR/17/0101,376,POINT(-0.17524 51.47424),brownfield-land,authoritative,WBR/17/0101,2017-12-13,geography,,yes,,0.23,39,39,"Non Housing Development: Part demolition and conversion of dance academy (Use Class D1) to residential (Use Class C3), erection of single-storey roof extension and erection of five-storey extension (to provide 34 residential units); erection of 5 x four-",,not-owned-by-a-public-authority,2016-11-25,https://planning.wandsworth.gov.uk/Northgate/PlanningExplorer/DisplayAppDetails.aspx?AppNo=2015/7275,permissioned,full-planning-permission,,36 Battersea Square,,"https://www.planning.data.gov.uk/map/?dataset=brownfield-land#51.46067,-0.15474,12.539228904066391z",376,Wandsworth,E09000032,archived (end-date populated)
brownfield-land,2021-03-31,1715019,2021-03-31,,,WBR/17/0103,376,POINT(-0.18923 51.44919),brownfield-land,authoritative,WBR/17/0103,2017-12-13,geography,,yes,,0.13,5,5,Non Housing Development: Erection of a three-storey side extension to provide a 3-bedroom town house with alterations as part of change of use of Earlsfield House to provide 4 x 2-bedroom residential units.,,not-owned-by-a-public-authority,2017-10-19,https://planning.wandsworth.gov.uk/Northgate/PlanningExplorer/DisplayAppDetails.aspx?AppNo=2017/4253,permissioned,full-planning-permission,,"Earlsfield House, 1 Swaffield Road",,"https://www.planning.data.gov.uk/map/?dataset=brownfield-land#51.46067,-0.15474,12.539228904066391z",376,Wandsworth,E09000032,archived (end-date populated)
brownfield-land,2021-04-01,1715020,2022-12-15,,,WBR/17/0104,376,POINT(-0.20732 51.44448),brownfield-land,authoritative,WBR/17/0104,2017-12-13,geography,,yes,,0.1,6,6,Completed on 01/04/2021,,not-owned-by-a-public-authority,2016-05-11,https://planning.wandsworth.gov.uk/Northgate/PlanningExplorer/DisplayAppDetails.aspx?AppNo=2015/6849,permissioned,full-planning-permission,,"256 & 262, Wimbledon Park Road (Petrol Station)",,"https://www.planning.data.gov.uk/map/?dataset=brownfield-land#51.46067,-0.15474,12.539228904066391z",376,Wandsworth,E09000032,archived (end-date populated)
brownfield-land,2020-03-31,1715021,2020-03-31,,,WBR/17/0105,376,POINT(-0.18247 51.46428),brownfield-land,authoritative,WBR/17/0105,2017-12-13,geography,,yes,,0.14,89,89,"Non Housing Development: Demolition of the existing buildings and structures and the erection of a ground plus 8-storey building to provide a 185 sq m commercial unit (Class A1, A2 and/or B1) and 31 space car park on the ground floor with 89 flats above",,not-owned-by-a-public-authority,2017-08-08,https://planning.wandsworth.gov.uk/Northgate/PlanningExplorer/DisplayAppDetails.aspx?AppNo=2016/5329,permissioned,full-planning-permission,,"Shell Savoy Filling Station, 262 York Road",,"https://www.planning.data.gov.uk/map/?dataset=brownfield-land#51.46067,-0.15474,12.539228904066391z",376,Wandsworth,E09000032,archived (end-date populated)
brownfield-land,2019-08-23,1715023,2020-03-31,,,WBR/17/0108,376,POINT(-0.15703 51.47398),brownfield-land,authoritative,WBR/17/0108,2017-12-13,geography,,yes,,0.04,5,5,"Non Housing Development: Change of use of first floor of public house (Class Use A4) to 1 x 1-bedroom self-contained studio flat and 1 x 1-bedroom self-contained flat (Use Class C3). Demolition of rear ground and first floor addition, excavation to enla",,not-owned-by-a-public-authority,2017-02-27,https://planning.wandsworth.gov.uk/Northgate/PlanningExplorer/DisplayAppDetails.aspx?AppNo=2016/2773,permissioned,full-planning-permission,,339 Battersea Park Road,,"https://www.planning.data.gov.uk/map/?dataset=brownfield-land#51.46067,-0.15474,12.539228904066391z",376,Wandsworth,E09000032,archived (end-date populated)
brownfield-land,2021-03-31,1715027,2021-03-31,,,WBR/17/0113,376,POINT(-0.20083 51.45664),brownfield-land,authoritative,WBR/17/0113,2017-12-13,geography,,yes,,0.04,5,5,"Non Housing Development: Alterations including replacement of fenestration to ground floor elevations and excavation to form basement with rear lightwells in conjunction with change of use from retail (Class A1) and provision of 1 x 1-bedroom, 4 x 2-bedr",,not-owned-by-a-public-authority,2017-01-31,https://planning.wandsworth.gov.uk/Northgate/PlanningExplorer/DisplayAppDetails.aspx?AppNo=2016/6386,permissioned,full-planning-permission,,"39-43 and 39-43a, 39-43 West Hill",,"https://www.planning.data.gov.uk/map/?dataset=brownfield-land#51.46067,-0.15474,12.539228904066391z",376,Wandsworth,E09000032,archived (end-date populated)
brownfield-land,2019-04-30,1715028,2020-03-31,,,WBR/17/0114,376,POINT(-0.17876 51.45079),brownfield-land,authoritative,WBR/17/0114,2017-12-13,geography,,yes,,0.37,18,18,http://www.wandsworth.gov.uk/downloads/file/11502/local_plan_-_site_specific_allocations_document_ssad_adopted_march_2016,,not-owned-by-a-public-authority,2017-06-13,https://planning.wandsworth.gov.uk/Northgate/PlanningExplorer/DisplayAppDetails.aspx?AppNo=2016/5168,permissioned,full-planning-permission,,"Land at (west of HM Prison), Heathfield Square",,"https://www.planning.data.gov.uk/map/?dataset=brownfield-land#51.46067,-0.15474,12.539228904066391z",376,Wandsworth,E09000032,archived (end-date populated)
brownfield-land,2020-06-30,1715029,2021-03-31,,,WBR/17/0116,376,POINT(-0.18082 51.43353),brownfield-land,authoritative,WBR/17/0116,2017-12-13,geography,,yes,,0.02,9,9,Non Housing Development: Demolition of existing building (857E Garratt Lane) and erection of three-storey (plus basement) building to provide 4 x 1-bedroom flats and 6 x 2-bedroom flats including front and rear lightwells and front and rear balconies/roo,,not-owned-by-a-public-authority,2018-05-30,https://planning.wandsworth.gov.uk/Northgate/PlanningExplorer/DisplayAppDetails.aspx?AppNo=2017/4038,permissioned,full-planning-permission,,"Land rear of 857, 857 Garratt Lane",,"https://www.planning.data.gov.uk/map/?dataset=brownfield-land#51.46067,-0.15474,12.539228904066391z",376,Wandsworth,E09000032,archived (end-date populated)
brownfield-land,2019-12-11,1715031,2020-03-31,,,WBR/17/0119,376,POINT(-0.21031 51.45458),brownfield-land,authoritative,WBR/17/0119,2017-12-13,geography,,yes,,0.08,8,8,"Non Housing Development: Demolition of existing dwelling and erection of two-storey building (with accommodation at roof and basement levels), to provide 4 x 3-bedroom, 4 x 2-bedroom and 1 x 1-bedroom flats with associated roof terraces to north, east an",,not-owned-by-a-public-authority,2017-03-24,https://planning.wandsworth.gov.uk/Northgate/PlanningExplorer/DisplayAppDetails.aspx?AppNo=2016/6119,permissioned,full-planning-permission,,56 Keswick Road,,"https://www.planning.data.gov.uk/map/?dataset=brownfield-land#51.46067,-0.15474,12.539228904066391z",376,Wandsworth,E09000032,archived (end-date populated)
brownfield-land,2018-12-27,1715032,2019-03-31,,,WBR/17/0120,376,POINT(-0.16298 51.4249),brownfield-land,authoritative,WBR/17/0120,2017-12-13,geography,,yes,,0.03,5,5,Non Housing Development: Erection of a two-storey terrace comprising 5 x 1-bedroom houses.,,not-owned-by-a-public-authority,2017-03-31,https://planning.wandsworth.gov.uk/Northgate/PlanningExplorer/DisplayAppDetails.aspx?AppNo=2016/6734,permissioned,full-planning-permission,,"2A & B and 12 & 14, Church Lane",,"https://www.planning.data.gov.uk/map/?dataset=brownfield-land#51.46067,-0.15474,12.539228904066391z",376,Wandsworth,E09000032,archived (end-date populated)
brownfield-land,2019-04-20,1715033,2020-03-31,,,WBR/17/0121,376,POINT(-0.24143 51.44466),brownfield-land,authoritative,WBR/17/0121,2017-12-13,geography,,yes,,0.03,6,6,"Non Housing Development: Erection of new three storey building comprising of 6 new residential dwellings (3 x two-bedroom duplex apartments at ground and first floor level, all with private external area to the rear, and 3 x one-bedroom loft apartments w",,not-owned-by-a-public-authority,2019-10-29,https://planning.wandsworth.gov.uk/Northgate/PlanningExplorer/DisplayAppDetails.aspx?AppNo=2019/1716,permissioned,full-planning-permission,,"Heathmere School Keeper's House, Alton Road",,"https://www.planning.data.gov.uk/map/?dataset=brownfield-land#51.46067,-0.15474,12.539228904066391z",376,Wandsworth,E09000032,archived (end-date populated)
brownfield-land,2020-04-29,1715034,2021-03-31,,,WBR/17/0122,376,POINT(-0.246 51.4369),brownfield-land,authoritative,WBR/17/0122,2017-12-13,geography,,yes,,0.36,21,21,"Non Housing Development: Demolition of community centre and erection of 3/4 storey building to provide 21 flats including warden flat and communal living spaces; reduction in size of adjacent multi-use games area to create circulation and access space, b",,owned-by-a-public-authority,2016-12-15,https://planning.wandsworth.gov.uk/Northgate/PlanningExplorer/DisplayAppDetails.aspx?AppNo=2016/5949,permissioned,full-planning-permission,,"Stag House Putney Vale Youth Centre, Stroud Crescent",,"https://www.planning.data.gov.uk/map/?dataset=brownfield-land#51.46067,-0.15474,12.539228904066391z",376,Wandsworth,E09000032,archived (end-date populated)
brownfield-land,2019-10-31,1715035,2020-03-31,,,WBR/17/0123,376,POINT(-0.18701 51.43706),brownfield-land,authoritative,WBR/17/0123,2017-12-13,geography,,yes,,0.03,8,8,"Non Housing Development: Demolition of existing building and erection of a part three, part four-storey building to provide retail unit at ground floor (Class A1) and 6 x 2-bedroom and 2 x 1-bedroom flats (Class C3) on the upper floors with balconies and",,not-owned-by-a-public-authority,2017-11-24,https://planning.wandsworth.gov.uk/Northgate/PlanningExplorer/DisplayAppDetails.aspx?AppNo=2017/2903,permissioned,full-planning-permission,,528-536 Garratt Lane,,"https://www.planning.data.gov.uk/map/?dataset=brownfield-land#51.46067,-0.15474,12.539228904066391z",376,Wandsworth,E09000032,archived (end-date populated)
brownfield-land,2020-03-31,1715036,2020-03-31,,,WBR/17/0124,376,POINT(-0.14447 51.4781),brownfield-land,authoritative,WBR/17/0124,2017-12-13,geography,,yes,,0.38,162,162,"Non Housing Development: Demolition of all existing buildings and construction of 4 buildings ranging from 9 to 16 storeys in height, comprising 162 residential units; office (B1) accommodation; drinking establishment (A4); flexible workspace/non-residen",,not-owned-by-a-public-authority,2018-04-16,https://planning.wandsworth.gov.uk/Northgate/PlanningExplorer/DisplayAppDetails.aspx?AppNo=2016/5422,permissioned,full-planning-permission,,"Palmerston Court, 1-3 Havelock Terrace",,https://apps.london.gov.uk/brownfield-sites/,376,Wandsworth,E09000032,archived (end-date populated)
brownfield-land,2022-08-31,1715037,2023-12-15,,,WBR/17/0125,376,POINT(-0.15685 51.46676),brownfield-land,authoritative,WBR/17/0125,2017-12-13,geography,,yes,,0.4,18,18,Completed on 31/08/2022,,owned-by-a-public-authority,2017-01-26,https://planning.wandsworth.gov.uk/Northgate/PlanningExplorer/DisplayAppDetails.aspx?AppNo=2016/5738,permissioned,full-planning-permission,,"Garages north of 99-152, 99-152 Gideon Road",,"https://www.planning.data.gov.uk/map/?dataset=brownfield-land#51.46067,-0.15474,12.539228904066391z",376,Wandsworth,E09000032,archived (end-date populated)
brownfield-land,2020-01-26,1715038,2019-03-31,,,WBR/17/0126,376,POINT(-0.15366 51.46685),brownfield-land,authoritative,WBR/17/0126,2017-12-13,geography,,yes,,0.05,8,8,"Non Housing Development: Erection of two four storey blocks to existing residential block to provide 8 residential units with associated cycle parking, bin store and landscaping.",,owned-by-a-public-authority,2017-01-26,https://planning.wandsworth.gov.uk/Northgate/PlanningExplorer/DisplayAppDetails.aspx?AppNo=2016/5744,permissioned,full-planning-permission,,"Land east and sport court west of 27-48, 27-48 Tyneham Close",,"https://www.planning.data.gov.uk/map/?dataset=brownfield-land#51.46067,-0.15474,12.539228904066391z",376,Wandsworth,E09000032,archived (end-date populated)
brownfield-land,2024-11-29,1715039,2025-12-15,,,WBR/17/0127,376,POINT(-0.17016 51.42946),brownfield-land,authoritative,WBR/17/0127,2017-12-13,geography,,yes,,0.16,17,17,Original consent 2016/5209. Completed on 29/11/2024,,not-owned-by-a-public-authority,2019-11-14,https://planning.wandsworth.gov.uk/Northgate/PlanningExplorer/DisplayAppDetails.aspx?AppNo=2019/0866,permissioned,other,,1023-1025 Garratt Lane,,"https://www.planning.data.gov.uk/map/?dataset=brownfield-land#51.46067,-0.15474,12.539228904066391z",376,Wandsworth,E09000032,archived (end-date populated)
brownfield-land,2022-04-13,1715041,2023-12-15,,,WBR/17/0129,376,POINT(-0.22553 51.46876),brownfield-land,authoritative,WBR/17/0129,2017-12-13,geography,,yes,,0.15,9,9,Completed on 13/04/2022,,not-owned-by-a-public-authority,2018-05-11,https://planning.wandsworth.gov.uk/Northgate/PlanningExplorer/DisplayAppDetails.aspx?AppNo=2016/6604,permissioned,full-planning-permission,,"Norman Court, 160 Lower Richmond Road",,"https://www.planning.data.gov.uk/map/?dataset=brownfield-land#51.46067,-0.15474,12.539228904066391z",376,Wandsworth,E09000032,archived (end-date populated)
brownfield-land,2020-02-01,1715042,2020-03-31,,,WBR/17/0130,376,POINT(-0.19572 51.46239),brownfield-land,authoritative,WBR/17/0130,2017-12-13,geography,,yes,,0.54,172,172,http://www.wandsworth.gov.uk/downloads/file/11502/local_plan_-_site_specific_allocations_document_ssad_adopted_march_2016,,not-owned-by-a-public-authority,2017-12-21,https://planning.wandsworth.gov.uk/Northgate/PlanningExplorer/DisplayAppDetails.aspx?AppNo=2017/0090,permissioned,full-planning-permission,,"Land at Wandsworth Riverside Quarter Phase 3 (Building 6B), Point Pleasant/Osiers Road",,"https://www.planning.data.gov.uk/map/?dataset=brownfield-land#51.46067,-0.15474,12.539228904066391z",376,Wandsworth,E09000032,archived (end-date populated)
brownfield-land,2019-03-31,1715043,2019-03-31,,,WBR/17/0131,376,POINT(-0.192449 51.45374),brownfield-land,authoritative,WBR/17/0131,2017-12-13,geography,,yes,,0.08,27,27,Non Housing Development: Erection of a 20-storey mixed use building comprising 27 residential units; 31sqm cafe floorspace (Class A3) on the ground floor; associated refuse and cycle storage; rooftop solar PV array; and public realm including riverside,,not-owned-by-a-public-authority,,https://planning1.wandsworth.gov.uk/Northgate/PlanningExplorer/DisplayAppDetails.aspx?AppNo=2017/0535,pending-decision,,,Land west of 86-96 Garratt Lane,,https://maps.wandsworth.gov.uk/map/Aurora.svc/run?script=%5cAurora%5cpublic_Brownfield_Sites.AuroraScript%24&nocache=614915663&resize=always,376,Wandsworth,E09000032,archived (end-date populated)
brownfield-land,2019-10-22,1715044,2020-03-31,,,WBR/17/0132,376,POINT(-0.18594 51.44073),brownfield-land,authoritative,WBR/17/0132,2017-12-13,geography,,yes,,0.01,6,6,"Non Housing Development: Demolition of existing building and erection of a three-storey (plus basement and roof accomodation) building to provide 3 x 1-bedroom, 5 x 2-bedroom and 1 x 3-bedroom flats. Provision of cycle parking and refuse storage. Associa",,not-owned-by-a-public-authority,2017-07-26,https://planning.wandsworth.gov.uk/Northgate/PlanningExplorer/DisplayAppDetails.aspx?AppNo=2017/1589,permissioned,full-planning-permission,,19-21 St Andrews Court,,"https://www.planning.data.gov.uk/map/?dataset=brownfield-land#51.46067,-0.15474,12.539228904066391z",376,Wandsworth,E09000032,archived (end-date populated)
brownfield-land,2021-03-31,1715047,2021-03-31,,,WBR/17/0135,376,POINT(-0.21457 51.46043),brownfield-land,authoritative,WBR/17/0135,2017-12-13,geography,,yes,,0.01,5,5,Non Housing Development: Demolition of existing 5-storey office building and construction of a new 6-storey (plus lower-ground floor) mixed-use building with office space at lower-ground and ground floors and 5 x 2 bed residential flats above (1 x unit p,,not-owned-by-a-public-authority,2017-06-26,https://planning.wandsworth.gov.uk/Northgate/PlanningExplorer/DisplayAppDetails.aspx?AppNo=2017/2023,permissioned,full-planning-permission,,166 Upper Richmond Road,,https://apps.london.gov.uk/brownfield-sites/,376,Wandsworth,E09000032,archived (end-date populated)
brownfield-land,2020-03-31,1715048,2020-03-31,,,WBR/17/0136,376,POINT(-0.17286 51.42947),brownfield-land,authoritative,WBR/17/0136,2017-12-13,geography,,yes,,0.05,8,8,Non Housing Development: Demolition of No. 882 including two-storey end-of-terrace building and workshop. Erection of three-storey building with habitable roofspace comprising Class A1 (retail) use to part of ground floor and 10 residential units (studio,,not-owned-by-a-public-authority,2017-10-23,https://planning.wandsworth.gov.uk/Northgate/PlanningExplorer/DisplayAppDetails.aspx?AppNo=2017/0948,permissioned,full-planning-permission,,882-884 Garratt Lane,,"https://www.planning.data.gov.uk/map/?dataset=brownfield-land#51.46067,-0.15474,12.539228904066391z",376,Wandsworth,E09000032,archived (end-date populated)
brownfield-land,2021-12-07,1715049,2022-12-15,,,WBR/17/0137,376,POINT(-0.17382 51.46175),brownfield-land,authoritative,WBR/17/0137,2017-12-13,geography,,yes,,0.04,8,8,Completed on 07/12/2021,,not-owned-by-a-public-authority,2015-04-22,https://planning.wandsworth.gov.uk/Northgate/PlanningExplorer/DisplayAppDetails.aspx?AppNo=2013/5712,permissioned,full-planning-permission,,70-74 St John's Hill (Public open space east of 76),,"https://www.planning.data.gov.uk/map/?dataset=brownfield-land#51.46067,-0.15474,12.539228904066391z",376,Wandsworth,E09000032,archived (end-date populated)
brownfield-land,2019-02-19,1715050,2019-03-31,,,WBR/17/0138,376,POINT(-0.21572 51.463),brownfield-land,authoritative,WBR/17/0138,2017-12-13,geography,,yes,,0.03,5,5,Non Housing Development: Alterations including erection of rear extensions at second floor and third floor levels in connection with conversion of upper floors from retail (Class A1) to residential (Class C3) to create 4 x 2-bedroom and 1 x 1-bedroom fla,,not-owned-by-a-public-authority,2017-10-03,https://planning.wandsworth.gov.uk/Northgate/PlanningExplorer/DisplayAppDetails.aspx?AppNo=2017/4558,permissioned,full-planning-permission,,99-101 Putney High Street,,"https://www.planning.data.gov.uk/map/?dataset=brownfield-land#51.46067,-0.15474,12.539228904066391z",376,Wandsworth,E09000032,archived (end-date populated)
brownfield-land,2019-03-28,1715051,2019-03-31,,,WBR/17/0139,376,POINT(-0.18407 51.4643),brownfield-land,authoritative,WBR/17/0139,2017-12-13,geography,,yes,,5.32,224,224,"Non Housing Development: Non-material amendment to planning permission dated 02/01/2008 ref 2006/4533 (Erection of seventeen buildings (including those already built) comprising 1,084 residential dwellings (class C3), of which 264 will be affordable unit",,not-owned-by-a-public-authority,2016-12-19,https://planning.wandsworth.gov.uk/Northgate/PlanningExplorer/DisplayAppDetails.aspx?AppNo=2016/6301,permissioned,full-planning-permission,,"Gargoyle Wharf, York Road/Bridgend Road (Battersea Reach, (former Guinness Site))",,"https://www.planning.data.gov.uk/map/?dataset=brownfield-land#51.46067,-0.15474,12.539228904066391z",376,Wandsworth,E09000032,archived (end-date populated)
brownfield-land,2021-12-31,1715055,2021-12-31,,,WBR/17/0143,376,POINT(-0.17777 51.46926),brownfield-land,authoritative,WBR/17/0143,2017-12-13,geography,,,,0.74,90,78,The minimum and maximum number of dwellings that the land is capable of supporting are estimates. The estimates are derived from the residential capacity estimates in the London Strategic Housing Land Availability Assessment 2017. The number of dwellings that the land can support can only be determined through the planning permission process.,,not-owned-by-a-public-authority,,https://www.wandsworth.gov.uk/media/1423/local_plan_site_specific_allocations_document_adopted_march_2016.pdf,not-permissioned,,,"Heliport Estate, Lombard Road",,https://apps.london.gov.uk/brownfield-sites/,376,Wandsworth,E09000032,archived (end-date populated)
brownfield-land,2022-12-15,1715056,2022-12-15,,,WBR/17/0144,376,POINT(-0.18162 51.46522),brownfield-land,authoritative,WBR/17/0144,2017-12-13,geography,,,,0.31,89,89,The minimum and maximum number of dwellings that the land is capable of supporting are estimates derived from the Urban Design Study (2022). The number of dwellings that the land can support can only be determined through the planning permission process.,,not-owned-by-a-public-authority,,https://www.wandsworth.gov.uk/planning-and-building-control/planning-policy/local-plan/draft-local-plan-publication/,not-permissioned,,,41-47 Chatfield Road,,"https://www.planning.data.gov.uk/map/?dataset=brownfield-land#51.46067,-0.15474,12.539228904066391z",376,Wandsworth,E09000032,archived (end-date populated)
brownfield-land,2019-03-31,1715058,2019-03-31,,,WBR/17/0146,376,POINT(-0.17665 51.46992),brownfield-land,authoritative,WBR/17/0146,2017-12-13,geography,,yes,,0.7,190,165,The minimum and maximum number of dwellings that the land is capable of supporting are estimates. The estimates are derived from the residential capacity estimates in the London Strategic Housing Land Availability Assessment 2017. The number of dwellings that the land can support can only be determined through the planning permission process.,,not-owned-by-a-public-authority,,https://www.wandsworth.gov.uk/media/1423/local_plan_site_specific_allocations_document_adopted_march_2016.pdf,not-permissioned,,,York Road Business Centre,,"https://www.planning.data.gov.uk/map/?dataset=brownfield-land#51.46067,-0.15474,12.539228904066391z",376,Wandsworth,E09000032,archived (end-date populated)
brownfield-land,2025-12-15,1715062,2025-12-15,,,WBR/17/0150,376,POINT(-0.19429 51.46025),brownfield-land,authoritative,WBR/17/0150,2017-12-13,geography,,,,0.62,0,0,The minimum and maximum number of dwellings that the land is capable of supporting are estimates derived from the Urban Design Study (2022). The number of dwellings that the land can support can only be determined through the planning permission process.,,mixed-ownership,,https://www.wandsworth.gov.uk/media/large/adopted_local_plan.pdf,not-permissioned,,,"Causeway Island including Land to the east, The Causeway",,"https://www.planning.data.gov.uk/map/?dataset=brownfield-land#51.46067,-0.15474,12.539228904066391z",376,Wandsworth,E09000032,archived (end-date populated)
brownfield-land,2022-12-15,1715063,2022-12-15,,,WBR/17/0151,376,POINT(-0.19218 51.45977),brownfield-land,authoritative,WBR/17/0151,2017-12-13,geography,,yes,,2.71,462,462,The minimum and maximum number of dwellings that the land is capable of supporting are estimates derived from the Urban Design Study (2022). The number of dwellings that the land can support can only be determined through the planning permission process.,,not-owned-by-a-public-authority,,https://www.wandsworth.gov.uk/planning-and-building-control/planning-policy/local-plan/draft-local-plan-publication/,not-permissioned,,,"Hunts Trucks and adjoining gasholder, Armoury Way",,"https://www.planning.data.gov.uk/map/?dataset=brownfield-land#51.46067,-0.15474,12.539228904066391z",376,Wandsworth,E09000032,archived (end-date populated)
brownfield-land,2022-08-31,1715065,2023-12-15,,,WBR/17/0153,376,POINT(-0.19722 51.46121),brownfield-land,authoritative,WBR/17/0153,2017-12-13,geography,,yes,,0.39,168,168,The minimum and maximum number of dwellings that the land is capable of supporting are estimates. The estimates are derived from the residential capacity estimates in the London Strategic Housing Land Availability Assessment 2017. The number of dwellings that the land can support can only be determined through the planning permission process.. http://www.wandsworth.gov.uk/downloads/file/11502/local_plan_-_site_specific_allocations_document_ssad_adopted_march_2016,,not-owned-by-a-public-authority,2019-10-18,https://planning.wandsworth.gov.uk/Northgate/PlanningExplorer/DisplayAppDetails.aspx?AppNo=2018/3709,permissioned,full-planning-permission,,"9, 11 and 19 Osiers Road",,"https://www.planning.data.gov.uk/map/?dataset=brownfield-land#51.46067,-0.15474,12.539228904066391z",376,Wandsworth,E09000032,archived (end-date populated)
brownfield-land,2019-03-31,1715067,2019-03-31,,,WBR/17/0155,376,POINT(-0.17522 51.4665),brownfield-land,authoritative,WBR/17/0155,2017-12-13,geography,,yes,,15.87,486,423,The minimum and maximum number of dwellings that the land is capable of supporting are estimates. The estimates are derived from the residential capacity estimates in the London Strategic Housing Land Availability Assessment 2017. The number of dwellings that the land can support can only be determined through the planning permission process.,,owned-by-a-public-authority,,https://www.wandsworth.gov.uk/media/1423/local_plan_site_specific_allocations_document_adopted_march_2016.pdf,not-permissioned,,,Winstanley / York Road Estates,,https://apps.london.gov.uk/brownfield-sites/,376,Wandsworth,E09000032,archived (end-date populated)
brownfield-land,2021-12-31,1715069,2021-12-31,,,WBR/17/0157,376,POINT(-0.17396 51.42501),brownfield-land,authoritative,WBR/17/0157,2017-12-13,geography,,,,1.04,153,133,The minimum and maximum number of dwellings that the land is capable of supporting are estimates. The estimates are derived from the residential capacity estimates in the London Strategic Housing Land Availability Assessment 2017. The number of dwellings that the land can support can only be determined through the planning permission process.,,not-owned-by-a-public-authority,,https://www.wandsworth.gov.uk/media/8078/draft_local_plan_low_res.pdf,not-permissioned,,,"St Georges Hospital Car Park, Maybury Street",,https://apps.london.gov.uk/brownfield-sites/,376,Wandsworth,E09000032,archived (end-date populated)
brownfield-land,2020-03-31,1715071,2019-03-31,,,WBR/17/0159,376,POINT(-0.24329 51.4504),brownfield-land,authoritative,WBR/17/0159,2017-12-13,geography,,yes,,5.35,656,570,The minimum and maximum number of dwellings that the land is capable of supporting are estimates. The estimates are derived from the residential capacity estimates in the London Strategic Housing Land Availability Assessment 2017. The number of dwellings that the land can support can only be determined through the planning permission process.,,owned-by-a-public-authority,,https://www.wandsworth.gov.uk/media/1423/local_plan_site_specific_allocations_document_adopted_march_2016.pdf,not-permissioned,,,"Alton Estate, Danebury Avenue",,"https://www.planning.data.gov.uk/map/?dataset=brownfield-land#51.46067,-0.15474,12.539228904066391z",376,Wandsworth,E09000032,archived (end-date populated)
brownfield-land,2021-12-31,1715072,2021-12-31,,,WBR/17/0160,376,POINT(-0.24626 51.43936),brownfield-land,authoritative,WBR/17/0160,2017-12-13,geography,,,,1.95,342,297,The minimum and maximum number of dwellings that the land is capable of supporting are estimates. The estimates are derived from the residential capacity estimates in the London Strategic Housing Land Availability Assessment 2017. The number of dwellings that the land can support can only be determined through the planning permission process.,,not-owned-by-a-public-authority,,https://www.wandsworth.gov.uk/media/1423/local_plan_site_specific_allocations_document_adopted_march_2016.pdf,not-permissioned,,,"Asda, Roehampton Vale",,https://apps.london.gov.uk/brownfield-sites/,376,Wandsworth,E09000032,archived (end-date populated)
brownfield-land,2019-03-31,1715073,2019-03-31,,,WBR/17/0161,376,POINT(-0.1881 51.4477),brownfield-land,authoritative,WBR/17/0161,2017-12-13,geography,,yes,,2.51,134,117,The minimum and maximum number of dwellings that the land is capable of supporting are estimates. The estimates are derived from the residential capacity estimates in the London Strategic Housing Land Availability Assessment 2017. The number of dwellings that the land can support can only be determined through the planning permission process.,,not-owned-by-a-public-authority,,https://www.wandsworth.gov.uk/media/1423/local_plan_site_specific_allocations_document_adopted_march_2016.pdf,not-permissioned,,,Atheldene,,"https://www.planning.data.gov.uk/map/?dataset=brownfield-land#51.46067,-0.15474,12.539228904066391z",376,Wandsworth,E09000032,archived (end-date populated)
brownfield-land,2019-03-31,1715076,2020-01-14,,,WBR/17/0165,376,POINT(-0.18963 51.46034),brownfield-land,authoritative,WBR/17/0165,2017-12-13,geography,,,,1.02,62,54,The minimum and maximum number of dwellings that the land is capable of supporting are estimates. The estimates are derived from the residential capacity estimates in the London Strategic Housing Land Availability Assessment 2017. The number of dwellings that the land can support can only be determined through the planning permission process.,,not-owned-by-a-public-authority,,https://www.wandsworth.gov.uk/media/2433/local_plan_employment_and_industry.pdf,not-permissioned,,,"Ferrier Industrial Estate, Ferrier Street",,"https://www.planning.data.gov.uk/map/?dataset=brownfield-land#51.46067,-0.15474,12.539228904066391z",376,Wandsworth,E09000032,archived (end-date populated)
brownfield-land,2019-10-03,1715078,2020-03-31,,,WBR/18/0001,376,POINT(-0.21089 51.46287),brownfield-land,authoritative,WBR/18/0001,2018-03-31,geography,,yes,,0.04,4,4,Non Housing Development: Demolition of rear outbuildings and rear part of frontage building; erection of three-storey building at the rear to provide 3 x 2-bedroom flats; alterations to frontage building including the change of use of the ground floor f,,not-owned-by-a-public-authority,2017-10-05,https://planning.wandsworth.gov.uk/Northgate/PlanningExplorer/DisplayAppDetails.aspx?AppNo=2017/3227,permissioned,full-planning-permission,,257 Putney Bridge Road,,"https://www.planning.data.gov.uk/map/?dataset=brownfield-land#51.46067,-0.15474,12.539228904066391z",376,Wandsworth,E09000032,archived (end-date populated)
brownfield-land,2020-04-09,1715079,2021-03-31,,,WBR/18/0002,376,POINT(-0.14863 51.45236),brownfield-land,authoritative,WBR/18/0002,2018-03-31,geography,,yes,,0.1,94,94,Non Housing Development: Non-material amendment to planning permission dated 04/01/2016 ref 2015/2469 [Demolition of the existing building (Class B1 Use) and redevelopment of the site to provide a 4 -7 storey care facility (Class C2 Use) comprising 102 u,,owned-by-a-public-authority,2017-09-26,https://planning.wandsworth.gov.uk/Northgate/PlanningExplorer/DisplayAppDetails.aspx?AppNo=2017/4808,permissioned,full-planning-permission,,"Section House, 3-5 Nightingale Lane",,https://apps.london.gov.uk/brownfield-sites/,376,Wandsworth,E09000032,archived (end-date populated)
brownfield-land,2021-03-31,1715080,2021-03-31,,,WBR/18/0003,376,POINT(-0.1809 51.46658),brownfield-land,authoritative,WBR/18/0003,2018-03-31,geography,,yes,,0.05,16,16,http://www.wandsworth.gov.uk/downloads/file/11502/local_plan_-_site_specific_allocations_document_ssad_adopted_march_2016,,not-owned-by-a-public-authority,2013-04-30,https://planning.wandsworth.gov.uk/Northgate/PlanningExplorer/DisplayAppDetails.aspx?AppNo=2012/5470,permissioned,full-planning-permission,,"Trade Tower, Plantation Wharf, Coral Row (Plantation Wharf)",,https://apps.london.gov.uk/brownfield-sites/,376,Wandsworth,E09000032,archived (end-date populated)
brownfield-land,2019-03-31,1715081,2019-03-31,,,WBR/18/0004,376,POINT(-0.18962 51.44746),brownfield-land,authoritative,WBR/18/0004,2018-03-31,geography,,yes,,0.03,6,6,Non Housing Development: Retention of four-storey building (plus basement) to provide 12 flats including excavation to create basement and formation of front and rear lightwells; (Amendments to refusal of permision dated 26/10/2016 ref. 2016/3265 to inc,,not-owned-by-a-public-authority,2017-03-24,https://planning.wandsworth.gov.uk/Northgate/PlanningExplorer/DisplayAppDetails.aspx?AppNo=2016/7392,permissioned,full-planning-permission,,"Mauritius Building 200, 198-202 Garratt Lane",,"https://www.planning.data.gov.uk/map/?dataset=brownfield-land#51.46067,-0.15474,12.539228904066391z",376,Wandsworth,E09000032,archived (end-date populated)
brownfield-land,2019-03-31,1715082,2019-03-31,,,WBR/18/0005,376,POINT(-0.23455 51.46047),brownfield-land,authoritative,WBR/18/0005,2018-03-31,geography,,yes,,0.12,4,4,Non Housing Development: Variation of the description and condition 2 pursuant to planning permission dated 23/06/2017 ref 2017/1971 (Demolition of existing building and erection of a two-storey (plus basement and roof levels) building to provide 2 x 1-b,,not-owned-by-a-public-authority,2018-04-10,https://planning.wandsworth.gov.uk/Northgate/PlanningExplorer/DisplayAppDetails.aspx?AppNo=2018/0170,permissioned,full-planning-permission,,30 Woodborough Road,,"https://www.planning.data.gov.uk/map/?dataset=brownfield-land#51.46067,-0.15474,12.539228904066391z",376,Wandsworth,E09000032,archived (end-date populated)
brownfield-land,2020-03-31,1715083,2020-03-31,,,WBR/18/0006,376,POINT(-0.16664 51.44205),brownfield-land,authoritative,WBR/18/0006,2018-03-31,geography,,yes,,0.03,4,4,"Non Housing Development: Demolition of existing garage and rear extension. Erection of part two, part three-storey (basement to first floor) rear/side extensions, including formation of second floor rear roof terrace; excavation to create an enlarged ba",,not-owned-by-a-public-authority,2016-07-25,https://planning.wandsworth.gov.uk/Northgate/PlanningExplorer/DisplayAppDetails.aspx?AppNo=2016/2230,permissioned,full-planning-permission,,"Grafton House (Brodrick Road), 197 Trinity Road",,https://apps.london.gov.uk/brownfield-sites/,376,Wandsworth,E09000032,archived (end-date populated)
brownfield-land,2018-09-26,1715084,2019-03-31,,,WBR/18/0007,376,POINT(-0.17602 51.46078),brownfield-land,authoritative,WBR/18/0007,2018-03-31,geography,,yes,,0.04,3,3,Non Housing Development: Alterations to both properties including erection of front and rear roof extensions to provide an additional floor of accommodation (with french doors and safety balustrade); a roof terrace at rear of No.102 at second floor level,,not-owned-by-a-public-authority,2017-04-27,https://planning.wandsworth.gov.uk/Northgate/PlanningExplorer/DisplayAppDetails.aspx?AppNo=2016/6095,permissioned,full-planning-permission,,"100-102, St Johns Hill",,https://apps.london.gov.uk/brownfield-sites/,376,Wandsworth,E09000032,archived (end-date populated)
brownfield-land,2018-05-14,1715085,2019-03-31,,,WBR/18/0008,376,POINT(-0.15166 51.45222),brownfield-land,authoritative,WBR/18/0008,2018-03-31,geography,,yes,,0.02,4,4,Non Housing Development: Demolition of existing rear extension; alterations including erection of dormer roof extension to main rear roof; erection of two-storey rear extension with roof terraces and associated screening; excavation to create basement in,,not-owned-by-a-public-authority,2016-11-28,https://planning.wandsworth.gov.uk/Northgate/PlanningExplorer/DisplayAppDetails.aspx?AppNo=2016/4608,permissioned,full-planning-permission,,2 Alderbrook Road,,https://apps.london.gov.uk/brownfield-sites/,376,Wandsworth,E09000032,archived (end-date populated)
brownfield-land,2019-03-31,1715086,2019-03-31,,,WBR/18/0009,376,POINT(-0.17236 51.42407),brownfield-land,authoritative,WBR/18/0009,2018-03-31,geography,,yes,,0.04,3,3,"Non Housing Development: Alterations including erection of mansard roof extension to provide an additional storey, replacement shopfront, and part 2-storey part 3-storey side and rear extension to provide 5 flats (2 x 1-bedroom, 3 x 2-bedroom) and ground",,not-owned-by-a-public-authority,2017-02-27,https://planning.wandsworth.gov.uk/Northgate/PlanningExplorer/DisplayAppDetails.aspx?AppNo=2016/4465,permissioned,full-planning-permission,,192-194 Tooting High Street,,https://apps.london.gov.uk/brownfield-sites/,376,Wandsworth,E09000032,archived (end-date populated)
brownfield-land,2018-07-18,1715087,2019-03-31,,,WBR/18/0010,376,POINT(-0.16102 51.42136),brownfield-land,authoritative,WBR/18/0010,2018-03-31,geography,,yes,,0.03,3,3,Non Housing Development: Alterations including the erection of a three storey side and rear extension; roof extensions to main rear roof and above two storey back additions; formation of roof terrace at roof level with safety surround in association with,,not-owned-by-a-public-authority,2017-08-03,https://planning.wandsworth.gov.uk/Northgate/PlanningExplorer/DisplayAppDetails.aspx?AppNo=2017/2098,permissioned,full-planning-permission,,256-264 Mitcham Road,,https://apps.london.gov.uk/brownfield-sites/,376,Wandsworth,E09000032,archived (end-date populated)
brownfield-land,2020-12-11,1715089,2021-03-31,,,WBR/18/0012,376,POINT(-0.1525 51.44406),brownfield-land,authoritative,WBR/18/0012,2018-03-31,geography,,yes,,0.01,4,4,"Non Housing Development: Part demolition of existing building and erection of a 4-storey building accommodating retail (A1 use class) at ground floor and basement level, and 5 self-contained residential units (C3 use class) (3 x 1 bed, 2 x 2 bed) above,",,not-owned-by-a-public-authority,2015-07-10,https://planning.wandsworth.gov.uk/Northgate/PlanningExplorer/DisplayAppDetails.aspx?AppNo=2015/1205,permissioned,full-planning-permission,,"Upper floors, 182 Balham High Road",,"https://www.planning.data.gov.uk/map/?dataset=brownfield-land#51.46067,-0.15474,12.539228904066391z",376,Wandsworth,E09000032,archived (end-date populated)
brownfield-land,2021-03-31,1715090,2021-03-31,,,WBR/18/0013,376,POINT(-0.1676 51.42813),brownfield-land,authoritative,WBR/18/0013,2018-03-31,geography,,yes,,0.01,3,3,http://www.wandsworth.gov.uk/downloads/file/11502/local_plan_-_site_specific_allocations_document_ssad_adopted_march_2016,,not-owned-by-a-public-authority,2017-12-08,https://planning.wandsworth.gov.uk/Northgate/PlanningExplorer/DisplayAppDetails.aspx?AppNo=2017/0811,permissioned,full-planning-permission,,65 Tooting High Street,,https://apps.london.gov.uk/brownfield-sites/,376,Wandsworth,E09000032,archived (end-date populated)
brownfield-land,2020-05-19,1715091,2021-03-31,,,WBR/18/0014,376,POINT(-0.16353 51.45464),brownfield-land,authoritative,WBR/18/0014,2018-03-31,geography,,yes,,0.06,5,2,"Non Housing Development: Alterations including removal of existing mansard roof, raising front and rear elevation walls to second floor level, erection of roof extension to create additional floor of accommodation at third floor level, extension on front",,not-owned-by-a-public-authority,2018-03-27,https://planning.wandsworth.gov.uk/Northgate/PlanningExplorer/DisplayAppDetails.aspx?AppNo=2017/6883,permissioned,full-planning-permission,,"Land rear of 86-90, Chatham Road (86a and 86b)",,"https://www.planning.data.gov.uk/map/?dataset=brownfield-land#51.46067,-0.15474,12.539228904066391z",376,Wandsworth,E09000032,archived (end-date populated)
brownfield-land,2021-03-31,1715092,2021-03-31,,,WBR/18/0015,376,POINT(-0.1972 51.45732),brownfield-land,authoritative,WBR/18/0015,2018-03-31,geography,,yes,,0.02,6,6,"Non Housing Development: Demolition of existing two-storey building and erection of a six-storey building to provide a commercial unit (for either A1-A5 or D2 use) on the ground floor, and one studio, 6 x 1-bedroom flats; 1 x 2-bedroom flat, with associa",,not-owned-by-a-public-authority,2018-03-23,https://planning.wandsworth.gov.uk/Northgate/PlanningExplorer/DisplayAppDetails.aspx?AppNo=2018/0079,permissioned,full-planning-permission,,130-132 Wandsworth High Street,,https://apps.london.gov.uk/brownfield-sites/,376,Wandsworth,E09000032,archived (end-date populated)
brownfield-land,2019-03-31,1715093,2019-03-31,,,WBR/18/0016,376,POINT(-0.16324 51.43294),brownfield-land,authoritative,WBR/18/0016,2018-03-31,geography,,yes,,0.03,4,4,Non Housing Development: Alterations including erection of a first floor extension and second floor of accommodation in connection with the conversion of the property from 2 x 3-bedroom flats into 5 x 1-bedroom flats and 1 x 2-bedroom flats.,,not-owned-by-a-public-authority,2017-09-22,https://planning.wandsworth.gov.uk/Northgate/PlanningExplorer/DisplayAppDetails.aspx?AppNo=2017/3661,permissioned,full-planning-permission,,111-113 Upper Tooting Road,,https://apps.london.gov.uk/brownfield-sites/,376,Wandsworth,E09000032,archived (end-date populated)
brownfield-land,2021-03-31,1715094,2021-03-31,,,WBR/18/0017,376,POINT(-0.16885 51.43094),brownfield-land,authoritative,WBR/18/0017,2018-03-31,geography,,yes,,0.03,6,6,"Non Housing Development: Erection of a three-storey building (plus basement level with front and rear lightwells) to provide 6 residential flats (1 x 3-bedroom, 2 x 2-bedroom and 3 x 1-bedrooms units) with balconies to the rear and roof terraces to front",,not-owned-by-a-public-authority,2017-09-25,https://planning.wandsworth.gov.uk/Northgate/PlanningExplorer/DisplayAppDetails.aspx?AppNo=2017/0847,permissioned,full-planning-permission,,"Land west of, 17 Broadwater Road",,https://apps.london.gov.uk/brownfield-sites/,376,Wandsworth,E09000032,archived (end-date populated)
brownfield-land,2021-03-31,1715095,2021-03-31,,,WBR/18/0018,376,POINT(-0.14938 51.44563),brownfield-land,authoritative,WBR/18/0018,2018-03-31,geography,,yes,,0.04,4,4,"Non Housing Development: Alterations including the erection of a part single, part two-storey rear extension and excavation of a basement level including formation of front lightwell with grille over and rear lightwell with high screen surrounds; in conn",,not-owned-by-a-public-authority,2018-02-09,https://planning.wandsworth.gov.uk/Northgate/PlanningExplorer/DisplayAppDetails.aspx?AppNo=2017/6879,permissioned,full-planning-permission,,5 Laitwood Road,,https://apps.london.gov.uk/brownfield-sites/,376,Wandsworth,E09000032,archived (end-date populated)
brownfield-land,2022-12-15,1715096,2022-12-15,,,WBR/18/0019,376,POINT(-0.15123 51.44833),brownfield-land,authoritative,WBR/18/0019,2018-03-31,geography,,yes,,0.01,4,4,"Non Housing Development: Demolition of existing building and erection of a four-storey building to provide 1 x studio, 1 x 1-bedroom and 2 x 2 bedroom flats, the erection of a single-storey (plus basement) 1-bedroom house; associated cycle and refuse st",,not-owned-by-a-public-authority,2017-10-24,https://planning.wandsworth.gov.uk/Northgate/PlanningExplorer/DisplayAppDetails.aspx?AppNo=2017/3137,permissioned,full-planning-permission,,37 Oldridge Road,,"https://www.planning.data.gov.uk/map/?dataset=brownfield-land#51.46067,-0.15474,12.539228904066391z",376,Wandsworth,E09000032,archived (end-date populated)
brownfield-land,2022-03-31,1715097,2022-12-15,,,WBR/18/0020,376,POINT(-0.16512 51.47204),brownfield-land,authoritative,WBR/18/0020,2018-03-31,geography,,yes,,0.01,4,4,Completed on 31/03/2022,,not-owned-by-a-public-authority,2017-09-25,https://planning.wandsworth.gov.uk/Northgate/PlanningExplorer/DisplayAppDetails.aspx?AppNo=2017/0975,permissioned,full-planning-permission,,501 Battersea Park Road,,"https://www.planning.data.gov.uk/map/?dataset=brownfield-land#51.46067,-0.15474,12.539228904066391z",376,Wandsworth,E09000032,archived (end-date populated)
brownfield-land,2020-01-10,1715098,2020-03-31,,,WBR/18/0021,376,POINT(-0.16079 51.42215),brownfield-land,authoritative,WBR/18/0021,2018-03-31,geography,,yes,,0.03,4,4,"Non Housing Development: Alterations including erection of a three-storey rear extension plus mansard roof extension to main rear roof and over rear extension, erection of a single storey rear/side extension, enlargement of basement including formation o",,not-owned-by-a-public-authority,2017-09-25,https://planning.wandsworth.gov.uk/Northgate/PlanningExplorer/DisplayAppDetails.aspx?AppNo=2017/2906,permissioned,full-planning-permission,,228 Mitcham Road,,https://apps.london.gov.uk/brownfield-sites/,376,Wandsworth,E09000032,archived (end-date populated)
brownfield-land,2021-03-31,1715099,2021-03-31,,,WBR/18/0022,376,POINT(-0.1678 51.42923),brownfield-land,authoritative,WBR/18/0022,2018-03-31,geography,,yes,,0.12,8,8,Non Housing Development: Demolition of existing buildings in association with an MOT garage. Erection of a three-storey building to create 3 x 2-bedroom flats; erection of two-storey building to create 2 x1-bedroom flats and erection of 2 x two-storey 2-,,not-owned-by-a-public-authority,2018-02-27,https://planning.wandsworth.gov.uk/Northgate/PlanningExplorer/DisplayAppDetails.aspx?AppNo=2017/3316,permissioned,full-planning-permission,,15a Selkirk Road,,https://apps.london.gov.uk/brownfield-sites/,376,Wandsworth,E09000032,archived (end-date populated)
brownfield-land,2020-03-31,1715100,2020-03-31,,,WBR/18/0023,376,POINT(-0.21618 51.46223),brownfield-land,authoritative,WBR/18/0023,2018-03-31,geography,,yes,,0.1,4,4,Non Housing Development: Alterations including erection of front and rear mansard roof extensions to provide additional floor of accommodation; first floor level rear extensions with roof terraces above and rear access walkway in connection with reconfig,,not-owned-by-a-public-authority,2018-01-12,https://planning.wandsworth.gov.uk/Northgate/PlanningExplorer/DisplayAppDetails.aspx?AppNo=2017/6286,permissioned,full-planning-permission,,121-135 Putney High Street,,"https://www.planning.data.gov.uk/map/?dataset=brownfield-land#51.46067,-0.15474,12.539228904066391z",376,Wandsworth,E09000032,archived (end-date populated)
brownfield-land,2019-05-10,1715101,2020-03-31,,,WBR/18/0024,376,POINT(-0.15972 51.46327),brownfield-land,authoritative,WBR/18/0024,2018-03-31,geography,,yes,,0.02,7,7,"Non Housing Development: Alterations including the erection of mansard extension to main rear roof including raising the ridge; erection of extension above part of rear addition, and raising of the eaves of the rear addition; formation of roof terrace ab",,not-owned-by-a-public-authority,2018-03-05,https://planning.wandsworth.gov.uk/Northgate/PlanningExplorer/DisplayAppDetails.aspx?AppNo=2017/5993,permissioned,full-planning-permission,,30 Sisters Avenue,,https://apps.london.gov.uk/brownfield-sites/,376,Wandsworth,E09000032,archived (end-date populated)
brownfield-land,2020-03-31,1715104,2019-03-31,,,WBR/18/0027,376,POINT(-0.17005 51.47645),brownfield-land,authoritative,WBR/18/0027,2018-03-31,geography,,,,0.25,57,50,The minimum and maximum number of dwellings that the land is capable of supporting are estimates. The estimates are derived from the residential capacity estimates in the London Strategic Housing Land Availability Assessment 2017. The number of dwellings that the land can support can only be determined through the planning permission process.,,owned-by-a-public-authority,,,not-permissioned,,,"Surrey Lane Estate, Randall Close (Car Park adjacent to Day Centre)",,https://apps.london.gov.uk/brownfield-sites/,376,Wandsworth,E09000032,archived (end-date populated)
brownfield-land,2020-03-31,1715105,2019-03-31,,,WBR/18/0028,376,POINT(-0.16909 51.47667),brownfield-land,authoritative,WBR/18/0028,2018-03-31,geography,,,,0.22,40,35,The minimum and maximum number of dwellings that the land is capable of supporting are estimates. The estimates are derived from the residential capacity estimates in the London Strategic Housing Land Availability Assessment 2017. The number of dwellings that the land can support can only be determined through the planning permission process.,,owned-by-a-public-authority,,,not-permissioned,,,"Day Centre, 2 Randall Close",,https://apps.london.gov.uk/brownfield-sites/,376,Wandsworth,E09000032,archived (end-date populated)
brownfield-land,2021-12-31,1715108,2021-12-31,,,WBR/18/0031,376,POINT(-0.17002 51.46455),brownfield-land,authoritative,WBR/18/0031,2018-03-31,geography,,,,17.66,157,137,The minimum and maximum number of dwellings that the land is capable of supporting are estimates. The estimates are derived from the residential capacity estimates in the London Strategic Housing Land Availability Assessment 2017. The number of dwellings that the land can support can only be determined through the planning permission process.,,owned-by-a-public-authority,,https://www.wandsworth.gov.uk/media/1423/local_plan_site_specific_allocations_document_adopted_march_2016.pdf,not-permissioned,,,"Clapham Junction Station, St Johns Hill",,https://apps.london.gov.uk/brownfield-sites/,376,Wandsworth,E09000032,archived (end-date populated)
brownfield-land,2021-12-16,1715109,2022-12-15,,,WBR/18/0032,376,POINT(-0.16517 51.43149),brownfield-land,authoritative,WBR/18/0032,2018-03-31,geography,,yes,,0.56,41,41,Completed on 16/12/2021,,not-owned-by-a-public-authority,2018-08-10,https://planning.wandsworth.gov.uk/Northgate/PlanningExplorer/DisplayAppDetails.aspx?AppNo=2017/4726,permissioned,full-planning-permission,,"Dadu's Parade, 180-218 Upper Tooting Road",,"https://www.planning.data.gov.uk/map/?dataset=brownfield-land#51.46067,-0.15474,12.539228904066391z",376,Wandsworth,E09000032,archived (end-date populated)
brownfield-land,2021-02-22,1715696,2022-12-14,,,RBR/17/0056,266,POINT(-0.300579 51.466647),brownfield-land,authoritative,RBR/17/0056,2019-12-11,geography,,yes,,0.044,71,71,,,owned-by-a-public-authority,2019-07-15,https://planning.richmond.gov.uk/richmond/application-details/?ref=18/3950/FUL,permissioned,full-planning-permission,,"Royal Hospital, Kew Foot Road Richmond",,"https://www.planning.data.gov.uk/map/?dataset=brownfield-land#51.4666,-0.300579,17z",266,Richmond upon Thames,E09000027,archived (end-date populated)
brownfield-land,2020-03-30,1715697,2020-12-21,,,RBR/17/0057,266,POINT(-0.310516 51.414499),brownfield-land,authoritative,RBR/17/0057,2019-12-17,geography,,yes,,0.779,34,28,,,not-owned-by-a-public-authority,2019-12-12,https://planning.richmond.gov.uk/richmond/application-details/?ref=19/0111/FUL,permissioned,full-planning-permission,,12 To 14 Station Road And 13 And 19 To 33 Lower Teddington Road Hampton Wick,,"https://www.planning.data.gov.uk/map/?dataset=brownfield-land#51.4145,-0.310516,17z",266,Richmond upon Thames,E09000027,archived (end-date populated)
brownfield-land,2021-02-01,1715698,2021-12-21,,,RBR/17/0058,266,POINT(-0.313246 51.412359),brownfield-land,authoritative,RBR/17/0058,2020-12-21,geography,,yes,,0.081,9,9,,,not-owned-by-a-public-authority,2018-07-09,http://www2.richmond.gov.uk/plandata2/Planning_CaseNo.aspx?strCASENO=17/1550/FUL,permissioned,full-planning-permission,,"The Firs, Church Grove, Hampton Wick, KT1 4AL",,https://maps.london.gov.uk/brownfield-sites/,266,Richmond upon Thames,E09000027,archived (end-date populated)
brownfield-land,2023-08-08,1715700,2024-09-01,,,RBR/17/0060,266,POINT(-0.252172 51.466006),brownfield-land,authoritative,RBR/17/0060,2020-12-21,geography,,yes,,0.095,9,9,,,not-owned-by-a-public-authority,2023-08-08,https://planning.richmond.gov.uk/richmond/application-details/?ref=22/2360/FUL,permissioned,full-planning-permission,,"26-28 Priests Bridge, East Sheen, SW14 8TA",,"https://www.planning.data.gov.uk/map/?dataset=brownfield-land#51.466,-0.252172,17z",266,Richmond upon Thames,E09000027,archived (end-date populated)
brownfield-land,2022-11-14,1715701,2023-12-14,,,RBR/17/0061,266,POINT(-0.297607 51.466218),brownfield-land,authoritative,RBR/17/0061,2020-12-21,geography,,yes,,0.028,7,7,,,not-owned-by-a-public-authority,2022-11-21,https://planning.richmond.gov.uk/richmond/application-details/?ref=22/2177/FUL,permissioned,full-planning-permission,,"102 - 104 Kew Road, Richmond, TW9 2PQ",,"https://www.planning.data.gov.uk/map/?dataset=brownfield-land#51.4662,-0.297607,17z",266,Richmond upon Thames,E09000027,archived (end-date populated)
brownfield-land,2021-06-08,1715705,2022-12-14,,,RBR/17/0065,266,POINT(-0.313797 51.425415),brownfield-land,authoritative,RBR/17/0065,2020-12-21,geography,,yes,,0.128,5,5,,,not-owned-by-a-public-authority,2019-08-13,https://planning.richmond.gov.uk/richmond/application-details/?ref=15/3296/FUL,permissioned,full-planning-permission,,"Garages Site A, Bucklands Road, Teddington",,"https://www.planning.data.gov.uk/map/?dataset=brownfield-land#51.4254,-0.313797,17z",266,Richmond upon Thames,E09000027,archived (end-date populated)
brownfield-land,2023-03-31,1715706,2022-12-14,,,RBR/17/0066,266,POINT(-0.286163 51.474101),brownfield-land,authoritative,RBR/17/0066,2021-12-21,geography,,yes,,0.021,5,5,,,not-owned-by-a-public-authority,2020-11-27,https://planning.richmond.gov.uk/richmond/application-details/?ref=20/0899/GPD15,permissioned,full-planning-permission,,The Coach House 273A Sandycombe Road Richmond TW9 3LU,,"https://www.planning.data.gov.uk/map/?dataset=brownfield-land#51.4741,-0.286163,17z",266,Richmond upon Thames,E09000027,archived (end-date populated)
brownfield-land,2022-02-01,1715708,2022-12-14,,,RBR/17/0068,266,POINT(-0.276075 51.464561),brownfield-land,authoritative,RBR/17/0068,2021-12-21,geography,,yes,,0.022,7,7,,,not-owned-by-a-public-authority,2020-10-22,https://planning.richmond.gov.uk/richmond/application-details/?ref=19/3905/FUL,permissioned,full-planning-permission,,"422 Upper Richmond Road West, East Sheen",,"https://www.planning.data.gov.uk/map/?dataset=brownfield-land#51.4646,-0.276075,17z",266,Richmond upon Thames,E09000027,archived (end-date populated)
brownfield-land,2025-03-17,1715710,2025-12-15,,,RBR/17/0070,266,POINT(-0.352481 51.429668),brownfield-land,authoritative,RBR/17/0070,2020-12-21,geography,,yes,,0.033,6,6,,,not-owned-by-a-public-authority,2022-10-31,https://planning.richmond.gov.uk/richmond/application-details/?ref=21/2729/FUL,permissioned,full-planning-permission,,"85 Connaught Road, Teddington, TW11 0QQ",,"https://www.planning.data.gov.uk/map/?dataset=brownfield-land#51.4297,-0.352481,17z",266,Richmond upon Thames,E09000027,archived (end-date populated)
brownfield-land,2019-12-17,1715987,2019-12-17,,,RBG-104,150,,brownfield-land,authoritative,RBG-104,2018-12-17,geography,,yes,,0.05,4,4,17/1805/F. Completed in 2019.,,not-owned-by-a-public-authority,2017-08-04,https://www.royalgreenwich.gov.uk/info/200193/planning_applications_and_permissions/21/view_planning_applications_decisions_and_appeals,permissioned,full-planning-permission,,"Glenmore Arms, 41 Edison Grove",,,150,Greenwich,E09000011,archived (end-date populated)
brownfield-land,2017-10-31,1716502,2023-09-30,,,BLR002,43,POINT(0.139018 51.457403),brownfield-land,authoritative,BLR002,2017-12-07,geography,,yes,,0.02,5,5,14/01611/PRIOR,,not-owned-by-a-public-authority,2014-10-31,http://pa.bexley.gov.uk/online-applications/propertyDetails.do?activeTab=relatedCases&keyVal=002BQPBELI000,permissioned,other,,"1st Floor, 234-236 Broadway, Bexleyheath",,https://www.bexley.gov.uk/services/planning-and-building-control/planning-policy-and-guidance/brownfield-land-register,43,Bexley,E09000004,archived (end-date populated)
brownfield-land,2022-04-01,1716504,2023-09-30,,,BLR004,43,POINT(0.179216 51.452927),brownfield-land,authoritative,BLR004,2017-12-07,geography,,yes,,0.03,27,27,"17/00781/PRIOR, 17/00779/PRIOR, 18/00485/PRIOR, 17/02727/PRIOR",,not-owned-by-a-public-authority,2018-04-04,http://pa.bexley.gov.uk/online-applications/propertyDetails.do?activeTab=relatedCases&keyVal=002FIKBELI000,permissioned,other,,"76-84 Crayford High Street, Crayford",,https://www.bexley.gov.uk/services/planning-and-building-control/planning-policy-and-guidance/brownfield-land-register,43,Bexley,E09000004,archived (end-date populated)
brownfield-land,2019-04-01,1716505,2023-09-30,,,BLR005,43,POINT(0.103024 51.426356),brownfield-land,authoritative,BLR005,2017-12-07,geography,,yes,,0.05,5,5,09/01442/FUL01,,not-owned-by-a-public-authority,2014-06-24,http://pa.bexley.gov.uk/online-applications/propertyDetails.do?activeTab=relatedCases&keyVal=JJGRRHBE50001,permissioned,full-planning-permission,,"Land to the rear of, 89 Sidcup High Street, Sidcup",,https://www.bexley.gov.uk/services/planning-and-building-control/planning-policy-and-guidance/brownfield-land-register,43,Bexley,E09000004,archived (end-date populated)
brownfield-land,2019-04-01,1716506,2023-09-30,,,BLR006,43,POINT(0.137984 51.455804),brownfield-land,authoritative,BLR006,2017-12-07,geography,,yes,,0.05,5,5,15/02772/FUL,,not-owned-by-a-public-authority,2016-02-01,http://pa.bexley.gov.uk/online-applications/propertyDetails.do?activeTab=relatedCases&keyVal=0029S0BELI000,permissioned,full-planning-permission,,"61-63 Lion Road, Bexleyheath",,https://www.bexley.gov.uk/services/planning-and-building-control/planning-policy-and-guidance/brownfield-land-register,43,Bexley,E09000004,archived (end-date populated)
brownfield-land,2019-04-01,1716508,2023-09-30,,,BLR020,43,POINT(0.104354 51.425503),brownfield-land,authoritative,BLR020,2017-12-07,geography,,yes,,0.05,6,6,15/00082/FUL,,not-owned-by-a-public-authority,2016-04-22,http://pa.bexley.gov.uk/online-applications/propertyDetails.do?activeTab=relatedCases&keyVal=0002CHBELI000,permissioned,full-planning-permission,,"70-74 Sidcup High Street, Sidcup",,https://www.bexley.gov.uk/services/planning-and-building-control/planning-policy-and-guidance/brownfield-land-register,43,Bexley,E09000004,archived (end-date populated)
brownfield-land,2022-04-08,1716509,2022-12-31,,,BLR021,43,POINT(0.115881 51.461342),brownfield-land,authoritative,BLR021,2017-12-07,geography,,yes,,0.06,6,6,16/00428/FUL,,not-owned-by-a-public-authority,2016-07-11,http://pa.bexley.gov.uk/online-applications/propertyDetails.do?activeTab=relatedCases&keyVal=0027MGBELI000,permissioned,full-planning-permission,,"178 Park View Road, Welling",,https://www.bexley.gov.uk/services/planning-and-building-control/planning-policy-and-guidance/brownfield-land-register,43,Bexley,E09000004,archived (end-date populated)
brownfield-land,2021-02-02,1716510,2022-12-31,,,BLR022,43,POINT(0.118193 51.44767),brownfield-land,authoritative,BLR022,2017-12-07,geography,,yes,,0.07,6,6,16/02004/FUL,,not-owned-by-a-public-authority,2017-03-21,http://pa.bexley.gov.uk/online-applications/propertyDetails.do?activeTab=relatedCases&keyVal=0027F8BELI000,permissioned,full-planning-permission,,"475, 475a and 475b Blackfen Road, Sidcup",,https://www.bexley.gov.uk/services/planning-and-building-control/planning-policy-and-guidance/brownfield-land-register,43,Bexley,E09000004,archived (end-date populated)
brownfield-land,2019-04-01,1716513,2023-09-30,,,BLR029,43,POINT(0.089844 51.429016),brownfield-land,authoritative,BLR029,2017-12-07,geography,,yes,,0.06,7,7,16/00665/PRIOR,,not-owned-by-a-public-authority,2016-04-22,http://pa.bexley.gov.uk/online-applications/propertyDetails.do?activeTab=relatedCases&keyVal=0026J6BELI000,permissioned,other,,"241 Main Road, Sidcup",,https://www.bexley.gov.uk/services/planning-and-building-control/planning-policy-and-guidance/brownfield-land-register,43,Bexley,E09000004,archived (end-date populated)
brownfield-land,2021-02-22,1716514,2022-12-31,,,BLR033,43,POINT(0.102713 51.425546),brownfield-land,authoritative,BLR033,2017-12-07,geography,,yes,,0.06,9,9,19/01372/FULM,,owned-by-a-public-authority,2019-10-14,http://pa.bexley.gov.uk/online-applications/propertyDetails.do?activeTab=relatedCases&keyVal=0002EYBELI000,permissioned,full-planning-permission,,"106 Sidcup High Street, Sidcup",,https://www.bexley.gov.uk/services/planning-and-building-control/planning-policy-and-guidance/brownfield-land-register,43,Bexley,E09000004,archived (end-date populated)
brownfield-land,2019-04-01,1716515,2023-09-30,,,BLR034,43,POINT(0.147791 51.48234),brownfield-land,authoritative,BLR034,2017-12-07,geography,,yes,,0.07,8,8,16/02008/FULM,,not-owned-by-a-public-authority,2016-12-19,http://pa.bexley.gov.uk/online-applications/propertyDetails.do?activeTab=relatedCases&keyVal=0028JSBELI000|http://pa.bexley.gov.uk/online-applications/propertyDetails.do?activeTab=relatedCases&keyVal=IVI3A1BELI123|http://pa.bexley.gov.uk/online-applications/propertyDetails.do?activeTab=relatedCases&keyVal=IYXUY4BE30000|http://pa.bexley.gov.uk/online-applications/propertyDetails.do?activeTab=relatedCases&keyVal=0028I5BELI000,permissioned,full-planning-permission,,"28 - 32 Nuxley Road, Belvedere",,https://www.bexley.gov.uk/services/planning-and-building-control/planning-policy-and-guidance/brownfield-land-register,43,Bexley,E09000004,archived (end-date populated)
brownfield-land,2019-04-01,1716516,2023-09-30,,,BLR035,43,POINT(0.175847 51.451474),brownfield-land,authoritative,BLR035,2017-12-07,geography,,yes,,0.09,8,8,13/01724/FUL,,not-owned-by-a-public-authority,2014-03-28,http://pa.bexley.gov.uk/online-applications/propertyDetails.do?activeTab=relatedCases&keyVal=000UUIBELI000,permissioned,full-planning-permission,,"Duke Of Wellington, 92 London Road, Crayford",,https://www.bexley.gov.uk/services/planning-and-building-control/planning-policy-and-guidance/brownfield-land-register,43,Bexley,E09000004,archived (end-date populated)
brownfield-land,2021-12-16,1716518,2022-12-31,,,BLR038,43,POINT(0.105592 51.462839),brownfield-land,authoritative,BLR038,2017-12-07,geography,,yes,,0.07,9,9,"15/00713/OUT01, 15/00713/OUT",,not-owned-by-a-public-authority,2019-01-24,http://pa.bexley.gov.uk/online-applications/propertyDetails.do?activeTab=relatedCases&keyVal=IYBQKDBE30000,permissioned,reserved-matters-approval,,"52 - 54 Bellegrove Road, Welling",,https://www.bexley.gov.uk/services/planning-and-building-control/planning-policy-and-guidance/brownfield-land-register,43,Bexley,E09000004,archived (end-date populated)
brownfield-land,2020-10-20,1716519,2022-12-31,,,BLR041,43,POINT(0.164092 51.474548),brownfield-land,authoritative,BLR041,2017-12-07,geography,,yes,,0.11,9,9,19/00039/FUL,,not-owned-by-a-public-authority,2019-03-19,http://pa.bexley.gov.uk/online-applications/propertyDetails.do?activeTab=relatedCases&keyVal=0000ROBELI000,permissioned,full-planning-permission,,"176-178 Bexley Road, Erith",,https://www.bexley.gov.uk/services/planning-and-building-control/planning-policy-and-guidance/brownfield-land-register,43,Bexley,E09000004,archived (end-date populated)
brownfield-land,2016-03-21,1716520,2017-12-07,,,BLR042,43,POINT(0.160255 51.45411),brownfield-land,authoritative,BLR042,2017-12-07,geography,,yes,,0.11,9,9,"14/02401/FUL. Demolition of the existing dwelling and erection of one three storey block comprising of 5 x 2-bedroom and 4 x 1-bedroom apartments together with provision of on-site parking, bicycle storage, bin storage and a landscaped communal amenity area.",,not-owned-by-a-public-authority,2015-03-27,http://pa.bexley.gov.uk/online-applications/propertyDetails.do?activeTab=relatedCases&keyVal=ONKPHIBE0MU01,permissioned,full-planning-permission,,"124 Watling Street, Bexleyheath",,http://www.bexley.gov.uk/sites/bexley-cms/files/2017-12/124-Watling-Street-Bexleyheath_0.pdf,43,Bexley,E09000004,archived (end-date populated)
brownfield-land,2021-12-23,1716521,2022-12-31,,,BLR054,43,POINT(0.140854 51.457259),brownfield-land,authoritative,BLR054,2017-12-07,geography,,yes,,0.15,25,7,"17/00967/PRIOR, 19/02213/FUL, 21/03836/PRIORC, 21/00046/FUL, 20/00431/PRIOR",,not-owned-by-a-public-authority,2022-03-11,http://pa.bexley.gov.uk/online-applications/propertyDetails.do?activeTab=relatedCases&keyVal=0029F2BELI000,permissioned,other,,"Broadway House, Trinity Place",,https://www.bexley.gov.uk/services/planning-and-building-control/planning-policy-and-guidance/brownfield-land-register,43,Bexley,E09000004,archived (end-date populated)
brownfield-land,2020-05-30,1716524,2023-09-30,,,BLR061,43,POINT(0.141623 51.457136),brownfield-land,authoritative,BLR061,2017-12-07,geography,,yes,,0.11,47,47,17/00988/PRIOR,,owned-by-a-public-authority,2017-05-30,http://pa.bexley.gov.uk/online-applications/propertyDetails.do?activeTab=relatedCases&keyVal=0029IDBELI000,permissioned,other,,"Westminster House, 186-194 Broadway, Bexleyheath",,https://www.bexley.gov.uk/services/planning-and-building-control/planning-policy-and-guidance/brownfield-land-register,43,Bexley,E09000004,archived (end-date populated)
brownfield-land,2019-08-01,1716526,2022-12-31,,,BLR076,43,POINT(0.123935 51.499214),brownfield-land,authoritative,BLR076,2017-12-07,geography,,yes,,1.86,329,329,16/01287/OUTM,,mixed-ownership,2016-12-22,http://pa.bexley.gov.uk/online-applications/applicationDetails.do?activeTab=relatedCases&keyVal=O7OARLBE01D00,permissioned,outline-planning-permission,,"Land At Binsey Walk, Thamesmead",,https://www.bexley.gov.uk/services/planning-and-building-control/planning-policy-and-guidance/brownfield-land-register,43,Bexley,E09000004,archived (end-date populated)
brownfield-land,2020-01-20,1716527,2023-09-30,,,BLR077,43,POINT(0.188358 51.472843),brownfield-land,authoritative,BLR077,2017-12-07,geography,,yes,,6.14,336,336,"15/00370/OUTM, 18/03292/FUL, 19/02955/FUL",,not-owned-by-a-public-authority,2020-03-23,http://pa.bexley.gov.uk/online-applications/propertyDetails.do?activeTab=relatedCases&keyVal=002AYLBELI000,permissioned,full-planning-permission,,"Former Linpac Site And Adjoining Warehouse, Richmer Road",,https://www.bexley.gov.uk/services/planning-and-building-control/planning-policy-and-guidance/brownfield-land-register,43,Bexley,E09000004,archived (end-date populated)
brownfield-land,2021-05-26,1716529,2017-12-07,,,BLR089,43,POINT(0.101444 51.435457),brownfield-land,authoritative,BLR089,2017-12-07,geography,,yes,,0.15,27,27,See Lamorbey Planning Brief (2007),,not-owned-by-a-public-authority,2020-07-01,http://pa.bexley.gov.uk/online-applications/spatialDisplay.do?action=display&searchType=Application,not-permissioned,full-planning-permission,,"Lamorbey Baths, 155-159 Station Road, Sidcup",,http://www.bexley.gov.uk/sites/bexley-cms/files/2017-12/Lamorbey-Baths-155-to-159-Station-Road-Sidcup.pdf,43,Bexley,E09000004,archived (end-date populated)
brownfield-land,2018-02-21,1716530,2023-09-30,,,BLR192,43,POINT(0.184962 51.449144),brownfield-land,authoritative,BLR192,2017-12-07,geography,,yes,,0.29,33,33,"13/00972/FULM, 16/01415/FULM",,not-owned-by-a-public-authority,2017-07-14,http://pa.bexley.gov.uk/online-applications/propertyDetails.do?activeTab=relatedCases&keyVal=0025AMBELI000,permissioned,full-planning-permission,,74 Crayford Road,,https://www.bexley.gov.uk/services/planning-and-building-control/planning-policy-and-guidance/brownfield-land-register,43,Bexley,E09000004,archived (end-date populated)
brownfield-land,2019-09-05,1716533,2022-12-31,,,BLR228,43,POINT(0.109423 51.423752),brownfield-land,authoritative,BLR228,2018-12-15,geography,,yes,,0.04,5,5,18/01104/FUL,,not-owned-by-a-public-authority,2018-08-09,http://pa.bexley.gov.uk/online-applications/propertyDetails.do?activeTab=relatedCases&keyVal=0025XVBELI000,permissioned,full-planning-permission,,"Unit 2a, 2b, 2 And 4 Rectory Business Centre, Rectory Lane",,https://www.bexley.gov.uk/services/planning-and-building-control/planning-policy-and-guidance/brownfield-land-register,43,Bexley,E09000004,archived (end-date populated)
brownfield-land,2022-05-05,1716534,2022-12-31,,,BLR231,43,POINT(0.10885 51.462251),brownfield-land,authoritative,BLR231,2018-12-15,geography,,yes,,0.06,7,7,17/02049/FUL,,not-owned-by-a-public-authority,2017-12-20,http://pa.bexley.gov.uk/online-applications/propertyDetails.do?previousCaseType=Application&previousKeyVal=OV8ED3BEKXF00&activeTab=summary&previousCaseNumber=17%2F02049%2FFUL&keyVal=0027Q3BELI000,permissioned,full-planning-permission,,"4 And 4a, Bellegrove Road",,https://www.bexley.gov.uk/services/planning-and-building-control/planning-policy-and-guidance/brownfield-land-register,43,Bexley,E09000004,archived (end-date populated)
brownfield-land,2019-08-16,1716535,2022-12-31,,,BLR232,43,POINT(0.135473 51.457761),brownfield-land,authoritative,BLR232,2018-12-15,geography,,yes,,0.07,8,8,18/00405/PRIOR,,not-owned-by-a-public-authority,2018-04-19,http://pa.bexley.gov.uk/online-applications/propertyDetails.do?activeTab=relatedCases&keyVal=0029VNBELI000,permissioned,full-planning-permission,,298 Broadway,,https://www.bexley.gov.uk/services/planning-and-building-control/planning-policy-and-guidance/brownfield-land-register,43,Bexley,E09000004,archived (end-date populated)
brownfield-land,2020-03-11,1716536,2022-12-31,,,BLR233,43,POINT(0.135123 51.45784),brownfield-land,authoritative,BLR233,2018-12-15,geography,,yes,,0.03,9,9,17/02910/PRIOR,,not-owned-by-a-public-authority,2018-01-09,http://pa.bexley.gov.uk/online-applications/propertyDetails.do?activeTab=relatedCases&keyVal=0029RPBELI000,permissioned,other,,302 Broadway,,https://www.bexley.gov.uk/services/planning-and-building-control/planning-policy-and-guidance/brownfield-land-register,43,Bexley,E09000004,archived (end-date populated)
brownfield-land,2018-10-08,1716537,2018-12-15,,,BLR234,43,POINT(0.121888 51.416798),brownfield-land,authoritative,BLR234,2018-12-15,geography,,yes,,0.17,30,30,18/00685/PRIOR,,not-owned-by-a-public-authority,2018-05-22,http://pa.bexley.gov.uk/online-applications/propertyDetails.do?activeTab=relatedCases&keyVal=002FJ6BELI000,permissioned,other,,"Progressive House, 2, Maidstone Road",,https://www.bexley.gov.uk/services/planning-and-building-control/planning-policy-and-guidance/brownfield-land-register,43,Bexley,E09000004,archived (end-date populated)
brownfield-land,2022-07-23,1716538,2023-09-30,,,BLR235,43,POINT(0.122354 51.417918),brownfield-land,authoritative,BLR235,2018-12-15,geography,,yes,,1.14,30,30,"17/03164/PRIOR, 18/02069/FULM, 19/01300/PRIOR",,not-owned-by-a-public-authority,2019-07-23,http://pa.bexley.gov.uk/online-applications/propertyDetails.do?activeTab=relatedCases&keyVal=LM3QVSBE00500,permissioned,full-planning-permission,,"River House 1, Maidstone Road",,https://www.bexley.gov.uk/services/planning-and-building-control/planning-policy-and-guidance/brownfield-land-register,43,Bexley,E09000004,archived (end-date populated)
brownfield-land,2019-02-08,1716539,2022-12-31,,,BLR236,43,POINT(0.153924 51.437926),brownfield-land,authoritative,BLR236,2018-12-15,geography,,yes,,0.06,5,5,18/02281/FUL,,not-owned-by-a-public-authority,2018-10-04,http://pa.bexley.gov.uk/online-applications/propertyDetails.do?activeTab=relatedCases&keyVal=000CR6BELI000,permissioned,full-planning-permission,,"Coach And Horses 35, North Cray Road",,https://www.bexley.gov.uk/services/planning-and-building-control/planning-policy-and-guidance/brownfield-land-register,43,Bexley,E09000004,archived (end-date populated)
brownfield-land,2021-08-12,1716543,2022-12-31,,,BLR241,43,POINT(0.102438 51.467784),brownfield-land,authoritative,BLR241,2018-12-15,geography,,yes,,0.03,7,7,18/01813/FUL,,not-owned-by-a-public-authority,2018-09-28,http://pa.bexley.gov.uk/online-applications/propertyDetails.do?activeTab=relatedCases&keyVal=NYZK60BE0MU01,permissioned,full-planning-permission,,107 - 113 Central Avenue,,https://www.bexley.gov.uk/services/planning-and-building-control/planning-policy-and-guidance/brownfield-land-register,43,Bexley,E09000004,archived (end-date populated)
brownfield-land,2019-05-15,1716544,2022-12-31,,,BLR243,43,POINT(0.09289 51.450937),brownfield-land,authoritative,BLR243,2018-12-15,geography,,yes,,0.08,6,6,17/02331/FUL,,not-owned-by-a-public-authority,2018-01-19,http://pa.bexley.gov.uk/online-applications/propertyDetails.do?activeTab=relatedCases&keyVal=001FJNBELI000,permissioned,full-planning-permission,,70 Blackfen Road,,https://www.bexley.gov.uk/services/planning-and-building-control/planning-policy-and-guidance/brownfield-land-register,43,Bexley,E09000004,archived (end-date populated)
brownfield-land,2020-09-25,1716545,2022-12-31,,,BLR244,43,POINT(0.135498 51.457083),brownfield-land,authoritative,BLR244,2018-12-15,geography,,yes,,0.06,8,8,17/01247/FUL,,not-owned-by-a-public-authority,2018-01-19,http://pa.bexley.gov.uk/online-applications/propertyDetails.do?activeTab=relatedCases&keyVal=00017JBELI000,permissioned,full-planning-permission,,"2c, Devonshire Road",,https://www.bexley.gov.uk/services/planning-and-building-control/planning-policy-and-guidance/brownfield-land-register,43,Bexley,E09000004,archived (end-date populated)
brownfield-land,2019-02-26,1716546,2022-12-31,,,BLR245,43,POINT(0.114197 51.461809),brownfield-land,authoritative,BLR245,2018-12-15,geography,,yes,,0.07,8,8,17/01167/FUL,,not-owned-by-a-public-authority,2017-11-16,http://pa.bexley.gov.uk/online-applications/propertyDetails.do?activeTab=relatedCases&keyVal=J5WD0OBE30001,permissioned,full-planning-permission,,"21a, Welling High Street",,https://www.bexley.gov.uk/services/planning-and-building-control/planning-policy-and-guidance/brownfield-land-register,43,Bexley,E09000004,archived (end-date populated)
brownfield-land,2020-06-26,1716547,2022-12-31,,,BLR246,43,POINT(0.179153 51.469181),brownfield-land,authoritative,BLR246,2018-12-15,geography,,yes,,0.28,8,8,16/01231/FUL,,not-owned-by-a-public-authority,2017-12-20,http://pa.bexley.gov.uk/online-applications/propertyDetails.do?activeTab=relatedCases&keyVal=O8K7Q0BE0MU01,permissioned,full-planning-permission,,"Garages Between 164 - 166, Hurstwood Avenue",,https://www.bexley.gov.uk/services/planning-and-building-control/planning-policy-and-guidance/brownfield-land-register,43,Bexley,E09000004,archived (end-date populated)
brownfield-land,2019-04-01,1716548,2019-09-30,,,BLR247,43,POINT(0.150578 51.440258),brownfield-land,authoritative,BLR247,2018-12-15,geography,,yes,,0.11,10,10,16/03071/FULM,,not-owned-by-a-public-authority,2018-08-16,http://pa.bexley.gov.uk/online-applications/propertyDetails.do?activeTab=relatedCases&keyVal=IVI52UBE30000,permissioned,full-planning-permission,,"Tanyard House, Tanyard Lane",,https://www.bexley.gov.uk/services/planning-and-building-control/planning-policy-and-guidance/brownfield-land-register,43,Bexley,E09000004,archived (end-date populated)
brownfield-land,2020-12-16,1716550,2022-12-31,,,BLR249,43,POINT(0.138309 51.457057),brownfield-land,authoritative,BLR249,2019-10-31,geography,,yes,,0.04,10,10,17/02148/FULM,,not-owned-by-a-public-authority,2018-12-05,https://pa.bexley.gov.uk/online-applications/propertyDetails.do?activeTab=relatedCases&keyVal=0029WNBELI000,permissioned,full-planning-permission,,267 Broadway,,https://www.bexley.gov.uk/services/planning-and-building-control/planning-policy-and-guidance/brownfield-land-register,43,Bexley,E09000004,archived (end-date populated)
brownfield-land,2019-11-25,1716552,2022-12-31,,,BLR251,43,POINT(0.100818 51.463498),brownfield-land,authoritative,BLR251,2019-10-31,geography,,yes,,0.02,6,6,18/00887/FUL,,not-owned-by-a-public-authority,2019-02-08,https://pa.bexley.gov.uk/online-applications/propertyDetails.do?activeTab=relatedCases&keyVal=J8ISOWBE30001,permissioned,full-planning-permission,,142 - 146 Bellegrove Road,,https://www.bexley.gov.uk/services/planning-and-building-control/planning-policy-and-guidance/brownfield-land-register,43,Bexley,E09000004,archived (end-date populated)
brownfield-land,2020-10-15,1716556,2022-12-31,,,BLR255,43,POINT(0.184688 51.474354),brownfield-land,authoritative,BLR255,2019-10-31,geography,,yes,,0.05,6,6,19/00393/PIP,,not-owned-by-a-public-authority,2019-04-12,https://pa.bexley.gov.uk/online-applications/propertyDetails.do?activeTab=relatedCases&keyVal=PM1SICBE0S201,permissioned,permission-in-principle,,"Garage Site, Betsham Road",,https://www.bexley.gov.uk/services/planning-and-building-control/planning-policy-and-guidance/brownfield-land-register,43,Bexley,E09000004,archived (end-date populated)
brownfield-land,2019-11-22,1716557,2020-03-31,,,BLR256,43,POINT(0.087402 51.450844),brownfield-land,authoritative,BLR256,2019-10-31,geography,,yes,,0.07,6,6,"19/00030/FUL, Redevelopment of site to create a part 2 storey, part 3 storey block of flats comprising of 6 x 2 bedroom flats with 6 car parking spaces and cycle and refuse enclosures.",,not-owned-by-a-public-authority,2019-04-15,https://pa.bexley.gov.uk/online-applications/propertyDetails.do?activeTab=relatedCases&keyVal=001FIKBELI000,permissioned,full-planning-permission,,13 Blackfen Road,,https://www.bexley.gov.uk/services/planning-and-building-control/planning-policy/brownfield-land-register,43,Bexley,E09000004,archived (end-date populated)
brownfield-land,2021-02-19,1716559,2023-09-30,,,BLR258,43,POINT(0.12272 51.416504),brownfield-land,authoritative,BLR258,2019-10-31,geography,,yes,,0.72,66,28,"19/00392/PRIOR, 20/00657/PRIOR, 22/00914/PRIORT",,not-owned-by-a-public-authority,2022-07-21,https://pa.bexley.gov.uk/online-applications/propertyDetails.do?activeTab=relatedCases&keyVal=0026DVBELI000,permissioned,other,,"Heather Court, 6 Maidstone Road",,https://www.bexley.gov.uk/services/planning-and-building-control/planning-policy-and-guidance/brownfield-land-register,43,Bexley,E09000004,archived (end-date populated)
brownfield-land,2020-01-20,1716561,2020-03-31,,,BLR260,43,POINT(0.184397 51.473771),brownfield-land,authoritative,BLR260,2019-10-31,geography,,yes,,0.14,6,6,"18/03292/FUL, Erection of three storey block providing 6 x 2 bed-self contained apartments with associated parking provision, storage for cycles, refuse and recycling and amenity space.",,not-owned-by-a-public-authority,2019-07-03,https://pa.bexley.gov.uk/online-applications/propertyDetails.do?activeTab=relatedCases&keyVal=002AYLBELI000,permissioned,full-planning-permission,,"Former Linpac Site land adjacent to railway, Collins Way",,https://www.bexley.gov.uk/services/planning-and-building-control/planning-policy/brownfield-land-register,43,Bexley,E09000004,archived (end-date populated)
brownfield-land,2020-07-14,1716562,2022-12-31,,,BLR261,43,POINT(0.106104 51.425413),brownfield-land,authoritative,BLR261,2019-10-31,geography,,yes,,0.04,5,5,19/01251/PRIOR,,not-owned-by-a-public-authority,2019-07-18,https://pa.bexley.gov.uk/online-applications/propertyDetails.do?activeTab=relatedCases&keyVal=0002DFBELI000,permissioned,other,,25 Sidcup High Street,,https://www.bexley.gov.uk/services/planning-and-building-control/planning-policy-and-guidance/brownfield-land-register,43,Bexley,E09000004,archived (end-date populated)
brownfield-land,2020-05-13,1716563,2022-12-31,,,BLR262,43,POINT(0.103577 51.450467),brownfield-land,authoritative,BLR262,2019-10-31,geography,,yes,,0.03,5,5,18/02831/FUL,,not-owned-by-a-public-authority,2019-07-22,https://pa.bexley.gov.uk/online-applications/propertyDetails.do?activeTab=relatedCases&keyVal=00276UBELI000,permissioned,full-planning-permission,,"1 - 3 Gloucester Parade, Blackfen Road",,https://www.bexley.gov.uk/services/planning-and-building-control/planning-policy-and-guidance/brownfield-land-register,43,Bexley,E09000004,archived (end-date populated)
brownfield-land,2022-04-01,1716564,2023-09-30,,,BLR263,43,POINT(0.105136 51.433947),brownfield-land,authoritative,BLR263,2019-10-31,geography,,yes,,0.32,59,59,18/01214/FULM,,not-owned-by-a-public-authority,2019-07-23,https://pa.bexley.gov.uk/online-applications/propertyDetails.do?activeTab=relatedCases&keyVal=00274KBELI000,permissioned,full-planning-permission,,"The Co-Operative Food 124, 124a And 124b, Station Road",,https://www.bexley.gov.uk/services/planning-and-building-control/planning-policy-and-guidance/brownfield-land-register,43,Bexley,E09000004,archived (end-date populated)
brownfield-land,2020-08-25,1716565,2022-12-31,,,BLR264,43,POINT(0.119141 51.439401),brownfield-land,authoritative,BLR264,2019-10-31,geography,,yes,,0.07,8,8,"20/00334/FUL, 19/00866/FUL",,not-owned-by-a-public-authority,2020-04-15,https://pa.bexley.gov.uk/online-applications/propertyDetails.do?activeTab=relatedCases&keyVal=000DCABELI000,permissioned,full-planning-permission,,166 Penhill Road,,https://www.bexley.gov.uk/services/planning-and-building-control/planning-policy-and-guidance/brownfield-land-register,43,Bexley,E09000004,archived (end-date populated)
brownfield-land,2022-04-29,1716566,2022-12-31,,,BLR265,43,POINT(0.102869 51.425634),brownfield-land,authoritative,BLR265,2019-10-31,geography,,yes,,0.05,8,8,19/01725/FUL,,not-owned-by-a-public-authority,2019-09-10,https://pa.bexley.gov.uk/online-applications/propertyDetails.do?activeTab=relatedCases&keyVal=0002E8BELI000,permissioned,full-planning-permission,,104 Sidcup High Street,,https://www.bexley.gov.uk/services/planning-and-building-control/planning-policy-and-guidance/brownfield-land-register,43,Bexley,E09000004,archived (end-date populated)
brownfield-land,2020-03-16,1716567,2022-12-31,,,BLR266,43,POINT(0.130012 51.461916),brownfield-land,authoritative,BLR266,2019-10-31,geography,,yes,,0.11,10,10,18/01926/FULM,,not-owned-by-a-public-authority,2019-09-17,https://pa.bexley.gov.uk/online-applications/propertyDetails.do?activeTab=relatedCases&keyVal=000GCSBELI000,permissioned,full-planning-permission,,26 And 26a Brampton Road,,https://www.bexley.gov.uk/services/planning-and-building-control/planning-policy-and-guidance/brownfield-land-register,43,Bexley,E09000004,archived (end-date populated)
brownfield-land,2020-08-07,1716568,2022-12-31,,,BLR267,43,POINT(0.184552 51.472535),brownfield-land,authoritative,BLR267,2019-10-31,geography,,yes,,2.25,320,320,18/03154/FULM,,not-owned-by-a-public-authority,2019-09-19,https://pa.bexley.gov.uk/online-applications/propertyDetails.do?activeTab=relatedCases&keyVal=PE6A3JBE0S201,permissioned,full-planning-permission,,"Development At, Arthur Street",,https://www.bexley.gov.uk/services/planning-and-building-control/planning-policy-and-guidance/brownfield-land-register,43,Bexley,E09000004,archived (end-date populated)
brownfield-land,2019-08-30,1716574,2022-12-31,,,BLR273,43,POINT(0.104215 51.434586),brownfield-land,authoritative,BLR273,2020-03-31,geography,,yes,,0.03,6,6,19/02130/FUL,,not-owned-by-a-public-authority,2019-11-27,https://pa.bexley.gov.uk/online-applications/propertyDetails.do?activeTab=relatedCases&keyVal=0026YJBELI000,permissioned,full-planning-permission,,142 - 146 Station Road,,https://www.bexley.gov.uk/services/planning-and-building-control/planning-policy-and-guidance/brownfield-land-register,43,Bexley,E09000004,archived (end-date populated)
brownfield-land,2022-03-01,1716576,2023-09-30,,,BLR275,43,POINT(0.179594 51.450438),brownfield-land,authoritative,BLR275,2020-03-31,geography,,yes,,0.09,18,18,"18/00440/FULM, 19/03028/FULM",,not-owned-by-a-public-authority,2021-04-30,https://pa.bexley.gov.uk/online-applications/propertyDetails.do?activeTab=relatedCases&keyVal=Q822YRBE06401,permissioned,full-planning-permission,,"152, 152a, 154, 156 And 160 Crayford Road",,https://www.bexley.gov.uk/services/planning-and-building-control/planning-policy-and-guidance/brownfield-land-register,43,Bexley,E09000004,archived (end-date populated)
brownfield-land,2020-09-28,1716578,2022-12-31,,,BLR277,43,POINT(0.137523 51.457157),brownfield-land,authoritative,BLR277,2020-03-31,geography,,yes,,0.04,9,9,19/02292/FUL,,not-owned-by-a-public-authority,2019-12-13,https://pa.bexley.gov.uk/online-applications/propertyDetails.do?activeTab=relatedCases&keyVal=0029RDBELI000,permissioned,full-planning-permission,,271 Broadway,,https://www.bexley.gov.uk/services/planning-and-building-control/planning-policy-and-guidance/brownfield-land-register,43,Bexley,E09000004,archived (end-date populated)
brownfield-land,2023-02-10,1716580,2024-12-19,,,BLR279,43,POINT(0.142071 51.457556),brownfield-land,authoritative,BLR279,2020-03-31,geography,,yes,,0.22,16,16,19/03029/PRIOR,,not-owned-by-a-public-authority,2020-02-10,https://pa.bexley.gov.uk/online-applications/propertyDetails.do?activeTab=relatedCases&keyVal=J8005NBE30001,permissioned,other,,"Arts House, 13 Banks Lane",,https://www.bexley.gov.uk/services/planning-and-building-control/planning-policy-and-guidance/brownfield-land-register,43,Bexley,E09000004,archived (end-date populated)
brownfield-land,2023-04-01,1716581,2023-09-30,,,BLR280,43,POINT(0.160132 51.482568),brownfield-land,authoritative,BLR280,2020-03-31,geography,,yes,,0.03,5,5,19/02597/FUL,,not-owned-by-a-public-authority,2020-03-03,https://pa.bexley.gov.uk/online-applications/propertyDetails.do?keyVal=P6PWMPBE0MU01&activeTab=summary,permissioned,full-planning-permission,,Garages To The Rear Of 3 - 9 Filston Road,,https://www.bexley.gov.uk/services/planning-and-building-control/planning-policy-and-guidance/brownfield-land-register,43,Bexley,E09000004,archived (end-date populated)
brownfield-land,2023-05-03,1716793,2024-12-31,,,LBBD29,41,POINT(0.130741 51.570352),brownfield-land,authoritative,LBBD29,2017-12-31,geography,,,,0.04,9,6,Development complete,,not-owned-by-a-public-authority,2020-11-19,https://online-befirst.lbbd.gov.uk/planning/index.html?fa=getApplication&id=25582,permissioned,full-planning-permission,,"3 Station Road,",,https://maps.london.gov.uk/brownfield-site-register,41,Barking and Dagenham,E09000002,archived (end-date populated)
brownfield-land,2018-04-06,1716796,2024-12-31,,,LBBD09,41,POINT(0.089416 51.534832),brownfield-land,authoritative,LBBD09,2017-12-31,geography,,,,0.04,6,6,Development complete,,not-owned-by-a-public-authority,2015-04-14,https://online-befirst.lbbd.gov.uk/planning/index.html?fa=getApplication&id=14496,permissioned,full-planning-permission,,Land Adjacent To 25-27 Eldred Road,,https://maps.london.gov.uk/brownfield-site-register,41,Barking and Dagenham,E09000002,archived (end-date populated)
brownfield-land,2021-07-20,1716808,2024-12-31,,,LBBD26,41,POINT(0.077865 51.543608),brownfield-land,authoritative,LBBD26,2017-12-31,geography,,,,0.05,8,8,Development complete,,not-owned-by-a-public-authority,2016-10-21,https://online-befirst.lbbd.gov.uk/planning/index.html?fa=getApplication&id=14299,permissioned,full-planning-permission,,9-10 The Triangle,,https://maps.london.gov.uk/brownfield-site-register,41,Barking and Dagenham,E09000002,archived (end-date populated)
brownfield-land,2024-12-31,1716813,2024-12-31,,,LBBD36,41,POINT(0.123222 51.551459),brownfield-land,authoritative,LBBD36,2017-12-31,geography,,,,0.05,1,1,Site less than 0.25 so removed from the Register,,not-owned-by-a-public-authority,2017-02-17,https://online-befirst.lbbd.gov.uk/planning/index.html?fa=getApplication&id=14739,permissioned,full-planning-permission,,953 Longbridge Road,,https://maps.london.gov.uk/brownfield-site-register,41,Barking and Dagenham,E09000002,archived (end-date populated)
brownfield-land,2019-03-15,1716815,2024-12-31,,,LBBD01,41,POINT(0.165927 51.54623),brownfield-land,authoritative,LBBD01,2017-12-31,geography,,,,0.05,11,11,Development complete,,not-owned-by-a-public-authority,2011-11-29,https://online-befirst.lbbd.gov.uk/planning/index.html?fa=getApplication&id=13545,permissioned,full-planning-permission,,588 Rainham Road,,https://maps.london.gov.uk/brownfield-site-register,41,Barking and Dagenham,E09000002,archived (end-date populated)
brownfield-land,2021-12-10,1716828,2024-12-31,,,LBBD35,41,POINT(0.091083 51.532792),brownfield-land,authoritative,LBBD35,2017-12-31,geography,,,,0.06,8,8,Development complete,,not-owned-by-a-public-authority,2017-02-08,https://online-befirst.lbbd.gov.uk/planning/index.html?fa=getApplication&id=15671,permissioned,full-planning-permission,,87 Movers Lane,,https://maps.london.gov.uk/brownfield-site-register,41,Barking and Dagenham,E09000002,archived (end-date populated)
brownfield-land,2021-01-20,1716843,2024-12-31,,,LBBD11,41,POINT(0.164796 51.546032),brownfield-land,authoritative,LBBD11,2017-12-31,geography,,,,0.07,8,8,Development complete,,mixed-ownership,2015-12-08,https://online-befirst.lbbd.gov.uk/planning/index.html?fa=getApplication&id=13939,permissioned,full-planning-permission,,487 Rainham Road South,,https://maps.london.gov.uk/brownfield-site-register,41,Barking and Dagenham,E09000002,archived (end-date populated)
brownfield-land,2019-03-29,1716861,2024-12-31,,,LBBD23,41,POINT(0.115834 51.548293),brownfield-land,authoritative,LBBD23,2017-12-31,geography,,,,0.09,8,8,Development complete,,owned-by-a-public-authority,2016-02-09,https://online-befirst.lbbd.gov.uk/planning/index.html?fa=getApplication&id=12678,permissioned,full-planning-permission,,Ilchester Road Garages,,https://maps.london.gov.uk/brownfield-site-register,41,Barking and Dagenham,E09000002,archived (end-date populated)
brownfield-land,2019-03-29,1716867,2024-12-31,,,LBBD24,41,POINT(0.121972 51.547525),brownfield-land,authoritative,LBBD24,2017-12-31,geography,,,,0.1,8,8,Development complete,,owned-by-a-public-authority,2016-02-09,https://online-befirst.lbbd.gov.uk/planning/index.html?fa=getApplication&id=12679,permissioned,full-planning-permission,,Fitzstephen Road Garages,,https://maps.london.gov.uk/brownfield-site-register,41,Barking and Dagenham,E09000002,archived (end-date populated)
brownfield-land,2019-03-29,1716870,2024-12-31,,,LBBD04,41,POINT(0.094751 51.533302),brownfield-land,authoritative,LBBD04,2017-12-31,geography,,,,0.1,14,14,Development complete,,not-owned-by-a-public-authority,2024-06-03,https://online-befirst.lbbd.gov.uk/planning/index.html?fa=getApplication&id=15376,permissioned,full-planning-permission,,Blake Avenue,,https://maps.london.gov.uk/brownfield-site-register,41,Barking and Dagenham,E09000002,archived (end-date populated)
brownfield-land,2020-02-21,1716877,2024-12-31,,,LBBD16,41,POINT(0.079866 51.537326),brownfield-land,authoritative,LBBD16,2017-12-31,geography,,,,0.11,24,24,Development complete,,not-owned-by-a-public-authority,2016-04-07,https://online-befirst.lbbd.gov.uk/planning/index.html?fa=getApplication&id=16634,permissioned,full-planning-permission,,Former Barking Police Station,,https://maps.london.gov.uk/brownfield-site-register,41,Barking and Dagenham,E09000002,archived (end-date populated)
brownfield-land,2018-06-01,1716893,2024-12-31,,,LBBD33,41,POINT(0.125096 51.553899),brownfield-land,authoritative,LBBD33,2017-12-31,geography,,,,0.13,6,6,Development complete,,owned-by-a-public-authority,2015-12-13,https://online-befirst.lbbd.gov.uk/planning/index.html?fa=getApplication&id=25156,permissioned,full-planning-permission,,Burford Close Garages,,https://maps.london.gov.uk/brownfield-site-register,41,Barking and Dagenham,E09000002,archived (end-date populated)
brownfield-land,2024-12-31,1716905,2024-12-31,,,LBBD51,41,POINT(0.160401 51.540025),brownfield-land,authoritative,LBBD51,2017-12-31,geography,,,,0.15,,,Less than 0.25ha so remived from register.,,owned-by-a-public-authority,,,not-permissioned,,,Exeter Road,,https://maps.london.gov.uk/brownfield-site-register,41,Barking and Dagenham,E09000002,archived (end-date populated)
brownfield-land,2020-11-12,1716907,2024-12-31,,,LBBD41,41,POINT(0.106458 51.5285),brownfield-land,authoritative,LBBD41,2017-12-31,geography,,,,0.15,23,23,Development complete,,not-owned-by-a-public-authority,2017-12-22,https://online-befirst.lbbd.gov.uk/planning/index.html?fa=getApplication&id=14827,permissioned,full-planning-permission,,"Short Blue , 207 Bastable Avenue, Barking, IG11 0QG",,https://maps.london.gov.uk/brownfield-site-register,41,Barking and Dagenham,E09000002,archived (end-date populated)
brownfield-land,2018-03-30,1716909,2024-12-31,,,LBBD13,41,POINT(0.136782 51.572313),brownfield-land,authoritative,LBBD13,2017-12-31,geography,,,,0.3,44,44,Development complete,,mixed-ownership,2016-10-28,https://online-befirst.lbbd.gov.uk/planning/index.html?fa=getApplication&id=14264,permissioned,full-planning-permission,,New Enterprise House 149 - 151 - Full Planning,,https://maps.london.gov.uk/brownfield-site-register,41,Barking and Dagenham,E09000002,archived (end-date populated)
brownfield-land,2018-03-30,1716910,2024-12-31,,,LBBD12,41,POINT(0.136746 51.572255),brownfield-land,authoritative,LBBD12,2017-12-31,geography,,,,0.75,41,41,Development complete,,mixed-ownership,2015-02-25,https://online-befirst.lbbd.gov.uk/planning/index.html?fa=getApplication&id=21844,permissioned,other,,New Enterprise House - Prior,,https://maps.london.gov.uk/brownfield-site-register,41,Barking and Dagenham,E09000002,archived (end-date populated)
brownfield-land,2019-03-29,1716946,2024-12-31,,,LBBD22,41,POINT(0.075283 51.538961),brownfield-land,authoritative,LBBD22,2017-12-31,geography,,,,0.23,14,14,Development complete,,owned-by-a-public-authority,2016-02-09,https://online-befirst.lbbd.gov.uk/planning/index.html?fa=getApplication&id=16692,permissioned,full-planning-permission,,North Street,,https://maps.london.gov.uk/brownfield-site-register,41,Barking and Dagenham,E09000002,archived (end-date populated)
brownfield-land,2020-03-11,1716967,2024-12-31,,,LBBD18,41,POINT(0.079308 51.539638),brownfield-land,authoritative,LBBD18,2017-12-31,geography,,,,0.29,274,274,Development complete,,not-owned-by-a-public-authority,2016-03-24,https://online-befirst.lbbd.gov.uk/planning/index.html?fa=getApplication&id=16834,permissioned,full-planning-permission,,"16 - 48 Cambridge Road, Barking",,https://maps.london.gov.uk/brownfield-site-register,41,Barking and Dagenham,E09000002,archived (end-date populated)
brownfield-land,2019-03-29,1716970,2024-12-31,,,LBBD25,41,POINT(0.142588 51.573104),brownfield-land,authoritative,LBBD25,2017-12-31,geography,,,,0.3,45,45,Development complete,,not-owned-by-a-public-authority,2016-07-14,https://online-befirst.lbbd.gov.uk/planning/index.html?fa=getApplication&id=17266,permissioned,full-planning-permission,,Land To The Rear Of 243 - 245 High Road,,https://maps.london.gov.uk/brownfield-site-register,41,Barking and Dagenham,E09000002,archived (end-date populated)
brownfield-land,2019-03-29,1716986,2024-12-31,,,LBBD28,41,POINT(0.086327 51.530404),brownfield-land,authoritative,LBBD28,2017-12-31,geography,,,,0.32,27,27,Development complete,,mixed-ownership,2016-11-11,https://online-befirst.lbbd.gov.uk/planning/index.html?fa=getApplication&id=1950,permissioned,reserved-matters-approval,,Kingsbridge,,https://maps.london.gov.uk/brownfield-site-register,41,Barking and Dagenham,E09000002,archived (end-date populated)
brownfield-land,2022-01-15,1716991,2024-12-31,,,LBBD19,41,POINT(0.075599 51.532276),brownfield-land,authoritative,LBBD19,2017-12-31,geography,,,,0.36,118,118,Development complete,,not-owned-by-a-public-authority,2016-05-24,https://online-befirst.lbbd.gov.uk/planning/index.html?fa=getApplication&id=16575,permissioned,full-planning-permission,,Abbey Industrial Site,,https://maps.london.gov.uk/brownfield-site-register,41,Barking and Dagenham,E09000002,archived (end-date populated)
brownfield-land,2020-02-07,1717011,2024-12-31,,,LBBD27,41,POINT(0.16232 51.540359),brownfield-land,authoritative,LBBD27,2017-12-31,geography,,,,0.48,9,9,Development complete,,not-owned-by-a-public-authority,2016-12-02,https://online-befirst.lbbd.gov.uk/planning/index.html?fa=getApplication&id=14347,permissioned,full-planning-permission,,Land To The Rear Of The Old Vicarage,,https://maps.london.gov.uk/brownfield-site-register,41,Barking and Dagenham,E09000002,archived (end-date populated)
brownfield-land,2020-10-11,1717024,2024-12-31,,,LBBD53,41,POINT(0.133698 51.532726),brownfield-land,authoritative,LBBD53,2017-12-31,geography,,,,0.64,92,92,Development complete,,owned-by-a-public-authority,2019-02-27,https://online-befirst.lbbd.gov.uk/planning/index.html?fa=getApplication&id=17549,permissioned,full-planning-permission,,Former Weighbridge Site,,https://maps.london.gov.uk/brownfield-site-register,41,Barking and Dagenham,E09000002,archived (end-date populated)
brownfield-land,2021-01-29,1717026,2024-12-31,,,LBBD52,41,POINT(0.072371 51.538579),brownfield-land,authoritative,LBBD52,2017-12-31,geography,,,,0.65,78,78,Development complete,,owned-by-a-public-authority,2017-12-20,https://online-befirst.lbbd.gov.uk/planning/index.html?fa=getApplication&id=17740,permissioned,full-planning-permission,,"Gurdwara Way, Barking",,https://maps.london.gov.uk/brownfield-site-register,41,Barking and Dagenham,E09000002,archived (end-date populated)
brownfield-land,2024-12-31,1717037,2024-12-31,,,14/07064/FUL,48,POINT(-0.239188 51.594501),brownfield-land,authoritative,14/07064/FUL,2022-01-27,geography,,yes,,0.81,237,237,"Construction of a building of 6 cores of up to 10 storeys to comprise 237 residential homes and 357 sq.m GIA of commercial floorspace (A1 to A4, B1, B2, D1 and D2), including associated car and cycle parking and landscaping (This application is accompani",,not-owned-by-a-public-authority,2019-11-26,https://publicaccess.barnet.gov.uk/online-applications/applicationDetails.do?activeTab=map&keyVal=NEGV5HJI04S00,permissioned,full-planning-permission,,Buildings D3 To D8 Beaufort Park Aerodrome Road Colindale NW9,,https://publicaccess.barnet.gov.uk/online-applications/applicationDetails.do?activeTab=map&keyVal=NEGV5HJI04S00,48,Barnet,E09000003,archived (end-date populated)
brownfield-land,2018-09-01,1717045,2024-12-31,,,LBBD31,41,POINT(0.140526 51.584901),brownfield-land,authoritative,LBBD31,2017-12-31,geography,,,,0.93,55,55,Development complete,,not-owned-by-a-public-authority,2026-12-24,https://online-befirst.lbbd.gov.uk/planning/index.html?fa=getApplication&id=15350,permissioned,full-planning-permission,,"Bagleys Spring, land south of cemetery, Whalebone Lane North, Romford",,https://maps.london.gov.uk/brownfield-site-register,41,Barking and Dagenham,E09000002,archived (end-date populated)
brownfield-land,2024-10-04,1717058,2024-12-31,,,LBBD21,41,POINT(0.073333 51.5354),brownfield-land,authoritative,LBBD21,2017-12-31,geography,,,,1.35,597,597,Development complete,,not-owned-by-a-public-authority,2016-12-14,https://online-befirst.lbbd.gov.uk/planning/index.html?fa=getApplication&id=12570,permissioned,full-planning-permission,,Abbey Retail Park - Be Here,,https://maps.london.gov.uk/brownfield-site-register,41,Barking and Dagenham,E09000002,archived (end-date populated)
brownfield-land,2022-07-15,1717071,2024-12-31,,,LBBD08,41,POINT(0.145808 51.529924),brownfield-land,authoritative,LBBD08,2017-12-31,geography,,,,1.65,325,325,Development complete,,not-owned-by-a-public-authority,2018-08-22,https://online-befirst.lbbd.gov.uk/planning/index.html?fa=getApplication&id=15752,permissioned,full-planning-permission,,Merrielands Development Site,,https://maps.london.gov.uk/brownfield-site-register,41,Barking and Dagenham,E09000002,archived (end-date populated)
brownfield-land,2021-10-22,1717076,2024-12-31,,,LBBD43,41,POINT(0.15173 51.560733),brownfield-land,authoritative,LBBD43,2017-12-31,geography,,,,1.84,128,128,,,owned-by-a-public-authority,2018-03-23,https://online-befirst.lbbd.gov.uk/planning/index.html?fa=getApplication&id=14685,permissioned,full-planning-permission,,Becontree Heath,,https://maps.london.gov.uk/brownfield-site-register,41,Barking and Dagenham,E09000002,archived (end-date populated)
brownfield-land,2016-06-13,1717094,2024-12-31,,,LBBD03,41,POINT(0.166372 51.536696),brownfield-land,authoritative,LBBD03,2017-12-31,geography,,,,3.08,,,Development complete,,owned-by-a-public-authority,2013-06-13,https://online-befirst.lbbd.gov.uk/planning/index.html?fa=getApplication&id=17274,permissioned,full-planning-permission,,Leys Estate Renewal,,https://maps.london.gov.uk/brownfield-site-register,41,Barking and Dagenham,E09000002,archived (end-date populated)
brownfield-land,2020-03-04,1717101,2024-12-31,,,LBBD10,41,POINT(0.073341 51.532082),brownfield-land,authoritative,LBBD10,2017-12-31,geography,,,,4.2,950,950,Development complete,,not-owned-by-a-public-authority,2018-02-13,https://online-befirst.lbbd.gov.uk/planning/index.html?fa=getApplication&id=1986,permissioned,reserved-matters-approval,,Fresh Wharf Estate,,https://maps.london.gov.uk/brownfield-site-register,41,Barking and Dagenham,E09000002,archived (end-date populated)
brownfield-land,2024-09-18,1717107,2024-12-31,,,LBBD02,41,POINT(0.14618 51.59391),brownfield-land,authoritative,LBBD02,2017-12-31,geography,,,,3.98,,,Site is in the Green Belt. Prior development has only taken place on a small part of it. Planning permission 11/01015/FUL is deemed to have lapsed.,,mixed-ownership,,,not-permissioned,,,Collior Row EcoGrove,,https://maps.london.gov.uk/brownfield-site-register,41,Barking and Dagenham,E09000002,archived (end-date populated)
brownfield-land,2018-08-31,1717126,2024-12-31,,,LBBD06,41,POINT(0.139609 51.564993),brownfield-land,authoritative,LBBD06,2017-12-31,geography,,,,6.24,292,292,Development complete,,not-owned-by-a-public-authority,2015-02-06,https://online-befirst.lbbd.gov.uk/planning/index.html?fa=getApplication&id=14389,permissioned,full-planning-permission,,"Lymington Fields, Phase 2",,https://maps.london.gov.uk/brownfield-site-register,41,Barking and Dagenham,E09000002,archived (end-date populated)
brownfield-land,2021-09-04,1717145,2019-12-13,,,BR00027,42,POINT(-0.284618 51.559955),brownfield-land,authoritative,BR00027,2017-12-15,geography,,yes,,1.4,72,72,16/3408. Expired.,,not-owned-by-a-public-authority,2018-09-04,https://pa.brent.gov.uk/online-applications/simpleSearchResults.do?action=firstPage,permissioned,full-planning-permission,,"Raglan Court & Garages, Raglan Court, Empire Way, Wembley, HA9",,https://maps.london.gov.uk/brownfield-site-register,42,Brent,E09000005,archived (end-date populated)
brownfield-land,2019-09-23,1717147,2018-12-14,,,BR00043,42,POINT(-0.285252 51.556355),brownfield-land,authoritative,BR00043,2017-12-15,geography,,yes,,0.87,305,2,"Prior approval for change of use of part ground, 4th to 8th floors, part of the 9th floor and 10th to 15th floors from office (Use Class B1) to residential (Use Class C3) involving the creation of 305 residential units (277 studio flats, 12 x 1-bed, 1-person flats and 16 x 1-bed, 2-person flats)",,unknown-ownership,2018-08-10,https://pa.brent.gov.uk/online-applications/applicationDetails.do?activeTab=summary&keyVal=DCAPR_140321,permissioned,full-planning-permission,,"York House, HA9",,https://maps.london.gov.uk/brownfield-site-register,42,Brent,E09000005,archived (end-date populated)
brownfield-land,2020-07-06,1717148,2019-12-13,,,BR00025,42,POINT(-0.218638 51.551443),brownfield-land,authoritative,BR00025,2017-12-15,geography,,yes,,0.1,9,9,Permission expired,,mixed-ownership,2017-07-06,https://pa.brent.gov.uk/online-applications/simpleSearchResults.do?action=firstPage,permissioned,full-planning-permission,,"150-152 Walm Lane, London, NW2 4RU",,https://maps.london.gov.uk/brownfield-site-register,42,Brent,E09000005,archived (end-date populated)
brownfield-land,2021-07-26,1717149,2020-11-20,,,BR00030,42,POINT(-0.295142 51.573166),brownfield-land,authoritative,BR00030,2017-12-15,geography,,yes,,0.19,35,35,18/4902. Development commenced.,,mixed-ownership,2020-03-12,https://pa.brent.gov.uk/online-applications/simpleSearchResults.do?action=firstPage,permissioned,full-planning-permission,,"2A Preston Waye & 283-287 odd, Preston Road, Harrow, HA3",,https://maps.london.gov.uk/brownfield-site-register,42,Brent,E09000005,archived (end-date populated)
brownfield-land,2019-12-24,1717153,2018-12-14,,,BR00011,42,POINT(-0.280717 51.589295),brownfield-land,authoritative,BR00011,2018-12-14,geography,,yes,,0.11,6,6,18/1608. Removed from register - majority of land is not PDL.,,not-owned-by-a-public-authority,2018-09-14,https://pa.brent.gov.uk/online-applications/simpleSearchResults.do?action=firstPage,permissioned,full-planning-permission,,"Land rear of 234-240, Princes Avenue, London, NW9 9QU",,https://maps.london.gov.uk/brownfield-site-register,42,Brent,E09000005,archived (end-date populated)
brownfield-land,2022-02-24,1717155,2017-12-15,,,BR00039,42,POINT(-0.295307 51.55262),brownfield-land,authoritative,BR00039,2017-12-15,geography,,yes,,0.21,14,14,No longer forms part of the DPD and no realistic prospect of being delivered within 15 years,,unknown-ownership,,https://pa.brent.gov.uk/online-applications/simpleSearchResults.do?action=firstPage,not-permissioned,,,"2-22 London Road, HA9",,https://maps.london.gov.uk/brownfield-site-register,42,Brent,E09000005,archived (end-date populated)
brownfield-land,2020-09-01,1717157,2020-11-05,,,BR00051,42,POINT(-0.301535 51.539716),brownfield-land,authoritative,BR00051,2017-12-15,geography,,yes,,1.7,474,474,Development has commenced,,not-owned-by-a-public-authority,2019-06-17,https://pa.brent.gov.uk/online-applications/simpleSearchResults.do?action=firstPage,permissioned,full-planning-permission,,"Alperton House, Bridgewater Road, Alperton, HA0",,https://maps.london.gov.uk/brownfield-site-register,42,Brent,E09000005,archived (end-date populated)
brownfield-land,2011-09-29,1717158,2019-12-13,,,BR00044,42,POINT(-0.2826 51.560682),brownfield-land,authoritative,BR00044,2017-12-15,geography,,yes,,0.21,62,14,Development has commenced,,not-owned-by-a-public-authority,2013-03-28,https://pa.brent.gov.uk/online-applications/simpleSearchResults.do?action=firstPage,permissioned,full-planning-permission,,"Malcolm House, HA9",,https://maps.london.gov.uk/brownfield-site-register,42,Brent,E09000005,archived (end-date populated)
brownfield-land,2018-12-16,1717163,2017-12-15,,,BR00068,42,POINT(-0.295141 51.553423),brownfield-land,authoritative,BR00068,2017-12-15,geography,,yes,,0.05,9,9,"Roof alterations to existing building including erection of a pitched roof, front dormer window and two rear dormer windows, refurbishment of two existing 2 bedroom units facing Wembley High Road and erection of new 5 storey residential block (including basement) to the rear of 486 High Road (facing onto Dukes Way) providing 5 new flats, incorporating a new loading/servicing bay, communal central courtyard, private balconies and associated refuse, recycling and cycle storage (car/permit free development) (as amended by revised plans dated 28/01/13) and subject to a Deed of Agreement dated 3 December 2015 under Section 106 of the Town and Country Planning Act 1990, as amended",,unknown-ownership,2015-12-16,https://pa.brent.gov.uk/online-applications/applicationDetails.do?activeTab=summary&keyVal=DCAPR_108688,permissioned,full-planning-permission,,"486 High Road, HA9 7BH",,https://maps.london.gov.uk/brownfield-site-register,42,Brent,E09000005,archived (end-date populated)
brownfield-land,2020-02-09,1717164,2020-11-05,,,BR00009,42,POINT(-0.249061 51.548262),brownfield-land,authoritative,BR00009,2017-12-15,geography,,yes,,0.3,34,34,Development has commenced,,not-owned-by-a-public-authority,2017-02-10,https://pa.brent.gov.uk/online-applications/simpleSearchResults.do?action=firstPage,permissioned,full-planning-permission,,"205, 205A, 205B and Church Road car park and Building rear of 189-203 Church Road, London, NW10 9EP",,https://maps.london.gov.uk/brownfield-site-register,42,Brent,E09000005,archived (end-date populated)
brownfield-land,2022-03-21,1717168,2019-12-13,,,BR00020,42,POINT(-0.247183 51.536409),brownfield-land,authoritative,BR00020,2017-12-15,geography,,,,0.1,12,12,encompassed within BR00151,,not-owned-by-a-public-authority,2004-11-11,https://pa.brent.gov.uk/online-applications/simpleSearchResults.do?action=firstPage,not-permissioned,full-planning-permission,,"Land R/O 37-41, High Street, London, NW10",,https://maps.london.gov.uk/brownfield-site-register,42,Brent,E09000005,archived (end-date populated)
brownfield-land,2020-02-12,1717169,2020-11-05,,,BR00006,42,POINT(-0.278971 51.561992),brownfield-land,authoritative,BR00006,2017-12-15,geography,,yes,,0.54,227,227,Development has commenced,,not-owned-by-a-public-authority,2017-12-19,https://pa.brent.gov.uk/online-applications/simpleSearchResults.do?action=firstPage,permissioned,other,,"1 Olympic Way, Wembley, HA9 0NP",,https://maps.london.gov.uk/brownfield-site-register,42,Brent,E09000005,archived (end-date populated)
brownfield-land,2021-03-31,1717173,2019-12-13,,,BR00028,42,POINT(-0.227357 51.549727),brownfield-land,authoritative,BR00028,2017-12-15,geography,,yes,,0.23,70,70,17/5291. Development commenced.,,not-owned-by-a-public-authority,2019-12-17,https://pa.brent.gov.uk/online-applications/simpleSearchResults.do?action=firstPage,permissioned,full-planning-permission,,"Storage Land next to 75, St Pauls Avenue, London, NW2 5TG",,https://maps.london.gov.uk/brownfield-site-register,42,Brent,E09000005,archived (end-date populated)
brownfield-land,2019-10-23,1717176,2020-11-05,,,BR00010,42,POINT(-0.274157 51.544644),brownfield-land,authoritative,BR00010,2017-12-15,geography,,yes,,0.92,439,439,Development has commenced,,not-owned-by-a-public-authority,2017-01-11,https://pa.brent.gov.uk/online-applications/simpleSearchResults.do?action=firstPage,permissioned,other,,"Wembley Point, 1 Harrow Road, Wembley, HA9 6DE",,https://maps.london.gov.uk/brownfield-site-register,42,Brent,E09000005,archived (end-date populated)
brownfield-land,2018-11-01,1717180,2019-12-13,,,BR00016,42,POINT(-0.244992 51.553667),brownfield-land,authoritative,BR00016,2017-12-15,geography,,yes,,0.69,136,25,Development has commenced,,not-owned-by-a-public-authority,2017-07-25,https://pa.brent.gov.uk/online-applications/simpleSearchResults.do?action=firstPage,permissioned,full-planning-permission,,"Warranty House and 82 & 82A Dudden Hill Lane, London, NW10 1DD",,https://maps.london.gov.uk/brownfield-site-register,42,Brent,E09000005,archived (end-date populated)
brownfield-land,2018-01-01,1717181,2019-12-13,,,BR00017,42,POINT(-0.262258 51.581663),brownfield-land,authoritative,BR00017,2017-12-15,geography,,yes,,0.16,17,12,Development has commenced,,not-owned-by-a-public-authority,2015-09-03,https://pa.brent.gov.uk/online-applications/simpleSearchResults.do?action=firstPage,permissioned,full-planning-permission,,"Albion House, 470 Church Lane, London, NW9 8UA",,https://maps.london.gov.uk/brownfield-site-register,42,Brent,E09000005,archived (end-date populated)
brownfield-land,2020-05-26,1717182,2020-11-05,,,BR00013,42,POINT(-0.297194 51.540084),brownfield-land,authoritative,BR00013,2017-12-15,geography,,yes,,2.58,99,99,Permission expired,,not-owned-by-a-public-authority,2017-05-26,https://pa.brent.gov.uk/online-applications/simpleSearchResults.do?action=firstPage,permissioned,full-planning-permission,,"2 Atlip Road, Wembley, HA0 4LU",,https://maps.london.gov.uk/brownfield-site-register,42,Brent,E09000005,archived (end-date populated)
brownfield-land,2018-04-12,1717184,2019-12-13,,,BR00014,42,POINT(-0.258119 51.539113),brownfield-land,authoritative,BR00014,2017-12-15,geography,,yes,,0.85,178,81,Development has commenced,,not-owned-by-a-public-authority,2017-05-02,https://pa.brent.gov.uk/online-applications/simpleSearchResults.do?action=firstPage,permissioned,full-planning-permission,,"Harlesden Christian Centre & Land next to and rear of Harlesden Christian Centre, Winchelsea Road, London",,https://maps.london.gov.uk/brownfield-site-register,42,Brent,E09000005,archived (end-date populated)
brownfield-land,2022-02-24,1717185,2019-12-13,,,BR00033,42,POINT(-0.247231 51.548652),brownfield-land,authoritative,BR00033,2017-12-15,geography,,,,0.09,28,28,No longer forms part of the DPD and no realistic prospect of being delivered within 15 years,,not-owned-by-a-public-authority,2012-03-29,https://pa.brent.gov.uk/online-applications/simpleSearchResults.do?action=firstPage,not-permissioned,full-planning-permission,,"Miracle Signs & Wonders Ministrie, Church Road, London, NW10 9NR",,https://maps.london.gov.uk/brownfield-site-register,42,Brent,E09000005,archived (end-date populated)
brownfield-land,2020-01-14,1717192,2020-11-05,,,BR00062,42,POINT(-0.284888 51.592393),brownfield-land,authoritative,BR00062,2017-12-15,geography,,yes,,3.69,17,17,Development has commenced,,owned-by-a-public-authority,2017-01-18,https://pa.brent.gov.uk/online-applications/simpleSearchResults.do?action=firstPage,permissioned,full-planning-permission,,"Clock Cottage, Kenton Road, HA3",,https://maps.london.gov.uk/brownfield-site-register,42,Brent,E09000005,archived (end-date populated)
brownfield-land,2019-07-28,1717194,2018-12-14,,,BR00018,42,POINT(-0.254425 51.589542),brownfield-land,authoritative,BR00018,2017-12-15,geography,,yes,,0.12,27,5,Permission expired,,not-owned-by-a-public-authority,2016-08-28,https://pa.brent.gov.uk/online-applications/simpleSearchResults.do?action=firstPage,permissioned,other,,"3-5 INC, Watling Gate, Edgware Road, Kingsbury, London, NW9 6NB",,https://maps.london.gov.uk/brownfield-site-register,42,Brent,E09000005,archived (end-date populated)
brownfield-land,2020-01-06,1717196,2020-11-05,,,BR00012,42,POINT(-0.227657 51.555848),brownfield-land,authoritative,BR00012,2017-12-15,geography,,yes,,0.42,7,7,Development has commenced,,not-owned-by-a-public-authority,2017-03-30,https://pa.brent.gov.uk/online-applications/simpleSearchResults.do?action=firstPage,permissioned,full-planning-permission,,"Oman Avenue Garages, Oman Avenue, London",,https://maps.london.gov.uk/brownfield-site-register,42,Brent,E09000005,archived (end-date populated)
brownfield-land,2021-07-15,1717197,2020-10-27,,,BR00065,42,POINT(-0.238899 51.549366),brownfield-land,authoritative,BR00065,2020-11-05,geography,,yes,,0.16,29,20,19/2688. Development has commenced.,,owned-by-a-public-authority,2020-01-23,https://pa.brent.gov.uk/online-applications/simpleSearchResults.do?action=firstPage,permissioned,full-planning-permission,,"Former Dudden Hill Lane Playground, Willesden, NW10",,https://maps.london.gov.uk/brownfield-site-register,42,Brent,E09000005,archived (end-date populated)
brownfield-land,2019-10-31,1717199,2020-11-05,,,BR00038,42,POINT(-0.219417 51.559534),brownfield-land,authoritative,BR00038,2017-12-15,geography,,yes,,0.01,7,7,Development has commenced,,not-owned-by-a-public-authority,2017-03-28,https://pa.brent.gov.uk/online-applications/simpleSearchResults.do?action=firstPage,permissioned,full-planning-permission,,"83 Hassop Road, London, NW2 6RX",,https://maps.london.gov.uk/brownfield-site-register,42,Brent,E09000005,archived (end-date populated)
brownfield-land,2019-04-11,1717202,2019-12-13,,,BR00007,42,POINT(-0.206306 51.545938),brownfield-land,authoritative,BR00007,2018-12-14,geography,,yes,,0.041,1,1,Development has commenced,,not-owned-by-a-public-authority,2018-07-05,https://pa.brent.gov.uk/online-applications/simpleSearchResults.do?action=firstPage,permissioned,full-planning-permission,,"13, Christchurch Avenue, NW6 7QP",,https://maps.london.gov.uk/brownfield-site-register,42,Brent,E09000005,archived (end-date populated)
brownfield-land,2018-10-12,1717203,2019-12-13,,,BR00019,42,POINT(-0.266522 51.58418),brownfield-land,authoritative,BR00019,2018-12-14,geography,,yes,,0.031,5,5,Development has commenced,,not-owned-by-a-public-authority,2017-11-28,https://pa.brent.gov.uk/online-applications/simpleSearchResults.do?action=firstPage,permissioned,full-planning-permission,,"301, Kingsbury Road, NW9 9PE",,https://maps.london.gov.uk/brownfield-site-register,42,Brent,E09000005,archived (end-date populated)
brownfield-land,2021-01-11,1717204,2018-12-14,,,BR00021,42,POINT(-0.224388 51.564558),brownfield-land,authoritative,BR00021,2018-12-14,geography,,yes,,0.054,5,5,17/5243. Development commenced.,,not-owned-by-a-public-authority,2018-02-23,https://pa.brent.gov.uk/online-applications/simpleSearchResults.do?action=firstPage,permissioned,full-planning-permission,,"348, Dollis Hill Lane, NW2 6HL",,https://maps.london.gov.uk/brownfield-site-register,42,Brent,E09000005,archived (end-date populated)
brownfield-land,2019-08-05,1717205,2018-12-14,,,BR00029,42,POINT(-0.196744 51.528427),brownfield-land,authoritative,BR00029,2018-12-14,geography,,yes,,0.24,40,40,"Demolition of existing buildings at 5-9 Chippenham Gardens, Kilburn Park Post Office and 4-26 Stuart Road (even numbers) and construction of part-four, -five and -six storey building comprising 52 self contained flats (24 x 1 bed, 19 x 2 bed and 9 x 3 bed) with associated highway works, hard and soft landscaping, cycle and refuse provision and alterations to Chippenham Gardens",,not-owned-by-a-public-authority,2016-08-05,https://pa.brent.gov.uk/online-applications/applicationDetails.do?activeTab=summary&keyVal=DCAPR_127158,permissioned,full-planning-permission,,"5, Chippenham Gardens, NW6 5LH",,https://maps.london.gov.uk/brownfield-site-register,42,Brent,E09000005,archived (end-date populated)
brownfield-land,2019-11-03,1717206,2019-12-13,,,BR00037,42,POINT(-0.212771 51.55431),brownfield-land,authoritative,BR00037,2018-12-14,geography,,yes,,0.025,2,2,Development has commenced,,not-owned-by-a-public-authority,2016-11-04,https://pa.brent.gov.uk/online-applications/simpleSearchResults.do?action=firstPage,permissioned,full-planning-permission,,"81, Cricklewood Broadway, NW2 3JR",,https://maps.london.gov.uk/brownfield-site-register,42,Brent,E09000005,archived (end-date populated)
brownfield-land,2019-04-11,1717207,2019-12-13,,,BR00042,42,POINT(-0.215174 51.543789),brownfield-land,authoritative,BR00042,2018-12-14,geography,,yes,,0.1,4,4,Development has commenced,,not-owned-by-a-public-authority,2017-11-02,https://pa.brent.gov.uk/online-applications/simpleSearchResults.do?action=firstPage,permissioned,full-planning-permission,,"Delmore, 18n, Brondesbury Park, NW6 7DB",,https://maps.london.gov.uk/brownfield-site-register,42,Brent,E09000005,archived (end-date populated)
brownfield-land,2019-05-23,1717208,2020-11-05,,,BR00046,42,POINT(-0.23534 51.540677),brownfield-land,authoritative,BR00046,2018-12-14,geography,,yes,,0.83,8,8,Development has commenced,,mixed-ownership,2018-08-29,https://pa.brent.gov.uk/online-applications/simpleSearchResults.do?action=firstPage,permissioned,full-planning-permission,,"Land Adjacent To 1-18 And Land West Of 29 To 46, Ellerslie Gardens, NW10",,https://maps.london.gov.uk/brownfield-site-register,42,Brent,E09000005,archived (end-date populated)
brownfield-land,2019-11-29,1717209,2020-11-05,,,BR00047,42,POINT(-0.283622 51.554837),brownfield-land,authoritative,BR00047,2018-12-14,geography,,yes,,0.33,45,45,Development has commenced,,not-owned-by-a-public-authority,2016-12-23,https://pa.brent.gov.uk/online-applications/simpleSearchResults.do?action=firstPage,permissioned,outline-planning-permission,,"Land Adjacent To Wembley Stadium Station, South Way, HA9 0HB",,https://maps.london.gov.uk/brownfield-site-register,42,Brent,E09000005,archived (end-date populated)
brownfield-land,2020-03-23,1717211,2020-11-05,,,BR00075,42,POINT(-0.239577 51.533295),brownfield-land,authoritative,BR00075,2018-12-14,geography,,yes,,0.07,6,6,Development has commenced,,not-owned-by-a-public-authority,2018-02-02,https://pa.brent.gov.uk/online-applications/simpleSearchResults.do?action=firstPage,permissioned,full-planning-permission,,"3 & 3a, Furness Road, NW10 4QH",,https://maps.london.gov.uk/brownfield-site-register,42,Brent,E09000005,archived (end-date populated)
brownfield-land,2019-04-11,1717212,2018-12-14,,,BR00076,42,POINT(-0.217978 51.544731),brownfield-land,authoritative,BR00076,2018-12-14,geography,,yes,,0.122,6,6,"Conversion of the 3 flats into 9 x self-contained flats (4 x 1bed, 3 x 2bed and 1 x 3bed) to include the demolition of the side utility room and erection of single storey side extension, part single and part two storey rear extension with associated balconies, rear and side dormer windows, insertion of 4 rooflights, widening of vehicular crossover,car parking, provision for cycle and bin stores, landscaping and alterations to the boundary wall",,unknown-ownership,2017-09-26,https://pa.brent.gov.uk/online-applications/simpleSearchResults.do?action=firstPage,permissioned,full-planning-permission,,"30, Brondesbury Park, NW6 7DN",,https://maps.london.gov.uk/brownfield-site-register,42,Brent,E09000005,archived (end-date populated)
brownfield-land,2019-10-18,1717213,2018-12-14,,,BR00077,42,POINT(-0.235797 51.541179),brownfield-land,authoritative,BR00077,2018-12-14,geography,,yes,,0.08,9,9,"Demolition of existing building and erection of a four storey residential block comprising 9 flats (2 x 1 bed, 5 x 2 bed and 2 x 3 bed flats) including provision of car parking spaces, bin storage and soft landscaping",,unknown-ownership,2018-07-20,https://pa.brent.gov.uk/online-applications/applicationDetails.do?activeTab=summary&keyVal=DCAPR_139777,permissioned,full-planning-permission,,"341, Harlesden Road, NW10 3RX",,https://maps.london.gov.uk/brownfield-site-register,42,Brent,E09000005,archived (end-date populated)
brownfield-land,2019-04-11,1717216,2018-12-14,,,BR00082,42,POINT(-0.219949 51.545211),brownfield-land,authoritative,BR00082,2018-12-14,geography,,yes,,0.076,6,6,"Conversion of the dwellinghouse into 7 self-contained flats (5 x studios, 1 x 1bed and 1 x 3bed) to include the insertion of rooflights to existing side extension, new door opening to the ground floor rear elevation, car and cycle parking spaces, bin stores, landscaping, amenity space and replacement of the hinged gates with new sliding gates to the front boundary elevation",,not-owned-by-a-public-authority,2018-01-02,https://pa.brent.gov.uk/online-applications/applicationDetails.do?activeTab=summary&keyVal=DCAPR_134991,permissioned,full-planning-permission,,"48, Brondesbury Park, NW6 7AT",,https://maps.london.gov.uk/brownfield-site-register,42,Brent,E09000005,archived (end-date populated)
brownfield-land,2018-08-31,1717220,2018-12-14,,,BR00086,42,POINT(-0.312502 51.57976),brownfield-land,authoritative,BR00086,2018-12-14,geography,,yes,,0.15,5,5,"Demolition of existing care home building and erection of a two storey building with a converted loft space and basement level to provide 5 self-contained flats (2 x 3 bed and 3 x 2 bed) with associated car and cycle parking spaces, bin stores, amended drop kerb and landscaping",,unknown-ownership,2017-04-27,https://pa.brent.gov.uk/online-applications/applicationDetails.do?activeTab=summary&keyVal=DCAPR_132691,permissioned,full-planning-permission,,"57, Draycott Avenue, HA3 0BL",,https://maps.london.gov.uk/brownfield-site-register,42,Brent,E09000005,archived (end-date populated)
brownfield-land,2019-05-01,1717221,2018-12-14,,,BR00087,42,POINT(-0.286894 51.553733),brownfield-land,authoritative,BR00087,2018-12-14,geography,,yes,,0.043,6,6,"Construction of a third and fourth floor over existing mixed used building to include a rear extension at first and second floor level and change of use of the ground floor existing A1 units (x2) and A3 unit (x1) at No 5-7 into 2 retail units (Use class A1) and the existing flats and upper floors at No 5-7 and No 9 into a total of 13 self-contained flats (6x1bed, 4x2bed and 3x3bed) with associated terraces, alterations to existing entrances, cycle parking and landscaping",,not-owned-by-a-public-authority,2016-02-11,https://pa.brent.gov.uk/online-applications/applicationDetails.do?activeTab=summary&keyVal=DCAPR_121907,permissioned,full-planning-permission,,"5-9, Wembley Hill Road, HA9 8AF",,https://maps.london.gov.uk/brownfield-site-register,42,Brent,E09000005,archived (end-date populated)
brownfield-land,2019-01-21,1717222,2018-12-14,,,BR00088,42,POINT(-0.30842 51.551294),brownfield-land,authoritative,BR00088,2018-12-14,geography,,yes,,0.09,8,8,"Demolition of Nos 633 and 635 Harrow Road and detached double garage and erection of a new three storey block providing 8 self-contained flats (1 x 1bed, 5 x 2bed and 2 x 3bed) whilst retaining existing vehicular crossovers from Harrow Road and Dalmeny Close, provision for car, cycle and bike parking, bin stores and landscaping",,unknown-ownership,2017-04-27,https://pa.brent.gov.uk/online-applications/applicationDetails.do?activeTab=summary&keyVal=DCAPR_130904,permissioned,full-planning-permission,,"633-635, Harrow Road, HA0 2ET",,https://maps.london.gov.uk/brownfield-site-register,42,Brent,E09000005,archived (end-date populated)
brownfield-land,2020-07-01,1717223,2020-11-05,,,BR00089,42,POINT(-0.206755 51.537087),brownfield-land,authoritative,BR00089,2018-12-14,geography,,yes,,0.675,9,9,Development has commenced,,not-owned-by-a-public-authority,2017-08-02,https://pa.brent.gov.uk/online-applications/simpleSearchResults.do?action=firstPage,permissioned,full-planning-permission,,"76, Salusbury Road, NW6 6PA",,https://maps.london.gov.uk/brownfield-site-register,42,Brent,E09000005,archived (end-date populated)
brownfield-land,2019-08-15,1717224,2018-12-14,,,BR00090,42,POINT(-0.319506 51.580417),brownfield-land,authoritative,BR00090,2018-12-14,geography,,yes,,0.2,36,36,"Demolition of existing dwellinghouse and erection of a part three part four storey building comprising 39 self-contained flats (27 X 1bed, 8 x 2bed and 4 x 3bed) with associated basement car and cycle parking spaces accessed via new crossover off Rushout Avenue, bin stores, fencing and landscaping, subject to a Deed of Agreement dated 15 May 2018 under Section 106 of the Town and Country Planning Act 1990, as amended.",,unknown-ownership,2018-05-15,https://pa.brent.gov.uk/online-applications/applicationDetails.do?activeTab=summary&keyVal=DCAPR_135979,permissioned,full-planning-permission,,"79-83, Kenton Road, HA3 0AH",,https://maps.london.gov.uk/brownfield-site-register,42,Brent,E09000005,archived (end-date populated)
brownfield-land,2018-08-23,1717225,2018-12-14,,,BR00091,42,POINT(-0.326881 51.558815),brownfield-land,authoritative,BR00091,2018-12-14,geography,,yes,,0.052,7,7,"Demolition of bungalow and erection of a part two, part three and part four storey building with top floor set back, comprising 8 self-contained flats (3 x studio, 3 x 1 bed and 2 x 2 bed), provision for 5 car parking spaces to rear, refuse and bicycle storage to front, communal and private amenity spaces and associated landscaping (revised description)",,unknown-ownership,2018-06-29,https://pa.brent.gov.uk/online-applications/simpleSearchResults.do?action=firstPage,permissioned,full-planning-permission,,"945, Harrow Road, HA0 2SA",,https://maps.london.gov.uk/brownfield-site-register,42,Brent,E09000005,archived (end-date populated)
brownfield-land,2020-03-13,1717230,2020-11-05,,,BR00097,42,POINT(-0.261799 51.544948),brownfield-land,authoritative,BR00097,2018-12-14,geography,,yes,,0.31,5,5,Development has commenced,,mixed-ownership,2018-06-07,https://pa.brent.gov.uk/online-applications/simpleSearchResults.do?action=firstPage,permissioned,full-planning-permission,,"Land Rear Of 25 To 30, Stonebridge Park, NW10",,https://maps.london.gov.uk/brownfield-site-register,42,Brent,E09000005,archived (end-date populated)
brownfield-land,2018-07-06,1717233,2020-11-05,,,BR00100,42,POINT(-0.235043 51.566967),brownfield-land,authoritative,BR00100,2018-12-14,geography,,yes,,0.1,9,9,Development complete,,not-owned-by-a-public-authority,2017-02-22,https://pa.brent.gov.uk/online-applications/simpleSearchResults.do?action=firstPage,permissioned,full-planning-permission,,"Oxgate Farm Works, Coles Green Road, NW2 7EY",,https://maps.london.gov.uk/brownfield-site-register,42,Brent,E09000005,archived (end-date populated)
brownfield-land,2019-09-25,1717234,2018-12-14,,,BR00101,42,POINT(-0.199429 51.533819),brownfield-land,authoritative,BR00101,2018-12-14,geography,,yes,,1.44,170,170,"Hybrid Application for the proposed redevelopment of the Peel site comprising Peel Precinct, 97-112 Carlton House, 8-14 Neville Close, 2 Canterbury Road & Peel site garages:_x000D_ _x000D_  Full planning application for the demolition of 2A Canterbury Road, 1-7 and 15-33 Peel Precinct and 8-14 Neville Close, and erection of four buildings (A, B, C and E) ranging between four to 16 storeys, plus part basement comprising of 38 replacement affordable homes for existing South Kilburn secure tenants, 64 private sale units (38 x 1-bed, 47 x 2-bed, 13 x 3-bed and 4 x 4-bed units) , associated landscaping, highways and public realm improvements (including new public space), private open space, associated car parking, cycle parking and servicing provision._x000D_ _x000D_  Outline planning application with reserved matters (around Appearance, Landscaping, and Scale) for the demolition of 97-112 Carlton House, 34-57 Peel Precinct and Peel site garages, and erection of three buildings (D, F and G) ranging in height between up to 4 and up to 8 storeys provide up to 124 residential units comprising of 4 Affordable Housing units, and up to 120 private units, with associated landscaping, private open space, and cycle parking._x000D_ _x000D_ And subject to a Deed of Agreement under Section 106 of the Town and Country Planning Act 1990, as amended",,owned-by-a-public-authority,2017-09-08,https://pa.brent.gov.uk/online-applications/applicationDetails.do?activeTab=summary&keyVal=DCAPR_130364,permissioned,full-planning-permission,,"Peel Precinct, 97-112 Carlton House, Canterbury Terrace, 8-1, Neville Close, NW6",,https://maps.london.gov.uk/brownfield-site-register,42,Brent,E09000005,archived (end-date populated)
brownfield-land,2019-09-16,1717235,2018-12-14,,,BR00102,42,POINT(-0.317736 51.581453),brownfield-land,authoritative,BR00102,2018-12-14,geography,,yes,,0.02,2,2,"Demolition of single storey rear extension and garage to retail unit and erection of a part single and two storey rear extension along with the conversion of the existing uppers floors to provide a total of 5 self-contained flats (4 x 1bed and 1 x studio) with first floor amenity space and associated alterations to include the enlargement of the front dormer window and rear rooflight,installation of side railings, cycle racks and provision for bin storage",,unknown-ownership,2018-02-14,https://pa.brent.gov.uk/online-applications/simpleSearchResults.do?action=firstPage,permissioned,full-planning-permission,,"Studio Flats, 117 & Rear Of 117, Kenton Road, HA3 0AZ",,https://maps.london.gov.uk/brownfield-site-register,42,Brent,E09000005,archived (end-date populated)
brownfield-land,2017-12-19,1717237,2018-12-14,,,BR00104,42,POINT(-0.216798 51.556844),brownfield-land,authoritative,BR00104,2018-12-14,geography,,yes,,0.2,9,9,"Erection of second and third floor extension to building referred to as Barclay House to provide 9 residential duplex apartments (7 x 2bed and 2 x 3bed) and the change of use of the ground floor from storage space to office (Use B1a) and gymnasium (Use class D2). Refurbishment of building referred to as Stadium House to provide office space (Use class B1a) at ground floor and creation of new mezzanine level, creation of a new extension linking both buildings at ground floor level and provision for car (stacked storage) & cycle parking space and bin stores",,unknown-ownership,2018-05-01,https://pa.brent.gov.uk/online-applications/applicationDetails.do?activeTab=summary&keyVal=DCAPR_137934,permissioned,full-planning-permission,,"The Stadium, Oaklands Road, NW2 6DJ",,https://maps.london.gov.uk/brownfield-site-register,42,Brent,E09000005,archived (end-date populated)
brownfield-land,2020-07-24,1717238,2020-11-05,,,BR00105,42,POINT(-0.283418 51.59012),brownfield-land,authoritative,BR00105,2018-12-14,geography,,yes,,0.253,61,61,Development has commenced,,not-owned-by-a-public-authority,2017-10-26,https://pa.brent.gov.uk/online-applications/simpleSearchResults.do?action=firstPage,permissioned,full-planning-permission,,"The Willows, Honeypot Lane, NW9 9QA",,https://maps.london.gov.uk/brownfield-site-register,42,Brent,E09000005,archived (end-date populated)
brownfield-land,2019-12-02,1717240,2018-12-14,,,BR00109,42,POINT(-0.302177 51.541932),brownfield-land,authoritative,BR00109,2018-12-14,geography,,yes,,0.083,4,4,"Demolish existing building (containing office and residential units) and replace with a new part two storey part three storey building containing 9 flats (6x2 bedroom flats, 2x1 bedroom flats and 1 studio flat).",,unknown-ownership,2016-12-08,https://pa.brent.gov.uk/online-applications/applicationDetails.do?activeTab=summary&keyVal=DCAPR_130230,permissioned,full-planning-permission,,"1, Bridgehill Close, HA0 1EP",,https://maps.london.gov.uk/brownfield-site-register,42,Brent,E09000005,archived (end-date populated)
brownfield-land,2019-02-01,1717241,2018-12-14,,,BR00110,42,POINT(-0.31463 51.582703),brownfield-land,authoritative,BR00110,2018-12-14,geography,,yes,,0.103,8,8,"Demolition of existing detached dwellinghouse and erection of a part four storey, part three storey part 2-storey apartment block providing 1 x 3 bed; 5 x 2 bed and 3 x 1 bed self contained flats with associated basement level car and cycle parking, refuse storage, amenity space and landscaping",,unknown-ownership,2016-10-26,https://pa.brent.gov.uk/online-applications/applicationDetails.do?activeTab=summary&keyVal=DCAPR_126652,permissioned,full-planning-permission,,"1, Draycott Avenue, HA3 0BW",,https://maps.london.gov.uk/brownfield-site-register,42,Brent,E09000005,archived (end-date populated)
brownfield-land,2019-02-01,1717244,2018-12-14,,,BR00113,42,POINT(-0.299576 51.550564),brownfield-land,authoritative,BR00113,2018-12-14,geography,,yes,,0.062,9,9,"Demolition of the existing building (Use Class C2) and erection of a three storey building comprising 9 self contained flats (7 x1 bed and 2 x 3 bed), creation of first floor terrace, provision for communal and private amenity space, bicycle and refuse storage, landscaping and alterations to boundary walls",,not-owned-by-a-public-authority,2018-07-27,https://pa.brent.gov.uk/online-applications/simpleSearchResults.do?action=firstPage,permissioned,full-planning-permission,,"12, Chaplin Road, HA0 4TX",,https://maps.london.gov.uk/brownfield-site-register,42,Brent,E09000005,archived (end-date populated)
brownfield-land,2019-09-30,1717248,2020-11-05,,,BR00106,42,POINT(-0.230328 51.547193),brownfield-land,authoritative,BR00106,2018-12-14,geography,,yes,,0.075,9,9,Development has commenced,,not-owned-by-a-public-authority,2018-01-19,https://pa.brent.gov.uk/online-applications/simpleSearchResults.do?action=firstPage,permissioned,full-planning-permission,,"Willesden Green Baptist Church, High Road, NW10 2PR",,https://maps.london.gov.uk/brownfield-site-register,42,Brent,E09000005,archived (end-date populated)
brownfield-land,2019-05-27,1717249,2019-12-13,,,BR00022,42,POINT(-0.325174 51.562883),brownfield-land,authoritative,BR00022,2018-12-14,geography,,yes,,0.065,5,5,Development has commenced,,not-owned-by-a-public-authority,2018-01-23,https://pa.brent.gov.uk/online-applications/simpleSearchResults.do?action=firstPage,permissioned,full-planning-permission,,"40, Sudbury Court Road, HA1 3SH",,https://maps.london.gov.uk/brownfield-site-register,42,Brent,E09000005,archived (end-date populated)
brownfield-land,2019-03-02,1717250,2017-12-15,,,BR00072,42,POINT(-0.22068 51.534202),brownfield-land,authoritative,BR00072,2017-12-15,geography,,yes,,0.04,9,9,"Redevelopment of the storage land opposite Linden Avenue to include the demolition and removal of existing buildings and structures and the erection of four storey building comprising 9 no. self-contained flats (7 x 2 bed and 2 x 3 bed) (Use Class C3), 5 no. retail units (Use Class A1) and 1 no. office unit (Use Class B1) on the ground floor with associated loading bay subject to a legal agreement pursuant to S106 of the Town and Country Planning Act 1990 (as amended) dated 2 March 2016",,unknown-ownership,2016-03-04,https://pa.brent.gov.uk/online-applications/propertyDetails.do?activeTab=relatedCases&keyVal=PROPLPI_202043033_1,permissioned,full-planning-permission,,"Storage Land Opposite Linden Avenue, Station Terrace, NW10 5RR",,https://maps.london.gov.uk/brownfield-site-register,42,Brent,E09000005,archived (end-date populated)
brownfield-land,2020-10-05,1717251,2020-11-05,,,BR00066,42,POINT(-0.213217 51.531889),brownfield-land,authoritative,BR00066,2018-12-14,geography,,yes,,0.098,6,6,Development has commenced,,not-owned-by-a-public-authority,2018-09-06,https://pa.brent.gov.uk/online-applications/simpleSearchResults.do?action=firstPage,permissioned,full-planning-permission,,"133, Kilburn Lane, W10 4AN",,https://maps.london.gov.uk/brownfield-site-register,42,Brent,E09000005,archived (end-date populated)
brownfield-land,2019-04-08,1717254,2018-12-14,,,BR00070,42,POINT(-0.217037 51.530437),brownfield-land,authoritative,BR00070,2018-12-14,geography,,yes,,0.13,7,7,"Demolition of the roofing merchants and storage depot site and erection of 7 residential dwellings (1 x 4bed and 6 x 3bed) with associated car and cycle parking spaces, bin stores, landscaping and amenity space",,unknown-ownership,2016-05-18,https://pa.brent.gov.uk/online-applications/applicationDetails.do?activeTab=summary&keyVal=DCAPR_124978,permissioned,full-planning-permission,,"2, Buller Road, NW10 5BT",,https://maps.london.gov.uk/brownfield-site-register,42,Brent,E09000005,archived (end-date populated)
brownfield-land,2021-12-15,1717257,2018-12-17,,,BLR035,192,POINT(-0.113115 51.485005),brownfield-land,authoritative,BLR035,2018-12-17,geography,,yes,,2.03,738,738,"“Demolition of existing buildings and structures and redevelopment to provide a mixed-use development comprising re-erection of restored gas-holder no.1, erection of new buildings ranging from 4-18 storeys to provide 738 residential units (Class C3), 10,160sqm of Class B1 office and Class B1 shared working space incorporating ancillary cafe and space for community use, 800sqm for waste management use, 148sqm of D1 community space, the provision of a new publically accessible open space, new pedestrian and vehicle routes, accesses and amenity areas, basement level car park with integral servicing areas, provision of new gas governor and substation, and other associated works of de-contamination.",,not-owned-by-a-public-authority,2018-08-23,https://planning.lambeth.gov.uk/online-applications/applicationDetails.do?keyVal=P031HPBOI0700&activeTab=summary,permissioned,full-planning-permission,,"Gasholder Station, Kennington Oval",,http://lambethopenmappingdata-lambethcouncil.opendata.arcgis.com/datasets/brownfield-land-register,192,Lambeth,E09000022,archived (end-date populated)
brownfield-land,2019-12-20,1717258,2018-12-17,,,BLR036,192,POINT(-0.11861 51.433432),brownfield-land,authoritative,BLR036,2018-12-17,geography,,,,0.15,5,5,Redevelopment of the site to provide additional homes.,,not-owned-by-a-public-authority,,,not-permissioned,,,133-139 Leigham Court Road,,http://lambethopenmappingdata-lambethcouncil.opendata.arcgis.com/datasets/brownfield-land-register,192,Lambeth,E09000022,archived (end-date populated)
brownfield-land,2022-12-15,1717259,2018-12-17,,,BLR037,192,POINT(-0.119436 51.459082),brownfield-land,authoritative,BLR037,2018-12-17,geography,,yes,,0.11,24,24,"“Demolition of buildings and erection of a part 2, part 4 and part 5-storey building with basement level to provide 613sqm of office space (B1 Use Class), 22 self-contained flats and 2 dwelling houses (C3 Use Class) together with provision of cycle and refuse storage, plus a landscaped communal amenity space.",,not-owned-by-a-public-authority,2018-10-08,https://planning.lambeth.gov.uk/online-applications/applicationDetails.do?activeTab=summary&keyVal=OUB92IBOKC800,permissioned,full-planning-permission,,41-45 Acre Lane,,http://lambethopenmappingdata-lambethcouncil.opendata.arcgis.com/datasets/brownfield-land-register,192,Lambeth,E09000022,archived (end-date populated)
brownfield-land,2020-12-15,1717260,2019-12-20,,,BLR038,192,POINT(-0.131703 51.436606),brownfield-land,authoritative,BLR038,2018-12-17,geography,,yes,,0.16,9,9,Demolition of existing garage at rear of the property and redevelopment to provide part three and part two storey building accommodating 9 residential units.,,not-owned-by-a-public-authority,2019-05-20,https://planning.lambeth.gov.uk/online-applications/applicationDetails.do?activeTab=summary&keyVal=P79Y2GBOJ2U00,permissioned,full-planning-permission,,Land to the rear of Colin Court at Woodfield Avenue,,http://lambethopenmappingdata-lambethcouncil.opendata.arcgis.com/datasets/brownfield-land-register,192,Lambeth,E09000022,archived (end-date populated)
brownfield-land,2019-12-20,1717261,2018-12-17,,,BLR039,192,POINT(-0.130281 51.423484),brownfield-land,authoritative,BLR039,2018-12-17,geography,,yes,,0.04,8,8,"“Erection of a 5 storey building to provide 8 residential units (3 x 1 bed, 4 x 2 bed, 1 x 3 bed), together with amenity space, landscaping, cycle storage and refuse storage.",,not-owned-by-a-public-authority,2018-04-05,https://planning.lambeth.gov.uk/online-applications/applicationDetails.do?keyVal=P0AJHRBOID800&activeTab=summary,permissioned,full-planning-permission,,Land at 396 Streatham High Road,,http://lambethopenmappingdata-lambethcouncil.opendata.arcgis.com/datasets/brownfield-land-register,192,Lambeth,E09000022,archived (end-date populated)
brownfield-land,2020-12-15,1717262,2019-12-20,,,BLR040,192,POINT(-0.095347 51.428773),brownfield-land,authoritative,BLR040,2018-12-17,geography,,yes,,0.07,7,7,"“Demolition of existing buildings and the erection of a four storey replacement building comprising of 7 x residential units (Class C3), associated amenity space, landscaping, cycle parking and refuse storage.",,not-owned-by-a-public-authority,2018-12-14,https://planning.lambeth.gov.uk/online-applications/applicationDetails.do?activeTab=summary&keyVal=P98PP6BOLFC00,permissioned,full-planning-permission,,31-37 Auckland Hill,,http://lambethopenmappingdata-lambethcouncil.opendata.arcgis.com/datasets/brownfield-land-register,192,Lambeth,E09000022,archived (end-date populated)
brownfield-land,2020-12-15,1717263,2018-12-17,,,BLR041,192,POINT(-0.108367 51.493821),brownfield-land,authoritative,BLR041,2018-12-17,geography,,yes,,0.12,6,6,"“Redevelopment of the site involving the demolition of the existing garage buildings and adjacent boundary wall and erection of a terrace of five 2-storey plus basement mews houses (3-bedrooms) and one detached house (4-bedroom) together with associated parking, landscaping and pedestrian and vehicular accesses from Walcot Square; alterations to boundary treatments, including the erection of new boundary walls and reconstruction of part of the boundary wall to 1-7 Walcot Square.",,not-owned-by-a-public-authority,2018-05-06,https://planning.lambeth.gov.uk/online-applications/applicationDetails.do?activeTab=summary&keyVal=OOXAH2BOI7D00,permissioned,full-planning-permission,,Garages at Walcot Square,,http://lambethopenmappingdata-lambethcouncil.opendata.arcgis.com/datasets/brownfield-land-register,192,Lambeth,E09000022,archived (end-date populated)
brownfield-land,2021-12-15,1717264,2018-12-17,,,BLR042,192,POINT(-0.104101 51.440261),brownfield-land,authoritative,BLR042,2018-12-17,geography,,yes,,0.07,6,6,"“Redevelopment of the car sales lot to erect a part three, part five storey building to provide 5no. self-contained flats and 1no. maisonette with associated amenity space, cycle storage and refuse storage. Change of use of the ground floor of no. 341 Norwood Road from sui generis to use class A1/A2 and change of use of no. 343 Norwood Road from sui generis to use class B1 affordable office space.",,not-owned-by-a-public-authority,2018-02-10,https://planning.lambeth.gov.uk/online-applications/applicationDetails.do?keyVal=OWIW98BOJ5E00&activeTab=summary,permissioned,full-planning-permission,,341 - 343 Norwood Road,,http://lambethopenmappingdata-lambethcouncil.opendata.arcgis.com/datasets/brownfield-land-register,192,Lambeth,E09000022,archived (end-date populated)
brownfield-land,2021-12-15,1717265,2020-12-15,,,BLR043,192,POINT(-0.123682 51.435605),brownfield-land,authoritative,BLR043,2018-12-17,geography,,yes,,0.03,5,5,"“Demolition of existing dwellinghouse and erection of new 4-storey building plus basement to provide 1 x 3-bed apartment, 2 x 2-bed apartments and 3 x 1-bed apartments, together with associated bin store and cycle storage.",,not-owned-by-a-public-authority,2020-10-23,https://planning.lambeth.gov.uk/online-applications/applicationDetails.do?activeTab=summary&keyVal=P9W8F3BOM0G00,permissioned,full-planning-permission,,12G Leigham Court Road,,http://lambethopenmappingdata-lambethcouncil.opendata.arcgis.com/datasets/brownfield-land-register,192,Lambeth,E09000022,archived (end-date populated)
brownfield-land,2020-12-15,1717266,2018-12-17,,,BLR044,192,POINT(-0.07988 51.419904),brownfield-land,authoritative,BLR044,2018-12-17,geography,,yes,,0.02,5,5,"“Erection of 3 storey building plus basement including a front lightwell to provide 5 residential units, together with provision of cycle stores, refuse/recycling storages and private gardens.",,not-owned-by-a-public-authority,2018-05-25,https://planning.lambeth.gov.uk/online-applications/applicationDetails.do?activeTab=summary&keyVal=P1VRG2BOK1I00,permissioned,full-planning-permission,,Land adjacent to 16 Beardell Street,,http://lambethopenmappingdata-lambethcouncil.opendata.arcgis.com/datasets/brownfield-land-register,192,Lambeth,E09000022,archived (end-date populated)
brownfield-land,2022-12-15,1717267,2021-12-15,,,BLR045,192,POINT(-0.116661 51.449965),brownfield-land,authoritative,BLR045,2018-12-17,geography,,yes,,0.06,5,5,"“Erection of a three-storey plus basement building to provide three self-contained units fronting Medora Road , and erection of part-single, part-two storey buildings to rear to provide two dwellings and associated landscaping, cycle parking, and refuse and recycling storage.",,not-owned-by-a-public-authority,2021-10-05,https://planning.lambeth.gov.uk/online-applications/applicationDetails.do?keyVal=QEHU92BOH6K00&activeTab=summary,permissioned,full-planning-permission,,Land between 33 and 35 Medora Road,,http://lambethopenmappingdata-lambethcouncil.opendata.arcgis.com/datasets/brownfield-land-register,192,Lambeth,E09000022,archived (end-date populated)
brownfield-land,2011-11-21,1718602,2020-11-11,,,RG010,198,POINT(-0.0194 51.4468),brownfield-land,authoritative,RG010,2020-11-11,geography,,yes,,0.03,9,9,"DC/19/110112 for resideential development including 5 x one bedroom, 2 x two bedroom and 1 x three bedroom flats and 1 x two bedroom maisonette",,not-owned-by-a-public-authority,2019-06-12,,permissioned,full-planning-permission,,116-118 Rushey Green,,https://lewisham.gov.uk/brownfieldregister,198,Lewisham,E09000023,archived (end-date populated)
brownfield-land,2021-12-15,1719361,2019-12-20,,,BLR056,192,POINT(-0.133766 51.42892),brownfield-land,authoritative,BLR056,2019-12-20,geography,,yes,,0.08,5,5,,,not-owned-by-a-public-authority,2019-11-10,https://planning.lambeth.gov.uk/online-applications/applicationDetails.do?keyVal=PNNFBABOJWT00&activeTab=summary,permissioned,full-planning-permission,,43 Ambleside Avenue,,http://lambethopenmappingdata-lambethcouncil.opendata.arcgis.com/datasets/brownfield-land-register,192,Lambeth,E09000022,archived (end-date populated)
brownfield-land,2021-12-15,1719362,2019-12-20,,,BLR052,192,POINT(-0.131724 51.470652),brownfield-land,authoritative,BLR052,2019-12-20,geography,,yes,,0.07,4,4,,,not-owned-by-a-public-authority,2019-01-24,https://planning.lambeth.gov.uk/online-applications/applicationDetails.do?keyVal=P4YOF1BOG7O00&activeTab=summary,permissioned,full-planning-permission,,55 Union Grove,,http://lambethopenmappingdata-lambethcouncil.opendata.arcgis.com/datasets/brownfield-land-register,192,Lambeth,E09000022,archived (end-date populated)
brownfield-land,2025-12-20,1719363,2019-12-20,,,BLR049,192,POINT(-0.129804 51.478737),brownfield-land,authoritative,BLR049,2019-12-20,geography,,yes,,0.06,18,18,,,owned-by-a-public-authority,,,not-permissioned,,,Hemans Estate Ball Court,,http://lambethopenmappingdata-lambethcouncil.opendata.arcgis.com/datasets/brownfield-land-register,192,Lambeth,E09000022,archived (end-date populated)
brownfield-land,2023-12-20,1719364,2020-12-15,,,BLR066,192,POINT(-0.127596 51.429476),brownfield-land,authoritative,BLR066,2019-12-20,geography,,yes,,0.23,41,41,,,not-owned-by-a-public-authority,2020-09-01,https://planning.lambeth.gov.uk/online-applications/applicationDetails.do?activeTab=summary&keyVal=PGR7NLBOMEW00,permissioned,full-planning-permission,,101 Streatham High Road,,http://lambethopenmappingdata-lambethcouncil.opendata.arcgis.com/datasets/brownfield-land-register,192,Lambeth,E09000022,archived (end-date populated)
brownfield-land,2023-12-20,1719365,2021-12-15,,,BLR048,192,POINT(-0.128521 51.464741),brownfield-land,authoritative,BLR048,2019-12-20,geography,,yes,,0.2,5,5,,,owned-by-a-public-authority,2021-01-03,https://planning.lambeth.gov.uk/online-applications/applicationDetails.do?activeTab=summary&keyVal=QDKGVRBOGI300,permissioned,full-planning-permission,,Flats 24 To 66 Fenwick Place,,http://lambethopenmappingdata-lambethcouncil.opendata.arcgis.com/datasets/brownfield-land-register,192,Lambeth,E09000022,archived (end-date populated)
brownfield-land,2023-12-20,1719366,2022-12-15,,,BLR065,192,POINT(-0.126864 51.453013),brownfield-land,authoritative,BLR065,2019-12-20,geography,,yes,,0.06,9,9,,,not-owned-by-a-public-authority,2022-05-31,https://planning.lambeth.gov.uk/online-applications/applicationDetails.do?activeTab=summary&keyVal=QE4XCUBOGXI00,permissioned,full-planning-permission,,"Land At Rear Of Robins Court, Kings Avenue",,http://lambethopenmappingdata-lambethcouncil.opendata.arcgis.com/datasets/brownfield-land-register,192,Lambeth,E09000022,archived (end-date populated)
brownfield-land,2022-12-15,1719368,2019-12-20,,,BLR051,192,POINT(-0.126404 51.429551),brownfield-land,authoritative,BLR051,2019-12-20,geography,,yes,,0.03,4,4,,,not-owned-by-a-public-authority,2019-01-31,https://planning.lambeth.gov.uk/online-applications/applicationDetails.do?activeTab=summary&keyVal=P2M7V6BOKV500,permissioned,full-planning-permission,,37 And 39 Shrubbery Road,,http://lambethopenmappingdata-lambethcouncil.opendata.arcgis.com/datasets/brownfield-land-register,192,Lambeth,E09000022,archived (end-date populated)
brownfield-land,2021-12-15,1719369,2020-12-15,,,BLR061,192,POINT(-0.125283 51.481123),brownfield-land,authoritative,BLR061,2019-12-20,geography,,yes,,0.05,30,30,,,not-owned-by-a-public-authority,2020-02-20,https://planning.lambeth.gov.uk/online-applications/applicationDetails.do?activeTab=summary&keyVal=ORJQL4BOM3D00,permissioned,full-planning-permission,,22 Wyvil Road,,http://lambethopenmappingdata-lambethcouncil.opendata.arcgis.com/datasets/brownfield-land-register,192,Lambeth,E09000022,archived (end-date populated)
brownfield-land,2024-12-20,1719370,2021-12-15,,,BLR068,192,POINT(-0.125143 51.47922),brownfield-land,authoritative,BLR068,2019-12-20,geography,,yes,,0.21,22,22,,,not-owned-by-a-public-authority,2021-04-14,https://planning.lambeth.gov.uk/online-applications/applicationDetails.do?activeTab=summary&keyVal=PJBJS8BOIEC00,permissioned,full-planning-permission,,3 To 27 Wilcox Road,,http://lambethopenmappingdata-lambethcouncil.opendata.arcgis.com/datasets/brownfield-land-register,192,Lambeth,E09000022,archived (end-date populated)
brownfield-land,2021-12-15,1719371,2019-12-20,,,BLR050,192,POINT(-0.123465 51.414672),brownfield-land,authoritative,BLR050,2019-12-20,geography,,yes,,0.19,23,23,,,not-owned-by-a-public-authority,2019-04-17,https://planning.lambeth.gov.uk/online-applications/applicationDetails.do?activeTab=summary&keyVal=OT37QXBOJ4R00,permissioned,full-planning-permission,,604-610 Streatham High Road,,http://lambethopenmappingdata-lambethcouncil.opendata.arcgis.com/datasets/brownfield-land-register,192,Lambeth,E09000022,archived (end-date populated)
brownfield-land,2022-12-15,1719373,2019-12-20,,,BLR058,192,POINT(-0.118159 51.488953),brownfield-land,authoritative,BLR058,2019-12-20,geography,,yes,,0.44,178,160,,,not-owned-by-a-public-authority,2019-09-25,https://planning.lambeth.gov.uk/online-applications/applicationDetails.do?activeTab=summary&keyVal=PEHGOGBO09600|https://planning.lambeth.gov.uk/online-applications/applicationDetails.do?activeTab=summary&keyVal=ORSMMXBO0GX00,permissioned,full-planning-permission,,Graphite Square,,http://lambethopenmappingdata-lambethcouncil.opendata.arcgis.com/datasets/brownfield-land-register,192,Lambeth,E09000022,archived (end-date populated)
brownfield-land,2023-12-20,1719374,2021-12-15,,,BLR073,192,POINT(-0.116477 51.482957),brownfield-land,authoritative,BLR073,2019-12-20,geography,,yes,,0.29,30,30,,,not-owned-by-a-public-authority,2021-01-21,https://planning.lambeth.gov.uk/online-applications/applicationDetails.do?activeTab=summary&keyVal=PNN410BO09600,permissioned,full-planning-permission,,Ashmole Estate,,http://lambethopenmappingdata-lambethcouncil.opendata.arcgis.com/datasets/brownfield-land-register,192,Lambeth,E09000022,archived (end-date populated)
brownfield-land,2020-12-15,1719375,2019-12-20,,,BLR063,192,POINT(-0.115252 51.468955),brownfield-land,authoritative,BLR063,2019-12-20,geography,,yes,,0.15,,,,,not-owned-by-a-public-authority,,https://planning.lambeth.gov.uk/online-applications/applicationDetails.do?activeTab=summary&keyVal=P7HBRGBOJFI00,pending-decision,,,1-7 Aytoun Road and Aytoun Court,,http://lambethopenmappingdata-lambethcouncil.opendata.arcgis.com/datasets/brownfield-land-register,192,Lambeth,E09000022,archived (end-date populated)
brownfield-land,2025-12-20,1719377,2021-12-15,,,BLR062,192,POINT(-0.112332 51.484028),brownfield-land,authoritative,BLR062,2019-12-20,geography,,yes,,0.07,21,21,,,not-owned-by-a-public-authority,2021-09-21,https://planning.lambeth.gov.uk/online-applications/applicationDetails.do?activeTab=summary&keyVal=P30CDCBOLD100,permissioned,full-planning-permission,,The Cricketers,,http://lambethopenmappingdata-lambethcouncil.opendata.arcgis.com/datasets/brownfield-land-register,192,Lambeth,E09000022,archived (end-date populated)
brownfield-land,2022-12-15,1719380,2020-12-15,,,BLR071,192,POINT(-0.107172 51.476529),brownfield-land,authoritative,BLR071,2019-12-20,geography,,yes,,0.22,31,31,,,owned-by-a-public-authority,2020-07-21,https://planning.lambeth.gov.uk/online-applications/applicationDetails.do?activeTab=summary&keyVal=Q8FC8DBOKDN00,permissioned,full-planning-permission,,Land Formerly Patmos Lodge 53 Elliott Road,,http://lambethopenmappingdata-lambethcouncil.opendata.arcgis.com/datasets/brownfield-land-register,192,Lambeth,E09000022,archived (end-date populated)
brownfield-land,2025-12-20,1719381,2021-12-15,,,BLR072,192,POINT(-0.105698 51.434233),brownfield-land,authoritative,BLR072,2019-12-20,geography,,yes,,0.07,5,5,,,not-owned-by-a-public-authority,2021-09-21,https://planning.lambeth.gov.uk/online-applications/applicationDetails.do?activeTab=summary&keyVal=PDEOU1BOIC500,permissioned,full-planning-permission,,Lansdowne Wood Close,,http://lambethopenmappingdata-lambethcouncil.opendata.arcgis.com/datasets/brownfield-land-register,192,Lambeth,E09000022,archived (end-date populated)
brownfield-land,2024-12-20,1719382,2020-12-15,,,BLR069,192,POINT(-0.103903 51.46674),brownfield-land,authoritative,BLR069,2019-12-20,geography,,yes,,0.04,35,35,,,not-owned-by-a-public-authority,2020-08-25,https://planning.lambeth.gov.uk/online-applications/applicationDetails.do?activeTab=summary&keyVal=PQF5I8BOMQ400,permissioned,full-planning-permission,,Hero Of Switzerland,,http://lambethopenmappingdata-lambethcouncil.opendata.arcgis.com/datasets/brownfield-land-register,192,Lambeth,E09000022,archived (end-date populated)
brownfield-land,2023-12-20,1719383,2020-12-15,,,BLR060,192,POINT(-0.103519 51.434278),brownfield-land,authoritative,BLR060,2019-12-20,geography,,yes,,0.28,51,51,,,not-owned-by-a-public-authority,2020-03-13,https://planning.lambeth.gov.uk/online-applications/applicationDetails.do?activeTab=summary&keyVal=PVM8QSBO08M00,permissioned,full-planning-permission,,6 Lansdowne Hill,,http://lambethopenmappingdata-lambethcouncil.opendata.arcgis.com/datasets/brownfield-land-register,192,Lambeth,E09000022,archived (end-date populated)
brownfield-land,2020-12-15,1719384,2019-12-20,,,BLR057,192,POINT(-0.103302 51.428528),brownfield-land,authoritative,BLR057,2019-12-20,geography,,,,0.38,32,32,,,not-owned-by-a-public-authority,2018-01-12,https://planning.lambeth.gov.uk/online-applications/applicationDetails.do?keyVal=O42RFOBO0IA00&activeTab=summary,permissioned,outline-planning-permission,,"West Norwood Lawn Tennis Club, 128 Knight's Hill",,http://lambethopenmappingdata-lambethcouncil.opendata.arcgis.com/datasets/brownfield-land-register,192,Lambeth,E09000022,archived (end-date populated)
brownfield-land,2024-12-20,1719385,2021-12-15,,,BLR067,192,POINT(-0.102554 51.433088),brownfield-land,authoritative,BLR067,2019-12-20,geography,,yes,,0.1,12,12,,,not-owned-by-a-public-authority,2021-12-02,https://planning.lambeth.gov.uk/online-applications/applicationDetails.do?activeTab=summary&keyVal=PHRZ6GBOFR800,permissioned,full-planning-permission,,382A To 384 Norwood Road,,http://lambethopenmappingdata-lambethcouncil.opendata.arcgis.com/datasets/brownfield-land-register,192,Lambeth,E09000022,archived (end-date populated)
brownfield-land,2022-12-15,1719386,2019-12-20,,,BLR055,192,POINT(-0.098785 51.447114),brownfield-land,authoritative,BLR055,2019-12-20,geography,,yes,,0.03,3,3,,,not-owned-by-a-public-authority,2019-10-23,https://planning.lambeth.gov.uk/online-applications/applicationDetails.do?activeTab=summary&keyVal=PJ0JCBBOI3400,permissioned,full-planning-permission,,262 Rosendale Road,,http://lambethopenmappingdata-lambethcouncil.opendata.arcgis.com/datasets/brownfield-land-register,192,Lambeth,E09000022,archived (end-date populated)
brownfield-land,2020-12-15,1719387,2019-12-20,,,BLR053,192,POINT(-0.095641 51.469387),brownfield-land,authoritative,BLR053,2019-12-20,geography,,yes,,0.09,7,7,,,not-owned-by-a-public-authority,2019-03-20,https://planning.lambeth.gov.uk/online-applications/applicationDetails.do?keyVal=P5W49HBOHB000&activeTab=summary,permissioned,outline-planning-permission,,"Youth Club, Kenbury Street",,http://lambethopenmappingdata-lambethcouncil.opendata.arcgis.com/datasets/brownfield-land-register,192,Lambeth,E09000022,archived (end-date populated)
brownfield-land,2022-12-15,1719388,2021-12-15,,,BLR046,192,POINT(-0.09004 51.421585),brownfield-land,authoritative,BLR046,2019-12-20,geography,,yes,,0.13,31,31,,,owned-by-a-public-authority,2021-01-29,https://planning.lambeth.gov.uk/online-applications/applicationDetails.do?activeTab=summary&keyVal=Q9LXJEBOL3Z00,permissioned,full-planning-permission,,2 Roman Rise,,http://lambethopenmappingdata-lambethcouncil.opendata.arcgis.com/datasets/brownfield-land-register,192,Lambeth,E09000022,archived (end-date populated)
brownfield-land,2023-12-20,1719389,2020-12-15,,,BLR074,192,POINT(-0.138996 51.446122),brownfield-land,authoritative,BLR074,2020-12-15,geography,,yes,,0.26,8,8,,,not-owned-by-a-public-authority,2020-10-02,https://planning.lambeth.gov.uk/online-applications/applicationDetails.do?keyVal=O7OMDOBOGRO00&activeTab=summary,permissioned,full-planning-permission,,166 Weir Road,,http://lambethopenmappingdata-lambethcouncil.opendata.arcgis.com/datasets/brownfield-land-register,192,Lambeth,E09000022,archived (end-date populated)
brownfield-land,2024-12-20,1719390,2020-12-15,,,BLR075,192,POINT(-0.125236 51.484814),brownfield-land,authoritative,BLR075,2020-12-15,geography,,yes,,0.57,257,257,,,not-owned-by-a-public-authority,2020-09-04,https://planning.lambeth.gov.uk/online-applications/applicationDetails.do?activeTab=summary&keyVal=P06EE7BO0GI00,permissioned,full-planning-permission,,"Land Bounded By Wandsworth Road, Parry Street, Bondway And Vauxhall Bus Station",,http://lambethopenmappingdata-lambethcouncil.opendata.arcgis.com/datasets/brownfield-land-register,192,Lambeth,E09000022,archived (end-date populated)
brownfield-land,2021-12-15,1719391,2020-12-15,,,BLR076,192,POINT(-0.135082 51.41821),brownfield-land,authoritative,BLR076,2020-12-15,geography,,yes,,0.06,8,8,,,not-owned-by-a-public-authority,2020-12-06,https://planning.lambeth.gov.uk/online-applications/applicationDetails.do?keyVal=PUBM6LBOI4900&activeTab=summary,permissioned,full-planning-permission,,2-4 Ellison Road,,http://lambethopenmappingdata-lambethcouncil.opendata.arcgis.com/datasets/brownfield-land-register,192,Lambeth,E09000022,archived (end-date populated)
brownfield-land,2022-12-15,1719392,2020-12-15,,,BLR077,192,POINT(-0.136136 51.446023),brownfield-land,authoritative,BLR077,2020-12-15,geography,,yes,,0.27,14,14,,,owned-by-a-public-authority,2020-07-23,https://planning.lambeth.gov.uk/online-applications/applicationDetails.do?activeTab=summary&keyVal=Q8FC5BBOKDL00,permissioned,full-planning-permission,,Land At No. 200-262 Hydethorpe Road And Bound By Thornton Road,,http://lambethopenmappingdata-lambethcouncil.opendata.arcgis.com/datasets/brownfield-land-register,192,Lambeth,E09000022,archived (end-date populated)
brownfield-land,2023-12-20,1719393,2020-12-15,,,BLR078,192,POINT(-0.145398 51.452563),brownfield-land,authoritative,BLR078,2020-12-15,geography,,yes,,0.26,36,36,,,not-owned-by-a-public-authority,2020-10-23,https://planning.lambeth.gov.uk/online-applications/applicationDetails.do?activeTab=summary&keyVal=PUHF4ABOI9H00,permissioned,full-planning-permission,,Land Rear Of Cooper Building,,http://lambethopenmappingdata-lambethcouncil.opendata.arcgis.com/datasets/brownfield-land-register,192,Lambeth,E09000022,archived (end-date populated)
brownfield-land,2023-12-20,1719394,2020-12-15,,,BLR079,192,POINT(-0.10893 51.440974),brownfield-land,authoritative,BLR079,2020-12-15,geography,,yes,,0.05,5,5,,,not-owned-by-a-public-authority,2020-11-16,https://planning.lambeth.gov.uk/online-applications/applicationDetails.do?activeTab=summary&keyVal=Q0AMEYBOMND00,permissioned,full-planning-permission,,Land On The North Side Of 83 Christchurch Road,,http://lambethopenmappingdata-lambethcouncil.opendata.arcgis.com/datasets/brownfield-land-register,192,Lambeth,E09000022,archived (end-date populated)
brownfield-land,2023-12-20,1719395,2020-12-15,,,BLR080,192,POINT(-0.12927 51.478835),brownfield-land,authoritative,BLR080,2020-12-15,geography,,yes,,0.07,6,6,,,not-owned-by-a-public-authority,2020-11-08,https://planning.lambeth.gov.uk/online-applications/applicationDetails.do?activeTab=summary&keyVal=PQXPSHBOFMU00,permissioned,full-planning-permission,,112-122 Wandsworth Road,,http://lambethopenmappingdata-lambethcouncil.opendata.arcgis.com/datasets/brownfield-land-register,192,Lambeth,E09000022,archived (end-date populated)
brownfield-land,2025-12-20,1719396,2022-12-15,,,BLR081,192,POINT(-0.131277 51.471979),brownfield-land,authoritative,BLR081,2020-12-15,geography,,yes,,0.06,9,9,,,not-owned-by-a-public-authority,2022-07-29,https://planning.lambeth.gov.uk/online-applications/applicationDetails.do?activeTab=summary&keyVal=R9M65IBOLII00,permissioned,full-planning-permission,,60 Courland Grove,,http://lambethopenmappingdata-lambethcouncil.opendata.arcgis.com/datasets/brownfield-land-register,192,Lambeth,E09000022,archived (end-date populated)
brownfield-land,2023-12-20,1719397,2020-12-15,,,BLR082,192,POINT(-0.122546 51.45211),brownfield-land,authoritative,BLR082,2020-12-15,geography,,yes,,0.11,20,20,,,not-owned-by-a-public-authority,2019-10-30,https://planning.lambeth.gov.uk/online-applications/applicationDetails.do?activeTab=documents&keyVal=P3DK1LBOLTV00,permissioned,full-planning-permission,,5 - 6 Waterworks Road,,http://lambethopenmappingdata-lambethcouncil.opendata.arcgis.com/datasets/brownfield-land-register,192,Lambeth,E09000022,archived (end-date populated)
brownfield-land,2022-12-15,1719398,2021-12-15,,,BLR083,192,POINT(-0.105942 51.441204),brownfield-land,authoritative,BLR083,2020-12-15,geography,,,,0.15,43,43,,,not-owned-by-a-public-authority,2021-06-14,https://planning.lambeth.gov.uk/online-applications/applicationDetails.do?activeTab=summary&keyVal=PYUVIUBOLKC00,permissioned,full-planning-permission,,339 Norwood Road And 3 Thurlow Park Road,,http://lambethopenmappingdata-lambethcouncil.opendata.arcgis.com/datasets/brownfield-land-register,192,Lambeth,E09000022,archived (end-date populated)
brownfield-land,2022-12-15,1719399,2021-12-15,,,BLR084,192,POINT(-0.101257 51.465678),brownfield-land,authoritative,BLR084,2020-12-15,geography,,,,0.5,134,134,,,not-owned-by-a-public-authority,2020-12-30,https://planning.lambeth.gov.uk/online-applications/applicationDetails.do?activeTab=summary&keyVal=PJZD1RBOJ4700,permissioned,full-planning-permission,,Higgs Industrial Estate,,http://lambethopenmappingdata-lambethcouncil.opendata.arcgis.com/datasets/brownfield-land-register,192,Lambeth,E09000022,archived (end-date populated)
brownfield-land,2022-12-15,1719400,2021-12-15,,,BLR085,192,POINT(-0.109194 51.503531),brownfield-land,authoritative,BLR085,2020-12-15,geography,,yes,,0.55,146,146,,,not-owned-by-a-public-authority,2019-12-19,https://planning.lambeth.gov.uk/online-applications/applicationDetails.do?activeTab=summary&keyVal=OFRQRZBOLA500,permissioned,full-planning-permission,,"OCCC Estate, Cornwall Road, Wootton Street And Windmill Walk",,http://lambethopenmappingdata-lambethcouncil.opendata.arcgis.com/datasets/brownfield-land-register,192,Lambeth,E09000022,archived (end-date populated)
brownfield-land,2022-12-15,1719401,2020-12-15,,,BLR086,192,POINT(-0.119441 51.438364),brownfield-land,authoritative,BLR086,2020-12-15,geography,,yes,,0.32,15,15,,,not-owned-by-a-public-authority,2018-09-14,https://planning.lambeth.gov.uk/online-applications/applicationDetails.do?keyVal=OZF7N1BOH4400&activeTab=summary,permissioned,full-planning-permission,,St Margarets Church,,http://lambethopenmappingdata-lambethcouncil.opendata.arcgis.com/datasets/brownfield-land-register,192,Lambeth,E09000022,archived (end-date populated)
brownfield-land,2022-12-15,1719402,2020-12-15,,,BLR087,192,POINT(-0.136714 51.462587),brownfield-land,authoritative,BLR087,2020-12-15,geography,,yes,,0.43,26,26,,,not-owned-by-a-public-authority,2020-11-27,https://planning.lambeth.gov.uk/online-applications/applicationDetails.do?activeTab=summary&keyVal=P7UMIUBOJUC00,permissioned,full-planning-permission,,154-166 Clapham High Street And 162 Stonhouse,,http://lambethopenmappingdata-lambethcouncil.opendata.arcgis.com/datasets/brownfield-land-register,192,Lambeth,E09000022,archived (end-date populated)
brownfield-land,2025-12-20,1719403,2021-12-15,,,BLR088,192,POINT(-0.108406 51.491612),brownfield-land,authoritative,BLR088,2020-12-15,geography,,yes,,0.5,16,16,,,not-owned-by-a-public-authority,2021-09-17,https://planning.lambeth.gov.uk/online-applications/applicationDetails.do?activeTab=summary&keyVal=PC40PFBOGXW00,permissioned,full-planning-permission,,Vanbrugh Court,,http://lambethopenmappingdata-lambethcouncil.opendata.arcgis.com/datasets/brownfield-land-register,192,Lambeth,E09000022,archived (end-date populated)
brownfield-land,2024-12-20,1719404,2020-12-15,,,BLR089,192,POINT(-0.102615 51.465575),brownfield-land,authoritative,BLR089,2020-12-15,geography,,,,0.05,8,8,,,not-owned-by-a-public-authority,,,pending-decision,,,219 - 223 Coldharbour Lane,,http://lambethopenmappingdata-lambethcouncil.opendata.arcgis.com/datasets/brownfield-land-register,192,Lambeth,E09000022,archived (end-date populated)
brownfield-land,2023-12-20,1719406,2020-12-15,,,BLR091,192,POINT(-0.125045 51.434668),brownfield-land,authoritative,BLR091,2020-12-15,geography,,yes,,0.07,8,8,,,not-owned-by-a-public-authority,2020-03-18,https://planning.lambeth.gov.uk/online-applications/applicationDetails.do?keyVal=PSKZBOBOGUY00&activeTab=summary,permissioned,full-planning-permission,,19 Leigham Avenue,,http://lambethopenmappingdata-lambethcouncil.opendata.arcgis.com/datasets/brownfield-land-register,192,Lambeth,E09000022,archived (end-date populated)
brownfield-land,2023-12-20,1719407,2021-12-15,,,BLR092,192,POINT(-0.1131 51.486418),brownfield-land,authoritative,BLR092,2020-12-15,geography,,yes,,0.4,139,139,,,not-owned-by-a-public-authority,2021-09-16,https://planning.lambeth.gov.uk/online-applications/applicationDetails.do?activeTab=summary&keyVal=Q7PD4BBO08P00,permissioned,full-planning-permission,,Land To The East Of Montford Place,,http://lambethopenmappingdata-lambethcouncil.opendata.arcgis.com/datasets/brownfield-land-register,192,Lambeth,E09000022,archived (end-date populated)
brownfield-land,2024-12-31,1720854,2024-12-31,,,17/6662/RMA,48,POINT(-0.221389 51.571536),brownfield-land,authoritative,17/6662/RMA,2022-01-27,geography,,yes,,0.77,115,115,,,not-owned-by-a-public-authority,2018-02-28,https://publicaccess.barnet.gov.uk/online-applications/applicationDetails.do?activeTab=map&keyVal=OY2LCAJI09W00,permissioned,reserved-matters-approval,,Brent Cross Cricklewood Regeneration Area North West London,,https://publicaccess.barnet.gov.uk/online-applications/applicationDetails.do?activeTab=map&keyVal=OY2LCAJI09W00,48,Barnet,E09000003,archived (end-date populated)
brownfield-land,2019-07-10,1721269,2019-12-10,,,170382,366,POINT(-0.020621 51.590675),brownfield-land,authoritative,170382,2019-12-10,geography,,yes,,0.035,3,3,,,not-owned-by-a-public-authority,2018-02-12,,permissioned,full-planning-permission,,436-440 Forest Road,,https://maps.london.gov.uk/brownfield-site-register,366,Waltham Forest,E09000031,archived (end-date populated)
brownfield-land,2019-12-17,1721274,2021-12-14,,,172111,366,POINT(-0.006863 51.632221),brownfield-land,authoritative,172111,2019-12-10,geography,,yes,,0.184,7,7,,,not-owned-by-a-public-authority,2018-05-15,,permissioned,full-planning-permission,,113 Kings Head Hill,,https://maps.london.gov.uk/brownfield-site-register,366,Waltham Forest,E09000031,archived (end-date populated)
brownfield-land,2020-07-07,1721278,2019-12-10,,,174257,366,POINT(-0.009639 51.602791),brownfield-land,authoritative,174257,2019-12-10,geography,,yes,,0.226,7,7,,,owned-by-a-public-authority,2018-04-17,,permissioned,full-planning-permission,,Land Adjacent To 56-68 Wadham Avenue,,https://maps.london.gov.uk/brownfield-site-register,366,Waltham Forest,E09000031,archived (end-date populated)
brownfield-land,2021-02-08,1721279,2021-12-14,,,174557,366,POINT(-0.010425 51.581493),brownfield-land,authoritative,174557,2019-12-10,geography,,yes,,0.05,5,5,,,not-owned-by-a-public-authority,2019-03-05,,permissioned,full-planning-permission,,52-54 Beulah Road,,https://maps.london.gov.uk/brownfield-site-register,366,Waltham Forest,E09000031,archived (end-date populated)
brownfield-land,2021-03-22,1721280,2021-12-14,,,180002,366,POINT(-0.010312 51.581086),brownfield-land,authoritative,180002,2019-12-10,geography,,yes,,0.041,5,5,,,not-owned-by-a-public-authority,2019-03-28,,permissioned,full-planning-permission,,68 Beulah Road,,https://maps.london.gov.uk/brownfield-site-register,366,Waltham Forest,E09000031,archived (end-date populated)
brownfield-land,2020-09-21,1721281,2019-12-10,,,180140,366,POINT(-0.004528 51.631741),brownfield-land,authoritative,180140,2019-12-10,geography,,yes,,0.076,5,5,,,owned-by-a-public-authority,2018-06-14,,permissioned,full-planning-permission,,Land To The North Of Block 64-74 Hungerdown Estate,,https://maps.london.gov.uk/brownfield-site-register,366,Waltham Forest,E09000031,archived (end-date populated)
brownfield-land,2021-07-07,1721282,2021-12-14,,,180607,366,POINT(-0.005073 51.580098),brownfield-land,authoritative,180607,2019-12-10,geography,,yes,,0.063,5,5,,,not-owned-by-a-public-authority,2019-03-22,,permissioned,full-planning-permission,,239b Shernhall Street,,https://maps.london.gov.uk/brownfield-site-register,366,Waltham Forest,E09000031,archived (end-date populated)
brownfield-land,2020-03-10,1721285,2019-12-10,,,181360,366,POINT(0.017392 51.557753),brownfield-land,authoritative,181360,2019-12-10,geography,,yes,,0.12,7,7,,,not-owned-by-a-public-authority,2019-01-24,,permissioned,full-planning-permission,,The Lord Rookwood Public House 314-316 Cann Hall Road,,https://maps.london.gov.uk/brownfield-site-register,366,Waltham Forest,E09000031,archived (end-date populated)
brownfield-land,2019-12-22,1721286,2021-12-14,,,181413,366,POINT(0.01214 51.569489),brownfield-land,authoritative,181413,2019-12-10,geography,,yes,,0.038,6,6,,,not-owned-by-a-public-authority,2018-06-14,,permissioned,other,,Capital House 841-843 High Road Leytonstone,,https://maps.london.gov.uk/brownfield-site-register,366,Waltham Forest,E09000031,archived (end-date populated)
brownfield-land,2019-10-13,1721287,2021-12-14,,,181937,366,POINT(-0.015156 51.573264),brownfield-land,authoritative,181937,2019-12-10,geography,,yes,,0.055,9,9,,,not-owned-by-a-public-authority,2019-02-04,,permissioned,full-planning-permission,,1a Bickley Road,,https://maps.london.gov.uk/brownfield-site-register,366,Waltham Forest,E09000031,archived (end-date populated)
brownfield-land,2020-11-27,1721288,2021-12-14,,,182985,366,POINT(0.0034 51.573542),brownfield-land,authoritative,182985,2019-12-10,geography,,yes,,0.04,8,8,,,not-owned-by-a-public-authority,2019-02-11,,permissioned,full-planning-permission,,Former Forest Garage 109 Forest Road,,https://maps.london.gov.uk/brownfield-site-register,366,Waltham Forest,E09000031,archived (end-date populated)
brownfield-land,2021-11-02,1721289,2021-12-14,,,183443,366,POINT(-0.007134 51.578523),brownfield-land,authoritative,183443,2019-12-10,geography,,yes,,0.05,9,9,,,not-owned-by-a-public-authority,2019-03-29,,permissioned,full-planning-permission,,"727 Lea Bridge Road,",,https://maps.london.gov.uk/brownfield-site-register,366,Waltham Forest,E09000031,archived (end-date populated)
brownfield-land,2020-07-03,1721290,2021-12-14,,,183568,366,POINT(-0.00868 51.591031),brownfield-land,authoritative,183568,2019-12-10,geography,,yes,,0.1,12,12,,,not-owned-by-a-public-authority,2019-03-25,,permissioned,full-planning-permission,,"Land Adjacent To, 5 Spruce Hills Road",,https://maps.london.gov.uk/brownfield-site-register,366,Waltham Forest,E09000031,archived (end-date populated)
brownfield-land,2020-06-25,1721291,2021-12-14,,,184022,366,POINT(-0.014356 51.56281),brownfield-land,authoritative,184022,2019-12-10,geography,,yes,,0.023,8,8,,,not-owned-by-a-public-authority,2019-03-29,,permissioned,full-planning-permission,,"Garages Adjacent, 41 Wilmot Road",,https://maps.london.gov.uk/brownfield-site-register,366,Waltham Forest,E09000031,archived (end-date populated)
brownfield-land,2020-09-09,1721292,2021-12-14,,,181688,366,POINT(-0.033373 51.567141),brownfield-land,authoritative,181688,2019-12-10,geography,,yes,,0.043,9,9,,,not-owned-by-a-public-authority,2019-06-10,,permissioned,full-planning-permission,,162 - 168 Lea Bridge Road,,https://maps.london.gov.uk/brownfield-site-register,366,Waltham Forest,E09000031,archived (end-date populated)
brownfield-land,2019-12-03,1721293,2021-12-14,,,182029,366,POINT(-0.006964 51.608815),brownfield-land,authoritative,182029,2019-12-10,geography,,yes,,0.35,45,45,,,owned-by-a-public-authority,2019-08-01,,permissioned,full-planning-permission,,Lena Kennedy Close,,https://maps.london.gov.uk/brownfield-site-register,366,Waltham Forest,E09000031,archived (end-date populated)
brownfield-land,2019-04-01,1721294,2021-12-14,,,190348,366,POINT(-0.017979 51.58502),brownfield-land,authoritative,190348,2019-12-10,geography,,yes,,0.096,7,7,,,not-owned-by-a-public-authority,2019-04-01,,permissioned,other,,12 Church Hill,,https://maps.london.gov.uk/brownfield-site-register,366,Waltham Forest,E09000031,archived (end-date populated)
brownfield-land,2020-08-06,1721295,2021-12-14,,,192789,366,POINT(-0.036663 51.586601),brownfield-land,authoritative,192789,2019-12-10,geography,,yes,,0.19534,20,20,,,owned-by-a-public-authority,2020-02-06,,permissioned,full-planning-permission,,Essex Close,,https://maps.london.gov.uk/brownfield-site-register,366,Waltham Forest,E09000031,archived (end-date populated)
brownfield-land,2020-07-06,1721296,2021-12-14,,,192987,366,POINT(0.004355 51.592319),brownfield-land,authoritative,192987,2019-12-10,geography,,yes,,0.619,120,120,,,owned-by-a-public-authority,2020-02-07,,permissioned,full-planning-permission,,Land at Hylands Road,,https://maps.london.gov.uk/brownfield-site-register,366,Waltham Forest,E09000031,archived (end-date populated)
brownfield-land,2021-01-10,1721298,2021-12-14,,,192307,366,POINT(0.011438 51.561111),brownfield-land,authoritative,192307,2019-12-10,geography,,yes,,0.12,31,31,,,owned-by-a-public-authority,2020-02-06,,permissioned,full-planning-permission,,Sansom Road,,https://maps.london.gov.uk/brownfield-site-register,366,Waltham Forest,E09000031,archived (end-date populated)
brownfield-land,2020-08-24,1721299,2021-12-14,,,192899,366,POINT(-0.030864 51.581136),brownfield-land,authoritative,192899,2019-12-10,geography,,yes,,0.205,83,83,,,owned-by-a-public-authority,2020-02-05,,permissioned,full-planning-permission,,South Grove Site C,,https://maps.london.gov.uk/brownfield-site-register,366,Waltham Forest,E09000031,archived (end-date populated)
brownfield-land,2020-02-20,1721514,2020-11-05,,,BR00120,42,POINT(-0.298089 51.538249),brownfield-land,authoritative,BR00120,2019-12-13,geography,,yes,,0.22,20,20,Development has commenced,,not-owned-by-a-public-authority,2019-02-21,https://pa.brent.gov.uk/online-applications/simpleSearchResults.do?action=firstPage,permissioned,full-planning-permission,,"253A Ealing Road, HA0 1ET",,https://maps.london.gov.uk/brownfield-site-register,42,Brent,E09000005,archived (end-date populated)
brownfield-land,2019-11-04,1721515,2026-04-10,,,BR00121,42,POINT(-0.248854 51.555677),brownfield-land,authoritative,BR00121,2019-12-13,geography,,yes,,0.79,121,121,Development has commenced,,not-owned-by-a-public-authority,2019-08-16,https://pa.brent.gov.uk/online-applications/simpleSearchResults.do?action=firstPage,permissioned,full-planning-permission,,60 Neasden Lane,,https://maps.london.gov.uk/brownfield-site-register,42,Brent,E09000005,archived (end-date populated)
brownfield-land,2021-07-22,1721517,2020-11-20,,,BR00123,42,POINT(-0.239914 51.549954),brownfield-land,authoritative,BR00123,2019-12-13,geography,,yes,,0.176,16,16,19/1095. Development has commenced.,,owned-by-a-public-authority,2019-10-17,https://pa.brent.gov.uk/online-applications/simpleSearchResults.do?action=firstPage,permissioned,full-planning-permission,,"39a-B 41 43-47 & Car Park Villiers Rd R/O 43-47 Dudden Hill Lane, NW10 2ET",,https://maps.london.gov.uk/brownfield-site-register,42,Brent,E09000005,archived (end-date populated)
brownfield-land,2020-04-16,1721519,2020-11-05,,,BR00125,42,POINT(-0.231141 51.531459),brownfield-land,authoritative,BR00125,2019-12-13,geography,,yes,,0.041,9,9,Development has commenced,,not-owned-by-a-public-authority,2019-10-11,https://pa.brent.gov.uk/online-applications/simpleSearchResults.do?action=firstPage,permissioned,full-planning-permission,,"1050 Harrow Road, NW10 5NL",,https://maps.london.gov.uk/brownfield-site-register,42,Brent,E09000005,archived (end-date populated)
brownfield-land,2020-06-22,1721521,2020-11-05,,,BR00127,42,POINT(-0.193771 51.537985),brownfield-land,authoritative,BR00127,2019-12-13,geography,,yes,,0.01,6,6,Development has commenced,,not-owned-by-a-public-authority,2019-01-22,https://pa.brent.gov.uk/online-applications/simpleSearchResults.do?action=firstPage,permissioned,full-planning-permission,,"87 A-C & 89 Kilburn High Road, NW6 6JE",,https://maps.london.gov.uk/brownfield-site-register,42,Brent,E09000005,archived (end-date populated)
brownfield-land,2020-03-13,1721527,2020-11-05,,,BR00133,42,POINT(-0.261891 51.588661),brownfield-land,authoritative,BR00133,2019-12-13,geography,,yes,,0.21,8,8,Development has commenced,,owned-by-a-public-authority,2019-06-12,https://pa.brent.gov.uk/online-applications/simpleSearchResults.do?action=firstPage,permissioned,full-planning-permission,,"Garages, 19 Elmwood Crescent Hindhurst Court Hay Lane, NW9 9AB",,https://maps.london.gov.uk/brownfield-site-register,42,Brent,E09000005,archived (end-date populated)
brownfield-land,2020-03-04,1721529,2020-11-05,,,BR00135,42,POINT(-0.251487 51.545685),brownfield-land,authoritative,BR00135,2019-12-13,geography,,yes,,0.036,9,9,Development has commenced,,not-owned-by-a-public-authority,2019-08-16,https://pa.brent.gov.uk/online-applications/simpleSearchResults.do?action=firstPage,permissioned,full-planning-permission,,"114 Church Road, NW10 9PL",,https://maps.london.gov.uk/brownfield-site-register,42,Brent,E09000005,archived (end-date populated)
brownfield-land,2020-03-11,1721537,2020-11-05,,,BR00143,42,POINT(-0.269399 51.565464),brownfield-land,authoritative,BR00143,2019-12-13,geography,,yes,,0.095,8,8,Development has commenced,,not-owned-by-a-public-authority,2019-07-26,https://pa.brent.gov.uk/online-applications/simpleSearchResults.do?action=firstPage,permissioned,full-planning-permission,,"23 Forty Lane, HA9 9EU",,https://maps.london.gov.uk/brownfield-site-register,42,Brent,E09000005,archived (end-date populated)
brownfield-land,2019-05-09,1721538,2020-11-05,,,BR00144,42,POINT(-0.301069 51.551161),brownfield-land,authoritative,BR00144,2019-12-13,geography,,yes,,0.054,3,3,Development has commenced,,not-owned-by-a-public-authority,2019-05-02,https://pa.brent.gov.uk/online-applications/simpleSearchResults.do?action=firstPage,permissioned,full-planning-permission,,"19 & 19a Napier Road, HA0 4UA",,https://maps.london.gov.uk/brownfield-site-register,42,Brent,E09000005,archived (end-date populated)
brownfield-land,2024-12-31,1722197,2024-12-31,,,18/2839/FUL,48,POINT(-0.276638 51.615172),brownfield-land,authoritative,18/2839/FUL,2022-01-27,geography,,yes,,0.33,52,52,,,not-owned-by-a-public-authority,2019-03-29,https://publicaccess.barnet.gov.uk/online-applications/applicationDetails.do?activeTab=map&keyVal=P8INVFJIHEQ00,permissioned,full-planning-permission,,Land At The Rectory Rectory Lane Edgware HA8 7LG,,https://publicaccess.barnet.gov.uk/online-applications/applicationDetails.do?activeTab=map&keyVal=P8INVFJIHEQ00,48,Barnet,E09000003,archived (end-date populated)
brownfield-land,2022-12-15,1726377,2022-12-15,,,WBR/19/0002,376,POINT(-0.17129 51.42743),brownfield-land,authoritative,WBR/19/0002,2019-03-31,geography,,yes,,0.02,3,3,"Non Housing Development: Demolition of existing building and erection of a part two part three-storey building to provide 4 x 2-bedroom and 1 x 3-bedroom flats with associated landscaping, cycle and refuse storage.",,not-owned-by-a-public-authority,2018-07-04,https://planning.wandsworth.gov.uk/Northgate/PlanningExplorer/DisplayAppDetails.aspx?AppNo=2018/1975,permissioned,full-planning-permission,,1 Effort Street,,"https://www.planning.data.gov.uk/map/?dataset=brownfield-land#51.46067,-0.15474,12.539228904066391z",376,Wandsworth,E09000032,archived (end-date populated)
brownfield-land,2021-04-12,1726378,2022-12-15,,,WBR/19/0003,376,POINT(-0.15227 51.46565),brownfield-land,authoritative,WBR/19/0003,2019-03-31,geography,,yes,,0.09,8,8,Completed on 12/04/2021,,not-owned-by-a-public-authority,2018-07-04,https://planning.wandsworth.gov.uk/Northgate/PlanningExplorer/DisplayAppDetails.aspx?AppNo=2018/0494,permissioned,full-planning-permission,,"1, 2 and 3 Crosland Place, Taybridge Road",,"https://www.planning.data.gov.uk/map/?dataset=brownfield-land#51.46067,-0.15474,12.539228904066391z",376,Wandsworth,E09000032,archived (end-date populated)
brownfield-land,2020-03-30,1726379,2020-03-31,,,WBR/19/0004,376,POINT(-0.15999 51.46391),brownfield-land,authoritative,WBR/19/0004,2019-03-31,geography,,yes,,0.02,2,2,"Non Housing Development: Alterations including erection of dormer roof extension to the side and rear (with balcony) of the main roof; erection of a part two-storey, part three storey rear extension to lower, ground and first floors and internal alterati",,not-owned-by-a-public-authority,2018-04-23,https://planning.wandsworth.gov.uk/Northgate/PlanningExplorer/DisplayAppDetails.aspx?AppNo=2017/6920,permissioned,full-planning-permission,,10 Sisters Avenue,,https://apps.london.gov.uk/brownfield-sites/,376,Wandsworth,E09000032,archived (end-date populated)
brownfield-land,2019-04-26,1726381,2020-03-31,,,WBR/19/0007,376,POINT(-0.21595 51.46263),brownfield-land,authoritative,WBR/19/0007,2019-03-31,geography,,yes,,0.02,8,8,"Non Housing Development: Alterations including erection of first, second and third floor level extensions including front and rear mansard at third floor level with side roof terrace; refuse and cycle storage at ground and basement levels; installation o",,not-owned-by-a-public-authority,2018-12-14,https://planning.wandsworth.gov.uk/Northgate/PlanningExplorer/DisplayAppDetails.aspx?AppNo=2018/3928,permissioned,full-planning-permission,,117 Putney High Street,,"https://www.planning.data.gov.uk/map/?dataset=brownfield-land#51.46067,-0.15474,12.539228904066391z",376,Wandsworth,E09000032,archived (end-date populated)
brownfield-land,2019-03-31,1726382,2019-03-31,,,WBR/19/0008,376,POINT(-0.14215 51.42341),brownfield-land,authoritative,WBR/19/0008,2019-03-31,geography,,,,0.03,8,8,"Non Housing Development: Alterations including conversion of part of ground floor from Class A1 (retail) to Class C3 (residential), erection of a two-storey side extension with habitable roofspace and two-storey rear extension with terrace above (both on",,not-owned-by-a-public-authority,2019-03-28,https://planning.wandsworth.gov.uk/Northgate/PlanningExplorer/DisplayAppDetails.aspx?AppNo=2018/5642,permissioned,full-planning-permission,,127 Mitcham Lane,,https://apps.london.gov.uk/brownfield-sites/,376,Wandsworth,E09000032,archived (end-date populated)
brownfield-land,2021-11-05,1726385,2022-12-15,,,WBR/19/0016,376,POINT(-0.18069 51.46525),brownfield-land,authoritative,WBR/19/0016,2019-03-31,geography,,yes,,0.02,6,6,Completed on 05/11/2021,,not-owned-by-a-public-authority,2019-01-28,https://planning.wandsworth.gov.uk/Northgate/PlanningExplorer/DisplayAppDetails.aspx?AppNo=2018/4458,permissioned,full-planning-permission,,224-226 York Road,,"https://www.planning.data.gov.uk/map/?dataset=brownfield-land#51.46067,-0.15474,12.539228904066391z",376,Wandsworth,E09000032,archived (end-date populated)
brownfield-land,2024-02-21,1726386,2024-12-17,,,WBR/19/0017,376,POINT(-0.20934 51.46269),brownfield-land,authoritative,WBR/19/0017,2019-03-31,geography,,yes,,0.03,8,6,Non Housing Development: Alterations including erection of front and rear mansard extension to main roof and conversion of upper floors to 1 x 1-bedroom and 5 x 2-bedroom flats with roof terraces at all upper floors; refuse and cycle storage accessed fro,,not-owned-by-a-public-authority,2020-11-27,https://planning.wandsworth.gov.uk/Northgate/PlanningExplorer/DisplayAppDetails.aspx?AppNo=2020/2542,permissioned,full-planning-permission,,231 Putney Bridge Road,,"https://www.planning.data.gov.uk/map/?dataset=brownfield-land#51.46067,-0.15474,12.539228904066391z",376,Wandsworth,E09000032,archived (end-date populated)
brownfield-land,2021-03-03,1726387,2021-03-31,,,WBR/19/0020,376,POINT(-0.148 51.47684),brownfield-land,authoritative,WBR/19/0020,2019-03-31,geography,,yes,,0.02,2,2,Non Housing Development: Loft conversion at each of the adjoining properties at no.286 and no.288 Queenstown Road to create 1 new flat. The two existing flats at first and second floor level will be reconfigured to comply with National Standards.,,not-owned-by-a-public-authority,2018-05-18,https://planning.wandsworth.gov.uk/Northgate/PlanningExplorer/DisplayAppDetails.aspx?AppNo=2017/4187,permissioned,full-planning-permission,,286-288 Queenstown Road,,"https://www.planning.data.gov.uk/map/?dataset=brownfield-land#51.46067,-0.15474,12.539228904066391z",376,Wandsworth,E09000032,archived (end-date populated)
brownfield-land,2022-12-15,1726388,2022-12-15,,,WBR/19/0021,376,POINT(-0.20106 51.45193),brownfield-land,authoritative,WBR/19/0021,2019-03-31,geography,,yes,,0.07,4,4,Non Housing Development: Alterations including; replacement of garage door with windows on front elevation; altered lightwell and new fenestration at lower ground floor level on front elevation; new windows to ground and first floor levels of rear elevat,,not-owned-by-a-public-authority,2018-11-22,https://planning.wandsworth.gov.uk/Northgate/PlanningExplorer/DisplayAppDetails.aspx?AppNo=2018/3390,permissioned,full-planning-permission,,29 Wimbledon Park Road,,"https://www.planning.data.gov.uk/map/?dataset=brownfield-land#51.46067,-0.15474,12.539228904066391z",376,Wandsworth,E09000032,archived (end-date populated)
brownfield-land,2019-12-19,1726389,2020-03-31,,,WBR/19/0022,376,POINT(-0.18621 51.43896),brownfield-land,authoritative,WBR/19/0022,2019-03-31,geography,,yes,,0.03,5,5,"Non Housing Development: Demolition of existing buildings; erection of a two-storey (plus basement) building fronting Isis Street to form 1 x 1-bedroom, 1 x 2-bedroom residential units and bin store, including the formation of a rear lightwell and access",,not-owned-by-a-public-authority,2019-06-03,https://planning.wandsworth.gov.uk/Northgate/PlanningExplorer/DisplayAppDetails.aspx?AppNo=2019/1406,permissioned,full-planning-permission,,2a Isis Street,,"https://www.planning.data.gov.uk/map/?dataset=brownfield-land#51.46067,-0.15474,12.539228904066391z",376,Wandsworth,E09000032,archived (end-date populated)
brownfield-land,2021-07-31,1726391,2022-12-15,,,WBR/19/0024,376,POINT(-0.16738 51.46259),brownfield-land,authoritative,WBR/19/0024,2019-03-31,geography,,yes,,0.02,3,3,Completed on 31/07/2021,,not-owned-by-a-public-authority,2019-04-17,https://planning.wandsworth.gov.uk/Northgate/PlanningExplorer/DisplayAppDetails.aspx?AppNo=2019/0772,permissioned,full-planning-permission,,33-35 St Johns Road,,"https://www.planning.data.gov.uk/map/?dataset=brownfield-land#51.46067,-0.15474,12.539228904066391z",376,Wandsworth,E09000032,archived (end-date populated)
brownfield-land,2019-10-21,1726392,2020-03-31,,,WBR/19/0025,376,POINT(-0.14761 51.44241),brownfield-land,authoritative,WBR/19/0025,2019-03-31,geography,,yes,,0.03,4,4,"Non Housing Development: Conversion of basement, ground floor & first floor flats to create 6 flats (2 x 2-bedroom and 4 x 1-bedroom). Lightwells to front with railings and bin and bicycle storage area to front. Alterations including erection of a part s",,not-owned-by-a-public-authority,2018-11-15,https://planning.wandsworth.gov.uk/Northgate/PlanningExplorer/DisplayAppDetails.aspx?AppNo=2018/3248,permissioned,full-planning-permission,,38-40 Fernlea Road,,https://apps.london.gov.uk/brownfield-sites/,376,Wandsworth,E09000032,archived (end-date populated)
brownfield-land,2022-12-15,1726393,2022-12-15,,,WBR/19/0027,376,POINT(-0.16638 51.45463),brownfield-land,authoritative,WBR/19/0027,2019-03-31,geography,,yes,,0.04,2,2,Non Housing Development: Alterations including the reconfiguration of three existing lower ground floor flats ( 2 lawful and 1 unlawful ) within no. 42 Halston Close to create two studio flats accessed by the creation of a new external entrance to the si,,not-owned-by-a-public-authority,2018-09-24,https://planning.wandsworth.gov.uk/Northgate/PlanningExplorer/DisplayAppDetails.aspx?AppNo=2018/2174,permissioned,full-planning-permission,,42-43 Halston Close,,"https://www.planning.data.gov.uk/map/?dataset=brownfield-land#51.46067,-0.15474,12.539228904066391z",376,Wandsworth,E09000032,archived (end-date populated)
brownfield-land,2021-11-12,1726394,2023-12-15,,,WBR/19/0030,376,POINT(-0.22714 51.4704),brownfield-land,authoritative,WBR/19/0030,2019-03-31,geography,,yes,,0.04,8,6,Completed on 12/11/2021,,not-owned-by-a-public-authority,2020-07-23,https://planning.wandsworth.gov.uk/Northgate/PlanningExplorer/DisplayAppDetails.aspx?AppNo=2020/1411,permissioned,full-planning-permission,,61-64 Sefton Street,,"https://www.planning.data.gov.uk/map/?dataset=brownfield-land#51.46067,-0.15474,12.539228904066391z",376,Wandsworth,E09000032,archived (end-date populated)
brownfield-land,2022-12-15,1726396,2022-12-15,,,WBR/19/0033,376,POINT(-0.21539 51.46341),brownfield-land,authoritative,WBR/19/0033,2019-03-31,geography,,yes,,0.02,4,4,Non Housing Development: Alterations and erection of three-storey (first to third floors) rear extension in connection with conversion of upper floors into 3 x 2-bedroom self-contained flats (Class C3) together with the erection of a three storey buildin,,not-owned-by-a-public-authority,2018-08-23,https://planning.wandsworth.gov.uk/Northgate/PlanningExplorer/DisplayAppDetails.aspx?AppNo=2018/0859,permissioned,full-planning-permission,,87 Putney High Street,,"https://www.planning.data.gov.uk/map/?dataset=brownfield-land#51.46067,-0.15474,12.539228904066391z",376,Wandsworth,E09000032,archived (end-date populated)
brownfield-land,2021-06-23,1726397,2023-12-15,,,WBR/19/0035,376,POINT(-0.19891 51.46012),brownfield-land,authoritative,WBR/19/0035,2019-03-31,geography,,yes,,0.08,19,19,Completed on 23/06/2021,,not-owned-by-a-public-authority,2019-05-17,https://planning.wandsworth.gov.uk/Northgate/PlanningExplorer/DisplayAppDetails.aspx?AppNo=2018/4664,permissioned,full-planning-permission,,92 Putney Bridge Road,,"https://www.planning.data.gov.uk/map/?dataset=brownfield-land#51.46067,-0.15474,12.539228904066391z",376,Wandsworth,E09000032,archived (end-date populated)
brownfield-land,2022-03-15,1726398,2022-12-15,,,WBR/19/0036,376,POINT(-0.18826 51.44714),brownfield-land,authoritative,WBR/19/0036,2019-03-31,geography,,yes,,0.05,7,7,Completed on 15/03/2022,,not-owned-by-a-public-authority,2019-09-19,https://planning.wandsworth.gov.uk/Northgate/PlanningExplorer/DisplayAppDetails.aspx?AppNo=2019/1473,permissioned,other,,"and 45 Farlton road, 40 Atheldene Road",,"https://www.planning.data.gov.uk/map/?dataset=brownfield-land#51.46067,-0.15474,12.539228904066391z",376,Wandsworth,E09000032,archived (end-date populated)
brownfield-land,2022-07-04,1726399,2023-12-15,,,WBR/19/0039,376,POINT(-0.1532 51.44474),brownfield-land,authoritative,WBR/19/0039,2019-03-31,geography,,yes,,0.4,26,26,Original consent 2018/1741,,not-owned-by-a-public-authority,2020-09-03,https://planning.wandsworth.gov.uk/Northgate/PlanningExplorer/DisplayAppDetails.aspx?AppNo=2019/4841,permissioned,other,,"Balham Club, 7-9 Ramsden Road",,"https://www.planning.data.gov.uk/map/?dataset=brownfield-land#51.46067,-0.15474,12.539228904066391z",376,Wandsworth,E09000032,archived (end-date populated)
brownfield-land,2021-03-31,1726402,2021-03-31,,,WBR/19/0046,376,POINT(-0.23376 51.4624),brownfield-land,authoritative,WBR/19/0046,2019-03-31,geography,,yes,,0.08,1,1,"Non Housing Development: Alterations including erection of part single, part two-storey rear extension; excavation to enlarge basement including formation of front and rear lightwells in connection with conversion of property into 5 x 2-bedroom and 1 x 3",,not-owned-by-a-public-authority,2017-11-24,https://planning.wandsworth.gov.uk/Northgate/PlanningExplorer/DisplayAppDetails.aspx?AppNo=2017/3402,permissioned,full-planning-permission,,"Flats 1 -4, 17 Briar Walk",,https://apps.london.gov.uk/brownfield-sites/,376,Wandsworth,E09000032,archived (end-date populated)
brownfield-land,2023-11-10,1726403,2024-12-17,,,WBR/19/0047,376,POINT(-0.14157 51.42968),brownfield-land,authoritative,WBR/19/0047,2019-03-31,geography,,yes,,0.04,8,8,Non Housing Development: Demolition of 2 rows of existing lock-up garages and construction of a three-storey building designed specifically for wheelchair and ambulant users (8 no. 1-bedroom residential units). Landscaping and street improvement works wi,,owned-by-a-public-authority,2018-11-23,https://planning.wandsworth.gov.uk/Northgate/PlanningExplorer/DisplayAppDetails.aspx?AppNo=2017/6846,permissioned,full-planning-permission,,"Garages north of Fordyce House, Colson way",,"https://www.planning.data.gov.uk/map/?dataset=brownfield-land#51.46067,-0.15474,12.539228904066391z",376,Wandsworth,E09000032,archived (end-date populated)
brownfield-land,2024-07-29,1726404,2025-12-15,,,WBR/19/0048,376,POINT(-0.21287 51.44612),brownfield-land,authoritative,WBR/19/0048,2019-03-31,geography,,yes,,0.1,9,9,Previous application 2017/6139. Completed on 29/07/2024.,,owned-by-a-public-authority,2021-04-22,https://planning.wandsworth.gov.uk/Northgate/PlanningExplorer/DisplayAppDetails.aspx?AppNo=2020/5124,permissioned,full-planning-permission,,"Garages south of 156-232, 156-232 Whitlock Drive",,"https://www.planning.data.gov.uk/map/?dataset=brownfield-land#51.46067,-0.15474,12.539228904066391z",376,Wandsworth,E09000032,archived (end-date populated)
brownfield-land,2019-11-26,1726405,2020-03-31,,,WBR/19/0051,376,POINT(-0.19722 51.4566),brownfield-land,authoritative,WBR/19/0051,2019-03-31,geography,,yes,,0.12,9,9,Non Housing Development: Alterations including erection of extensions at third floor levels to northern building and extension at fifth floor level to southern building to provide 9 residential units (4 x 1-bedroom and 5 x 2-bedroom flats) with roof terr,,not-owned-by-a-public-authority,2018-08-23,https://planning.wandsworth.gov.uk/Northgate/PlanningExplorer/DisplayAppDetails.aspx?AppNo=2018/0751,permissioned,full-planning-permission,,"Jessica House, Red Lion Square",,"https://www.planning.data.gov.uk/map/?dataset=brownfield-land#51.46067,-0.15474,12.539228904066391z",376,Wandsworth,E09000032,archived (end-date populated)
brownfield-land,2024-04-09,1726406,2025-12-15,,,WBR/19/0053,376,POINT(-0.21577 51.45541),brownfield-land,authoritative,WBR/19/0053,2019-03-31,geography,,yes,,1.27,41,41,"Original consent 2018/5553, VoC 2022/4370. Completed on 09/04/2024.",,owned-by-a-public-authority,2020-02-28,https://planning.wandsworth.gov.uk/Northgate/PlanningExplorer/DisplayAppDetails.aspx?AppNo=2018/5553,permissioned,full-planning-permission,,"Kersfield Estate, Lytton Grove",,"https://www.planning.data.gov.uk/map/?dataset=brownfield-land#51.46067,-0.15474,12.539228904066391z",376,Wandsworth,E09000032,archived (end-date populated)
brownfield-land,2021-04-01,1726408,2022-12-15,,,WBR/19/0056,376,POINT(-0.17591 51.46437),brownfield-land,authoritative,WBR/19/0056,2019-03-31,geography,,yes,,0.33,139,139,Completed on 01/04/2021,,owned-by-a-public-authority,2018-08-01,https://planning.wandsworth.gov.uk/Northgate/PlanningExplorer/DisplayAppDetails.aspx?AppNo=2017/6864,permissioned,full-planning-permission,,"Land north of Grant road incl parcels of land on c/o Plough/Winstanley, Grant Road",,"https://www.planning.data.gov.uk/map/?dataset=brownfield-land#51.46067,-0.15474,12.539228904066391z",376,Wandsworth,E09000032,archived (end-date populated)
brownfield-land,2024-06-27,1726410,2025-12-15,,,WBR/19/0059,376,POINT(-0.2418 51.44404),brownfield-land,authoritative,WBR/19/0059,2019-03-31,geography,,yes,,0.56,31,31,Completed on 27/06/2024,,not-owned-by-a-public-authority,2019-03-15,https://planning.wandsworth.gov.uk/Northgate/PlanningExplorer/DisplayAppDetails.aspx?AppNo=2018/0272,permissioned,full-planning-permission,,"Pocklington Court, 74 Alton Road",,"https://www.planning.data.gov.uk/map/?dataset=brownfield-land#51.46067,-0.15474,12.539228904066391z",376,Wandsworth,E09000032,archived (end-date populated)
brownfield-land,2022-03-31,1726411,2022-12-15,,,WBR/19/0062,376,POINT(-0.23838 51.44748),brownfield-land,authoritative,WBR/19/0062,2019-03-31,geography,,yes,,0.22,6,6,Completed on 31/03/2022,,owned-by-a-public-authority,2018-10-30,https://planning.wandsworth.gov.uk/Northgate/PlanningExplorer/DisplayAppDetails.aspx?AppNo=2017/6977,permissioned,full-planning-permission,,"Sherwood Lodge, 5 Bessborough Road",,"https://www.planning.data.gov.uk/map/?dataset=brownfield-land#51.46067,-0.15474,12.539228904066391z",376,Wandsworth,E09000032,archived (end-date populated)
brownfield-land,2021-02-26,1726413,2021-03-31,,,WBR/19/0064,376,POINT(-0.20695 51.44407),brownfield-land,authoritative,WBR/19/0064,2019-03-31,geography,,yes,,0.07,8,8,"Non Housing Development: Demolition of existing building and erection of a four storey building plus lower ground floor and basement levels, to provide one retail unit (class A1/A2) at the front of the ground floor/basement, and one commercial (class B1)",,not-owned-by-a-public-authority,2018-07-20,https://planning.wandsworth.gov.uk/Northgate/PlanningExplorer/DisplayAppDetails.aspx?AppNo=2018/1942,permissioned,full-planning-permission,,"Southfields Post Office and St Pauls Church Hall, 265-271 Wimbledon Park Road",,"https://www.planning.data.gov.uk/map/?dataset=brownfield-land#51.46067,-0.15474,12.539228904066391z",376,Wandsworth,E09000032,archived (end-date populated)
brownfield-land,2023-12-15,1726414,2023-12-15,,,WBR/19/0067,376,POINT(-0.25505 51.45581),brownfield-land,authoritative,WBR/19/0067,2019-03-31,geography,,yes,,0.11,6,3,"Non Housing Development: Alterations including redevelopment of the wardens' cottages to create 4 x 3-bedroomed two-storey (plus basement) cottages. Erection of new stable block including 2 x horse stalls, 2 x 1-bedroomed staff cottages, artist's studio",,not-owned-by-a-public-authority,2019-07-31,https://planning.wandsworth.gov.uk/Northgate/PlanningExplorer/DisplayAppDetails.aspx?AppNo=2019/2498,permissioned,full-planning-permission,,"Templeton, 118 Priory Lane",,"https://www.planning.data.gov.uk/map/?dataset=brownfield-land#51.46067,-0.15474,12.539228904066391z",376,Wandsworth,E09000032,archived (end-date populated)
brownfield-land,2020-01-07,1726416,2020-03-31,,,WBR/19/0071,376,POINT(-0.1493 51.46819),brownfield-land,authoritative,WBR/19/0071,2019-03-31,geography,,yes,,0.02,5,5,"Non Housing Development: Use of the basement and ground floors as a public house (Use Class A4), an additional storey through a roof extension to create a 1 x 3-bedroom flat, a single storey side extension at first floor level and conversion of the first",,not-owned-by-a-public-authority,2018-08-23,https://planning.wandsworth.gov.uk/Northgate/PlanningExplorer/DisplayAppDetails.aspx?AppNo=2018/0300,permissioned,full-planning-permission,,"The Queens Arms P.H., 139 St Philip Street",,https://apps.london.gov.uk/brownfield-sites/,376,Wandsworth,E09000032,archived (end-date populated)
brownfield-land,2022-01-11,1726419,2023-12-15,,,WBR/20/0002,376,POINT(-0.19677 51.45631),brownfield-land,authoritative,WBR/20/0002,2020-03-31,geography,,yes,,0.12,79,77,Previous application 2013/4653. Completed on 11/01/2022.,,not-owned-by-a-public-authority,2020-12-29,https://planning.wandsworth.gov.uk/Northgate/PlanningExplorer/DisplayAppDetails.aspx?AppNo=2019/4163,permissioned,other,,"Phase 2 Development Wandsworth Business Village, Buckhold Road (Former Army Cadet Force Building)",,"https://www.planning.data.gov.uk/map/?dataset=brownfield-land#51.46067,-0.15474,12.539228904066391z",376,Wandsworth,E09000032,archived (end-date populated)
brownfield-land,2022-02-02,1726420,2022-12-15,,,WBR/20/0003,376,POINT(-0.17836 51.44823),brownfield-land,authoritative,WBR/20/0003,2020-03-31,geography,,yes,,0.06,7,7,Completed on 02/02/2022,,not-owned-by-a-public-authority,2020-02-21,https://planning.wandsworth.gov.uk/Northgate/PlanningExplorer/DisplayAppDetails.aspx?AppNo=2019/5111,permissioned,full-planning-permission,,"Phoenix Members Bar Club, 37 Groom Crescent (Former Greenside Social Club)",,"https://www.planning.data.gov.uk/map/?dataset=brownfield-land#51.46067,-0.15474,12.539228904066391z",376,Wandsworth,E09000032,archived (end-date populated)
brownfield-land,2021-06-18,1726421,2022-12-15,,,WBR/20/0004,376,POINT(-0.20692 51.4529),brownfield-land,authoritative,WBR/20/0004,2020-03-31,geography,,yes,,0.01,7,6,Development completed on 18/06/2021,,not-owned-by-a-public-authority,2020-06-25,https://planning.wandsworth.gov.uk/Northgate/PlanningExplorer/DisplayAppDetails.aspx?AppNo=2020/1362,permissioned,full-planning-permission,,7 Gressenhall Road,,"https://www.planning.data.gov.uk/map/?dataset=brownfield-land#51.46067,-0.15474,12.539228904066391z",376,Wandsworth,E09000032,archived (end-date populated)
brownfield-land,2021-03-26,1726422,2021-03-31,,,WBR/20/0005,376,POINT(-0.21466 51.4619),brownfield-land,authoritative,WBR/20/0005,2020-03-31,geography,,yes,,0.03,4,4,,,not-owned-by-a-public-authority,2019-08-23,https://planning.wandsworth.gov.uk/Northgate/PlanningExplorer/DisplayAppDetails.aspx?AppNo=2019/1082,permissioned,full-planning-permission,,14 Werter Road,,https://apps.london.gov.uk/brownfield-sites/,376,Wandsworth,E09000032,archived (end-date populated)
brownfield-land,2022-08-17,1726423,2023-12-15,,,WBR/20/0006,376,POINT(-0.15046 51.43531),brownfield-land,authoritative,WBR/20/0006,2020-03-31,geography,,yes,,0.05,7,7,Completed on 17/08/2022,,not-owned-by-a-public-authority,2019-09-18,https://planning.wandsworth.gov.uk/Northgate/PlanningExplorer/DisplayAppDetails.aspx?AppNo=2019/2905,permissioned,full-planning-permission,,83 Huron Road,,"https://www.planning.data.gov.uk/map/?dataset=brownfield-land#51.46067,-0.15474,12.539228904066391z",376,Wandsworth,E09000032,archived (end-date populated)
brownfield-land,2024-03-06,1726425,2024-12-17,,,WBR/20/0008,376,POINT(-0.19584 51.45784),brownfield-land,authoritative,WBR/20/0008,2020-03-31,geography,,yes,,0.05,13,13,,,not-owned-by-a-public-authority,2020-01-30,https://planning.wandsworth.gov.uk/Northgate/PlanningExplorer/DisplayAppDetails.aspx?AppNo=2016/7216,permissioned,full-planning-permission,,"Argylle House, 1a All Saints Passage",,"https://www.planning.data.gov.uk/map/?dataset=brownfield-land#51.46067,-0.15474,12.539228904066391z",376,Wandsworth,E09000032,archived (end-date populated)
brownfield-land,2022-12-15,1726427,2022-12-15,,,WBR/20/0010,376,POINT(-0.16463 51.43095),brownfield-land,authoritative,WBR/20/0010,2020-03-31,geography,,yes,,0.04,3,3,,,not-owned-by-a-public-authority,2020-02-24,https://planning.wandsworth.gov.uk/Northgate/PlanningExplorer/DisplayAppDetails.aspx?AppNo=2019/2924,permissioned,full-planning-permission,,193-197 Upper Tooting Road,,"https://www.planning.data.gov.uk/map/?dataset=brownfield-land#51.46067,-0.15474,12.539228904066391z",376,Wandsworth,E09000032,archived (end-date populated)
brownfield-land,2021-05-07,1726428,2022-12-15,,,WBR/20/0011,376,POINT(-0.2109 51.46302),brownfield-land,authoritative,WBR/20/0011,2020-03-31,geography,,yes,,0.01,2,2,Completed on 07/05/2021,,not-owned-by-a-public-authority,2019-08-12,https://planning.wandsworth.gov.uk/Northgate/PlanningExplorer/DisplayAppDetails.aspx?AppNo=2019/2319,permissioned,full-planning-permission,,261 Putney Bridge Road,,"https://www.planning.data.gov.uk/map/?dataset=brownfield-land#51.46067,-0.15474,12.539228904066391z",376,Wandsworth,E09000032,archived (end-date populated)
brownfield-land,2022-10-06,1726430,2023-12-15,,,WBR/20/0013,376,POINT(-0.17279 51.47057),brownfield-land,authoritative,WBR/20/0013,2020-03-31,geography,,yes,,0.04,8,8,Completed on 06/10/2022,,not-owned-by-a-public-authority,2020-02-24,https://planning.wandsworth.gov.uk/Northgate/PlanningExplorer/DisplayAppDetails.aspx?AppNo=2019/4262,permissioned,full-planning-permission,,134/134a Battersea High Street,,"https://www.planning.data.gov.uk/map/?dataset=brownfield-land#51.46067,-0.15474,12.539228904066391z",376,Wandsworth,E09000032,archived (end-date populated)
brownfield-land,2021-03-31,1726431,2021-03-31,,,WBR/20/0014,376,POINT(-0.15812 51.44977),brownfield-land,authoritative,WBR/20/0014,2020-03-31,geography,,yes,,0.37,1,1,,,not-owned-by-a-public-authority,2015-07-22,https://planning.wandsworth.gov.uk/Northgate/PlanningExplorer/DisplayAppDetails.aspx?AppNo=2015/1735,permissioned,full-planning-permission,,"Queen Elizabeth House, 99 Nightingale Lane",,"https://www.planning.data.gov.uk/map/?dataset=brownfield-land#51.46067,-0.15474,12.539228904066391z",376,Wandsworth,E09000032,archived (end-date populated)
brownfield-land,2022-06-16,1726432,2023-12-15,,,WBR/20/0015,376,POINT(-0.15378 51.44194),brownfield-land,authoritative,WBR/20/0015,2020-03-31,geography,,yes,,0.02,7,7,Completed on 16/06/2022,,not-owned-by-a-public-authority,2019-07-30,https://planning.wandsworth.gov.uk/Northgate/PlanningExplorer/DisplayAppDetails.aspx?AppNo=2019/1895,permissioned,full-planning-permission,,189 Balham High Road,,"https://www.planning.data.gov.uk/map/?dataset=brownfield-land#51.46067,-0.15474,12.539228904066391z",376,Wandsworth,E09000032,archived (end-date populated)
brownfield-land,2024-02-29,1726433,2024-12-17,,,WBR/20/0016,376,POINT(-0.21649 51.46144),brownfield-land,authoritative,WBR/20/0016,2020-03-31,geography,,yes,,0.08,9,9,,,not-owned-by-a-public-authority,2019-10-30,https://planning.wandsworth.gov.uk/Northgate/PlanningExplorer/DisplayAppDetails.aspx?AppNo=2019/3275,permissioned,full-planning-permission,,153-159 Putney High Street,,"https://www.planning.data.gov.uk/map/?dataset=brownfield-land#51.46067,-0.15474,12.539228904066391z",376,Wandsworth,E09000032,archived (end-date populated)
brownfield-land,2022-12-15,1726434,2022-12-15,,,WBR/20/0017,376,POINT(-0.16743 51.42818),brownfield-land,authoritative,WBR/20/0017,2020-03-31,geography,,yes,,0.06,4,4,,,not-owned-by-a-public-authority,2019-06-10,https://planning.wandsworth.gov.uk/Northgate/PlanningExplorer/DisplayAppDetails.aspx?AppNo=2019/1697,permissioned,full-planning-permission,,57-63 Tooting High Street,,"https://www.planning.data.gov.uk/map/?dataset=brownfield-land#51.46067,-0.15474,12.539228904066391z",376,Wandsworth,E09000032,archived (end-date populated)
brownfield-land,2024-05-03,1726435,2025-12-15,,,WBR/20/0018,376,POINT(-0.18876 51.45562),brownfield-land,authoritative,WBR/20/0018,2020-03-31,geography,,yes,,0.06,22,9,Previous application 2020/1014. Completed on 03/05/2024.,,not-owned-by-a-public-authority,2021-10-26,https://planning.wandsworth.gov.uk/Northgate/PlanningExplorer/DisplayAppDetails.aspx?AppNo=2021/0208,permissioned,full-planning-permission,,190-194 St Anns Hill,,"https://www.planning.data.gov.uk/map/?dataset=brownfield-land#51.46067,-0.15474,12.539228904066391z",376,Wandsworth,E09000032,archived (end-date populated)
brownfield-land,2022-12-15,1726437,2022-12-15,,,WBR/20/0020,376,POINT(-0.14428 51.42816),brownfield-land,authoritative,WBR/20/0020,2020-03-31,geography,,yes,,0.09,2,2,,,not-owned-by-a-public-authority,2020-01-21,https://planning.wandsworth.gov.uk/Northgate/PlanningExplorer/DisplayAppDetails.aspx?AppNo=2019/4774,permissioned,full-planning-permission,,62 Thrale Road,,"https://www.planning.data.gov.uk/map/?dataset=brownfield-land#51.46067,-0.15474,12.539228904066391z",376,Wandsworth,E09000032,archived (end-date populated)
brownfield-land,2021-11-16,1726438,2022-12-15,,,WBR/20/0021,376,POINT(-0.21794 51.45936),brownfield-land,authoritative,WBR/20/0021,2020-03-31,geography,,yes,,0.03,4,4,Completed on 16/11/2021,,not-owned-by-a-public-authority,2020-02-21,https://planning.wandsworth.gov.uk/Northgate/PlanningExplorer/DisplayAppDetails.aspx?AppNo=2019/5569,permissioned,full-planning-permission,,36 Putney Hill,,"https://www.planning.data.gov.uk/map/?dataset=brownfield-land#51.46067,-0.15474,12.539228904066391z",376,Wandsworth,E09000032,archived (end-date populated)
brownfield-land,2021-09-03,1726440,2022-12-15,,,WBR/20/0023,376,POINT(-0.1542 51.44289),brownfield-land,authoritative,WBR/20/0023,2020-03-31,geography,,yes,,0.26,7,7,Completed on 03/09/2021,,not-owned-by-a-public-authority,2020-04-27,https://planning.wandsworth.gov.uk/Northgate/PlanningExplorer/DisplayAppDetails.aspx?AppNo=2020/0123,permissioned,full-planning-permission,,"Irene House, 218 Balham High Road",,"https://www.planning.data.gov.uk/map/?dataset=brownfield-land#51.46067,-0.15474,12.539228904066391z",376,Wandsworth,E09000032,archived (end-date populated)
brownfield-land,2024-03-07,1726441,2024-12-17,,,WBR/20/0024,376,POINT(-0.17605 51.47008),brownfield-land,authoritative,WBR/20/0024,2020-03-31,geography,,yes,,0.08,79,72,Previous application on site: 2019/2295,,not-owned-by-a-public-authority,2020-08-24,https://planning.wandsworth.gov.uk/Northgate/PlanningExplorer/DisplayAppDetails.aspx?AppNo=2021/1682,permissioned,full-planning-permission,,2-18 Yelverton Road,,"https://www.planning.data.gov.uk/map/?dataset=brownfield-land#51.46067,-0.15474,12.539228904066391z",376,Wandsworth,E09000032,archived (end-date populated)
brownfield-land,2024-03-25,1726442,2024-12-17,,,WBR/20/0025,376,POINT(-0.20622 51.44458),brownfield-land,authoritative,WBR/20/0025,2020-03-31,geography,,yes,,0.02,5,5,,,not-owned-by-a-public-authority,2020-04-28,https://planning.wandsworth.gov.uk/Northgate/PlanningExplorer/DisplayAppDetails.aspx?AppNo=2019/4665,permissioned,full-planning-permission,,2 Replingham Road,,"https://www.planning.data.gov.uk/map/?dataset=brownfield-land#51.46067,-0.15474,12.539228904066391z",376,Wandsworth,E09000032,archived (end-date populated)
brownfield-land,2022-10-25,1726443,2023-12-15,,,WBR/20/0026,376,POINT(-0.19888 51.45714),brownfield-land,authoritative,WBR/20/0026,2020-03-31,geography,,yes,,0.03,6,6,Previous application 2019/5567. 2021/4781 completed on 25/10/2022.,,not-owned-by-a-public-authority,2022-03-08,https://planning.wandsworth.gov.uk/Northgate/PlanningExplorer/DisplayAppDetails.aspx?AppNo=2021/4781,permissioned,full-planning-permission,,6-8 West Hill,,"https://www.planning.data.gov.uk/map/?dataset=brownfield-land#51.46067,-0.15474,12.539228904066391z",376,Wandsworth,E09000032,archived (end-date populated)
brownfield-land,2023-03-31,1726444,2023-12-15,,,WBR/20/0027,376,POINT(-0.21044 51.46043),brownfield-land,authoritative,WBR/20/0027,2020-03-31,geography,,yes,,0.02,6,5,Completed on 31/03/2023,,not-owned-by-a-public-authority,2020-12-21,https://planning.wandsworth.gov.uk/Northgate/PlanningExplorer/DisplayAppDetails.aspx?AppNo=2020/2528,permissioned,full-planning-permission,,118a Disraeli Road,,"https://www.planning.data.gov.uk/map/?dataset=brownfield-land#51.46067,-0.15474,12.539228904066391z",376,Wandsworth,E09000032,archived (end-date populated)
brownfield-land,2025-12-15,1726448,2025-12-15,,,WBR/20/0031,376,POINT(-0.23046 51.45613),brownfield-land,authoritative,WBR/20/0031,2020-03-31,geography,,yes,,0.39,15,15,The minimum and maximum number of dwellings that the land is capable of supporting are estimates derived from the Urban Design Study (2022). The number of dwellings that the land can support can only be determined through the planning permission process.,,owned-by-a-public-authority,,https://www.wandsworth.gov.uk/planning-and-building-control/planning-policy/local-plan/draft-local-plan-publication/,not-permissioned,,,"Ashburton Community Centre, Westleigh Avenue (Ashburton South Estate)",,"https://www.planning.data.gov.uk/map/?dataset=brownfield-land#51.46067,-0.15474,12.539228904066391z",376,Wandsworth,E09000032,archived (end-date populated)
brownfield-land,2021-12-31,1726450,2021-12-31,,,WBR/20/0033,376,POINT(-0.19447 51.45772),brownfield-land,authoritative,WBR/20/0033,2020-03-31,geography,,yes,,0.29,50,50,,,not-owned-by-a-public-authority,2017-11-30,https://planning.wandsworth.gov.uk/Northgate/PlanningExplorer/DisplayAppDetails.aspx?AppNo=2017/1458,permissioned,full-planning-permission,,"1-9 Church row (part of Phase 3 Ram Brewery), Wandsworth Plain",,"https://www.planning.data.gov.uk/map/?dataset=brownfield-land#51.46067,-0.15474,12.539228904066391z",376,Wandsworth,E09000032,archived (end-date populated)
brownfield-land,2020-12-23,1726681,2019-12-23,,,16/06329/FUL,100,POINT(-0.115323 51.33847),brownfield-land,authoritative,16/06329/FUL,2018-11-30,geography,,yes,,0.109,36,36,"Continued use of ground floor for purposes within use class A3: Additional A1 and A3 use: Alterations and extension to upper floors to include an additional 4 storey extension to provide; 20 one bedroom, 12 two bedroom and 4 three bedroom flats.. https://publicaccess3.croydon.gov.uk/online-applications/applicationDetails.do?keyVal=OI6RL0JL0BK00&activeTab=summary",,not-owned-by-a-public-authority,2017-12-13,https://publicaccess3.croydon.gov.uk/online-applications/applicationDetails.do?keyVal=OI6RL0JL0BK00&activeTab=summary,permissioned,full-planning-permission,,32-42 High Street,,https://publicaccess3.croydon.gov.uk/online-applications/applicationDetails.do?keyVal=OI6RL0JL0BK00&activeTab=summary,100,Croydon,E09000008,archived (end-date populated)
brownfield-land,2020-12-23,1726682,2019-12-23,,,17/02795/FUL,100,POINT(-0.123971 51.343968),brownfield-land,authoritative,17/02795/FUL,2018-11-30,geography,,yes,,0.099,9,9,"Alterations, erection of single/two storey rear extension, dormer extensions in front and rear elevations and conversion to form 5 two bedroom and 4 one bedroom flats. Provision of associated parking, cycle and refuse stores. https://publicaccess3.croydon.gov.uk/online-applications/simpleSearchResults.do?action=firstPage",,not-owned-by-a-public-authority,2017-10-06,https://publicaccess3.croydon.gov.uk/online-applications/simpleSearchResults.do?action=firstPage,permissioned,full-planning-permission,,29 Russell Hill,,https://publicaccess3.croydon.gov.uk/online-applications/simpleSearchResults.do?action=firstPage,100,Croydon,E09000008,archived (end-date populated)
brownfield-land,2020-12-23,1726683,2019-12-23,,,17/02998/FUL,100,POINT(-0.097023 51.382023),brownfield-land,authoritative,17/02998/FUL,2018-11-30,geography,,yes,,0.118,9,9,Erection of four storey building at rear to provide 8 two bedroom and 1 one bedroom flats. https://publicaccess3.croydon.gov.uk/online-applications/simpleSearchResults.do?action=firstPage,,not-owned-by-a-public-authority,2017-10-06,https://publicaccess3.croydon.gov.uk/online-applications/simpleSearchResults.do?action=firstPage,permissioned,full-planning-permission,,23 Tavistock Road,,https://publicaccess3.croydon.gov.uk/online-applications/simpleSearchResults.do?action=firstPage,100,Croydon,E09000008,archived (end-date populated)
brownfield-land,2020-12-23,1726684,2019-12-23,,,17/04230/FUL,100,POINT(-0.082972 51.415597),brownfield-land,authoritative,17/04230/FUL,2018-11-30,geography,,yes,,0.066,7,7,"Alterations and conversion to form 7 flats (5 x one bedroom, 2 x two bedroom) ; erection of three-storey rear extension, provision of parking for 6 cars, refuse and cycle storage.. https://publicaccess3.croydon.gov.uk/online-applications/simpleSearchResults.do?action=firstPage",,not-owned-by-a-public-authority,2017-12-29,https://publicaccess3.croydon.gov.uk/online-applications/simpleSearchResults.do?action=firstPage,permissioned,full-planning-permission,,116 Church Road,,https://publicaccess3.croydon.gov.uk/online-applications/simpleSearchResults.do?action=firstPage,100,Croydon,E09000008,archived (end-date populated)
brownfield-land,2020-12-23,1726685,2019-12-23,,,17/04874/FUL,100,POINT(-0.133552 51.390875),brownfield-land,authoritative,17/04874/FUL,2018-11-30,geography,,yes,,0.038,9,9,"Demolition of the existing temporary building and erection of a four storey building comprising 5 x 2 bedroom flats 4 x 1 bedroom flats and provision of associated car parking, bicycle storage, refuse storage and landscaping works (amended decription). https://publicaccess3.croydon.gov.uk/online-applications/simpleSearchResults.do?action=firstPage",,not-owned-by-a-public-authority,2018-06-08,https://publicaccess3.croydon.gov.uk/online-applications/simpleSearchResults.do?action=firstPage,permissioned,full-planning-permission,,702 Mitcham Road,,https://publicaccess3.croydon.gov.uk/online-applications/simpleSearchResults.do?action=firstPage,100,Croydon,E09000008,archived (end-date populated)
brownfield-land,2020-12-23,1726686,2019-12-23,,,17/05072/FUL,100,POINT(-0.100097 51.404591),brownfield-land,authoritative,17/05072/FUL,2018-11-30,geography,,yes,,0.06,7,7,"Demolition of existing public house: erection of three/four-storey building, with extended basement floor, to provide a pub use at ground floor and basement levels and , 1 one bedroom and 6 two bedroom flats , on the upper floors: provision of associated car parking, amenity, cycle and refuse stores.. https://publicaccess3.croydon.gov.uk/online-applications/applicationDetails.do?keyVal=OXLOO0JLM0R00&activeTab=summary",,not-owned-by-a-public-authority,2017-12-12,https://publicaccess3.croydon.gov.uk/online-applications/applicationDetails.do?keyVal=OXLOO0JLM0R00&activeTab=summary,permissioned,full-planning-permission,,111 Beulah Road,,https://publicaccess3.croydon.gov.uk/online-applications/applicationDetails.do?keyVal=OXLOO0JLM0R00&activeTab=summary,100,Croydon,E09000008,archived (end-date populated)
brownfield-land,2020-12-23,1726687,2019-12-23,,,17/05189/FUL,100,POINT(-0.1064 51.321896),brownfield-land,authoritative,17/05189/FUL,2018-11-30,geography,,yes,,0.13,7,7,"Demolition of the existing buildings, erection of a two storey building to provide 7 self-contained (C3) residential flats with associated car parking, cycle parking, bin store and landscaping.. https://publicaccess3.croydon.gov.uk/online-applications/simpleSearchResults.do?action=firstPage",,not-owned-by-a-public-authority,2018-03-20,https://publicaccess3.croydon.gov.uk/online-applications/simpleSearchResults.do?action=firstPage,permissioned,full-planning-permission,,23 Park Road,,https://publicaccess3.croydon.gov.uk/online-applications/simpleSearchResults.do?action=firstPage,100,Croydon,E09000008,archived (end-date populated)
brownfield-land,2020-12-23,1726688,2019-12-23,,,17/05266/FUL,100,POINT(-0.115361 51.393866),brownfield-land,authoritative,17/05266/FUL,2018-11-30,geography,,yes,,0.024,7,7,Demolition of the existing building; erection of a four storey building providing commerical on the ground floor and seven self contained flats above. https://publicaccess3.croydon.gov.uk/online-applications/simpleSearchResults.do?action=firstPage,,not-owned-by-a-public-authority,2018-04-25,https://publicaccess3.croydon.gov.uk/online-applications/simpleSearchResults.do?action=firstPage,permissioned,full-planning-permission,,755-757 London Road,,https://publicaccess3.croydon.gov.uk/online-applications/simpleSearchResults.do?action=firstPage,100,Croydon,E09000008,archived (end-date populated)
brownfield-land,2020-12-23,1726689,2019-12-23,,,17/05463/FUL,100,POINT(-0.11079 51.346041),brownfield-land,authoritative,17/05463/FUL,2018-11-30,geography,,yes,,0.106,7,7,"Erection of two storey building at rear with accommodation in roof space comprising 1 x 1 bedroom; 5 x 2 bedroom and 1 x 3 bedroom flats with associated access, 11 parking spaces, cycle storage and refuse store.. https://publicaccess3.croydon.gov.uk/online-applications/simpleSearchResults.do?action=firstPage",,not-owned-by-a-public-authority,2018-01-25,https://publicaccess3.croydon.gov.uk/online-applications/simpleSearchResults.do?action=firstPage,permissioned,full-planning-permission,,140 & 142 Pampisford Road,,https://publicaccess3.croydon.gov.uk/online-applications/simpleSearchResults.do?action=firstPage,100,Croydon,E09000008,archived (end-date populated)
brownfield-land,2020-12-23,1726690,2019-12-23,,,17/05863/FUL,100,POINT(-0.140835 51.342744),brownfield-land,authoritative,17/05863/FUL,2018-11-30,geography,,yes,,0.103,8,8,"Demolition of existing building: erection of two storey building with accommodation in roofspace comprising 6 two bedroom, 1 three bedroom and 1 one bedroom flats : formation of vehicular access and provision of associated parking, refuse store and bike store. https://publicaccess3.croydon.gov.uk/online-applications/applicationDetails.do?keyVal=OZVL9EJL0BK00&activeTab=summary",,not-owned-by-a-public-authority,2018-02-09,https://publicaccess3.croydon.gov.uk/online-applications/applicationDetails.do?keyVal=OZVL9EJL0BK00&activeTab=summary,permissioned,full-planning-permission,,21a Green Lane,,https://publicaccess3.croydon.gov.uk/online-applications/applicationDetails.do?keyVal=OZVL9EJL0BK00&activeTab=summary,100,Croydon,E09000008,archived (end-date populated)
brownfield-land,2020-12-23,1726691,2019-12-23,,,18/00588/FUL,100,POINT(-0.083211 51.333156),brownfield-land,authoritative,18/00588/FUL,2018-11-30,geography,,yes,,0.072,7,7,"Demolition of existing building: erection of a two storey building with accommodation in roofspace comprising 3 two bedroom, 2 one bedroom and 2 three bedroom flats : formation of vehicular access onto Borrowdale Drive and provision of associated parking spaces, cycle storage and refuse store.. https://publicaccess3.croydon.gov.uk/online-applications/applicationDetails.do?keyVal=P3PYAGJLGHD00&activeTab=summary",,not-owned-by-a-public-authority,2018-06-22,https://publicaccess3.croydon.gov.uk/online-applications/applicationDetails.do?keyVal=P3PYAGJLGHD00&activeTab=summary,permissioned,full-planning-permission,,4 Rectory Park,,https://publicaccess3.croydon.gov.uk/online-applications/applicationDetails.do?keyVal=P3PYAGJLGHD00&activeTab=summary,100,Croydon,E09000008,archived (end-date populated)
brownfield-land,2020-12-23,1726692,2019-12-23,,,18/00693/FUL,100,POINT(-0.090354 51.364747),brownfield-land,authoritative,18/00693/FUL,2018-11-30,geography,,yes,,0.051,6,6,"Demolition of the existing dwelling: erection of a three/four storey building comprising 1 studio, 4 two bedroom and 1 three bedroom flats with associated landscaping, parking, refuse and cycle provision.. https://publicaccess3.croydon.gov.uk/online-applications/applicationDetails.do?keyVal=P3ZEQKJLGWP00&activeTab=summary",,not-owned-by-a-public-authority,2018-07-06,https://publicaccess3.croydon.gov.uk/online-applications/applicationDetails.do?keyVal=P3ZEQKJLGWP00&activeTab=summary,permissioned,full-planning-permission,,11 South Park Hill Road,,https://publicaccess3.croydon.gov.uk/online-applications/applicationDetails.do?keyVal=P3ZEQKJLGWP00&activeTab=summary,100,Croydon,E09000008,archived (end-date populated)
brownfield-land,2020-12-23,1726693,2019-12-23,,,18/00806/FUL,100,POINT(-0.101876 51.405717),brownfield-land,authoritative,18/00806/FUL,2018-11-30,geography,,yes,,0.077,9,9,Demolition of existing buildings: erection of three storey building comprising 6 x two bedroom flats and 3 x 1 bedroom flats: formation of vehicular access and provision of associated off-street parking in the basement ; provision of traffic-light system to vehicle access ; provision of refuse storage and cycle storage ; provision of associated landscaping and boundary treatment. https://publicaccess3.croydon.gov.uk/online-applications/simpleSearchResults.do?action=firstPage,,not-owned-by-a-public-authority,2018-04-19,https://publicaccess3.croydon.gov.uk/online-applications/simpleSearchResults.do?action=firstPage,permissioned,full-planning-permission,,Land And Premises Adj To 55 Bensham Grove,,https://publicaccess3.croydon.gov.uk/online-applications/simpleSearchResults.do?action=firstPage,100,Croydon,E09000008,archived (end-date populated)
brownfield-land,2020-12-23,1726694,2019-12-23,,,18/01197/FUL,100,POINT(-0.062674 51.343933),brownfield-land,authoritative,18/01197/FUL,2018-11-30,geography,,yes,,0.033,6,6,"Erection of a two storey building comprising 2 x two bedroom dwellinghouses and 4 x one bedroom flats with associated landscaping, refuse and cycle storage. https://publicaccess3.croydon.gov.uk/online-applications/simpleSearchResults.do?action=firstPage",,not-owned-by-a-public-authority,2018-05-11,https://publicaccess3.croydon.gov.uk/online-applications/simpleSearchResults.do?action=firstPage,permissioned,full-planning-permission,,R/O 129 Addington Road,,https://publicaccess3.croydon.gov.uk/online-applications/simpleSearchResults.do?action=firstPage,100,Croydon,E09000008,archived (end-date populated)
brownfield-land,2020-12-23,1726695,2019-12-23,,,18/01483/FUL,100,POINT(-0.069968 51.393154),brownfield-land,authoritative,18/01483/FUL,2018-11-30,geography,,yes,,0.071,9,9,Alterations ; Demolition of existing buildings ; Erection of a three storey building comprising 6 two bedroom and 3 one bedroom flats: ; Alterations to vehicular accesses ; provision of vehicular access and associated forecourt parking ; provision of associated refuse storage and cycle storage (corrected description). https://publicaccess3.croydon.gov.uk/online-applications/simpleSearchResults.do?action=firstPage,,not-owned-by-a-public-authority,2018-06-06,https://publicaccess3.croydon.gov.uk/online-applications/simpleSearchResults.do?action=firstPage,permissioned,full-planning-permission,,"Enmore Lodge, 34-36 Enmore Road",,https://publicaccess3.croydon.gov.uk/online-applications/simpleSearchResults.do?action=firstPage,100,Croydon,E09000008,archived (end-date populated)
brownfield-land,2020-12-23,1726696,2019-12-23,,,18/02276/FUL,100,POINT(-0.068418 51.400241),brownfield-land,authoritative,18/02276/FUL,2018-11-30,geography,,yes,,0.094,9,9,"Alterations, Erection of 1 three storey building to rear with accomodation in the roofspace comprising 1 x 3 bedorom, 5 x 2 bedroom and 1 x 1 bedroom flats and erection of 1 two storey building to rear comprising of 2 x 2 bedroom flats and erection of double garage to rear. Formation of vehicular access from Bevill Close and provision of associated parking to rear and provision of associated refuse and cycle storage (Corrected Description).. https://publicaccess3.croydon.gov.uk/online-applications/simpleSearchResults.do?action=firstPage",,not-owned-by-a-public-authority,2018-07-06,https://publicaccess3.croydon.gov.uk/online-applications/simpleSearchResults.do?action=firstPage,permissioned,full-planning-permission,,12 Sunny Bank,,https://publicaccess3.croydon.gov.uk/online-applications/simpleSearchResults.do?action=firstPage,100,Croydon,E09000008,archived (end-date populated)
brownfield-land,2020-12-23,1726697,2019-12-23,,,18/00324/GPDO,100,POINT(-0.098018 51.362857),brownfield-land,authoritative,18/00324/GPDO,2018-11-30,geography,,yes,,0.07,11,11,Use as 11 flats. https://publicaccess3.croydon.gov.uk/online-applications/simpleSearchResults.do?action=firstPage,,not-owned-by-a-public-authority,2018-05-09,https://publicaccess3.croydon.gov.uk/online-applications/simpleSearchResults.do?action=firstPage,permissioned,other,,5 Brighton Road,,https://publicaccess3.croydon.gov.uk/online-applications/simpleSearchResults.do?action=firstPage,100,Croydon,E09000008,archived (end-date populated)
brownfield-land,2020-12-23,1726698,2019-12-23,,,18/02383/FUL,100,POINT(-0.099017 51.386255),brownfield-land,authoritative,18/02383/FUL,2019-12-23,geography,,yes,,0.11,9,9,"Demolition of garages: excavations, alterations and extensions invovling conversion of existing building altering existing commericial units, provision of 7 separate flats (including alterations to exisitng flats) and erection of 2 x 2 bed semi-detached dwellings; provision of cycle & bin storage facilities.. https://publicaccess3.croydon.gov.uk/online-applications/applicationDetails.do?keyVal=P8KB6NJLH0D00&activeTab=summary",,not-owned-by-a-public-authority,2018-08-01,https://publicaccess3.croydon.gov.uk/online-applications/applicationDetails.do?keyVal=P8KB6NJLH0D00&activeTab=summary,permissioned,full-planning-permission,,"135-139, Windmill Road",,https://publicaccess3.croydon.gov.uk/online-applications/applicationDetails.do?keyVal=P8KB6NJLH0D00&activeTab=summary,100,Croydon,E09000008,archived (end-date populated)
brownfield-land,2020-12-23,1726699,2019-12-23,,,18/02653/FUL,100,POINT(-0.088003 51.372227),brownfield-land,authoritative,18/02653/FUL,2019-12-23,geography,,yes,,0.09,8,8,Erection of four storey block comprising of 8 x one bed flats with associated refuse and cycle storage and landscaping.. https://publicaccess3.croydon.gov.uk/online-applications/applicationDetails.do?keyVal=P9A4DAJLIAI00&activeTab=summary,,not-owned-by-a-public-authority,2018-12-12,https://publicaccess3.croydon.gov.uk/online-applications/applicationDetails.do?keyVal=P9A4DAJLIAI00&activeTab=summary,permissioned,full-planning-permission,,"Land To The Rear Of 26, Fairfield Road",,https://publicaccess3.croydon.gov.uk/online-applications/applicationDetails.do?keyVal=P9A4DAJLIAI00&activeTab=summary,100,Croydon,E09000008,archived (end-date populated)
brownfield-land,2020-12-23,1726700,2019-12-23,,,18/02697/FUL,100,POINT(-0.107159 51.332412),brownfield-land,authoritative,18/02697/FUL,2019-12-23,geography,,yes,,0.08,7,7,"Demolition of existing house: erection of a two storey building with roof accommodation in association with the creation of 7 residential units consisting 2 x studio, 3 x one bedroom, 1 x 2 bedroom and 1 x 3 bedroom flats with associated landscaping including retaining wall, car parking, bin store and cycle store.. https://publicaccess3.croydon.gov.uk/online-applications/applicationDetails.do?keyVal=P9J8FSJLIG400&activeTab=summary",,not-owned-by-a-public-authority,2018-09-14,https://publicaccess3.croydon.gov.uk/online-applications/applicationDetails.do?keyVal=P9J8FSJLIG400&activeTab=summary,permissioned,full-planning-permission,,"57, Downs Court Road",,https://publicaccess3.croydon.gov.uk/online-applications/applicationDetails.do?keyVal=P9J8FSJLIG400&activeTab=summary,100,Croydon,E09000008,archived (end-date populated)
brownfield-land,2020-12-23,1726701,2019-12-23,,,18/02720/FUL,100,POINT(-0.148145 51.319181),brownfield-land,authoritative,18/02720/FUL,2019-12-23,geography,,yes,,0.06,7,7,"Demolition of the existing building and the erection of a two-storey building including accommodation within the roof to form 7 x self-contained flats (2 x 1 bedroom, 4 x 2 bedroom and 1 x 3 bedroom) with associated car parking, relocated access, hard and soft landscaping, refuse and cycle stores.. https://publicaccess3.croydon.gov.uk/online-applications/applicationDetails.do?keyVal=P9JTYNJLIKA00&activeTab=summary",,not-owned-by-a-public-authority,2018-10-19,https://publicaccess3.croydon.gov.uk/online-applications/applicationDetails.do?keyVal=P9JTYNJLIKA00&activeTab=summary,permissioned,full-planning-permission,,"175, Chipstead Valley Road",,https://publicaccess3.croydon.gov.uk/online-applications/applicationDetails.do?keyVal=P9JTYNJLIKA00&activeTab=summary,100,Croydon,E09000008,archived (end-date populated)
brownfield-land,2020-12-23,1726702,2019-12-23,,,18/03158/FUL,100,POINT(-0.090544 51.344984),brownfield-land,authoritative,18/03158/FUL,2019-12-23,geography,,yes,,0.08,7,7,"Alterations and formation of basement accommodation to include light wells and erection of a single/two side/rear extensions. Construction of roof extension to include raising the ridgeline, formation of roof gables and installation rooflights. Conversion to form 5 x two bedroom and 2x one bedroom flats and provision of associated landscaping, refuse and cycle parking. https://publicaccess3.croydon.gov.uk/online-applications/simpleSearchResults.do?action=firstPage",,not-owned-by-a-public-authority,2019-04-25,https://publicaccess3.croydon.gov.uk/online-applications/simpleSearchResults.do?action=firstPage,permissioned,full-planning-permission,,"2, West Hill",,https://publicaccess3.croydon.gov.uk/online-applications/simpleSearchResults.do?action=firstPage,100,Croydon,E09000008,archived (end-date populated)
brownfield-land,2020-12-23,1726703,2019-12-23,,,18/03190/FUL,100,POINT(-0.101184 51.383907),brownfield-land,authoritative,18/03190/FUL,2019-12-23,geography,,yes,,0,8,8,Erection of 3/4 storey block comprising of 6 x one bed and 1 x two bed flats. Erection of 1 x one bed basement apartment to the rear of proposed flat block.. https://publicaccess3.croydon.gov.uk/online-applications/applicationDetails.do?keyVal=PAXCYIJL0MG00&activeTab=summary,,not-owned-by-a-public-authority,2018-08-10,https://publicaccess3.croydon.gov.uk/online-applications/applicationDetails.do?keyVal=PAXCYIJL0MG00&activeTab=summary,permissioned,full-planning-permission,,"Garage Site Adjacent To 1, St Jame's Park",,https://publicaccess3.croydon.gov.uk/online-applications/applicationDetails.do?keyVal=PAXCYIJL0MG00&activeTab=summary,100,Croydon,E09000008,archived (end-date populated)
brownfield-land,2020-12-23,1726704,2019-12-23,,,18/03774/FUL,100,POINT(-0.107737 51.314876),brownfield-land,authoritative,18/03774/FUL,2019-12-23,geography,,yes,,0.14,9,9,"Demolition of a single-family dwelling and erection of a 3-storey builidng of 9 apartments with associated access, 7 parking spaces, cycle storage and refuse store.. https://publicaccess3.croydon.gov.uk/online-applications/simpleSearchResults.do?action=firstPage",,not-owned-by-a-public-authority,2018-12-13,https://publicaccess3.croydon.gov.uk/online-applications/simpleSearchResults.do?action=firstPage,permissioned,full-planning-permission,,"120, Hayes Lane",,https://publicaccess3.croydon.gov.uk/online-applications/simpleSearchResults.do?action=firstPage,100,Croydon,E09000008,archived (end-date populated)
brownfield-land,2020-12-23,1726705,2019-12-23,,,18/03907/FUL,100,POINT(-0.098313 51.374454),brownfield-land,authoritative,18/03907/FUL,2019-12-23,geography,,yes,,0.06,7,7,"Demolition of existing buildings, erection of 1 three storey building comprising 3 commercial units (B1b/B1c Use Class) at ground floor, ancillary storage/laundry room, and 4 x 2 bedroom duplex flats on the upper floors, and erection of 1 two storey building comprising 3 commercial units (B1b/B1c Use Class) at ground floor and 3 x 1 bedroom flats on first floor, provision of associated landscaping, and provision of associated refuse and cycle storage.. https://publicaccess3.croydon.gov.uk/online-applications/applicationDetails.do?keyVal=PD2YKZJL0BK00&activeTab=summary",,not-owned-by-a-public-authority,2018-11-08,https://publicaccess3.croydon.gov.uk/online-applications/applicationDetails.do?keyVal=PD2YKZJL0BK00&activeTab=summary,permissioned,full-planning-permission,,"Rear Of 23 And 25, George Street",,https://publicaccess3.croydon.gov.uk/online-applications/applicationDetails.do?keyVal=PD2YKZJL0BK00&activeTab=summary,100,Croydon,E09000008,archived (end-date populated)
brownfield-land,2020-12-23,1726706,2019-12-23,,,18/04026/FUL,100,POINT(-0.086265 51.339105),brownfield-land,authoritative,18/04026/FUL,2019-12-23,geography,,yes,,0.11,8,8,"Demolition of the existing dwelling and erection of a three storey development for nine apartments with associated access, nine off-street parking spaces, cycle storage and refuse store. https://publicaccess3.croydon.gov.uk/online-applications/applicationDetails.do?keyVal=PDFZP9JLHF700&activeTab=summary",,not-owned-by-a-public-authority,2018-10-26,https://publicaccess3.croydon.gov.uk/online-applications/applicationDetails.do?keyVal=PDFZP9JLHF700&activeTab=summary,permissioned,full-planning-permission,,"22, Briton Crescent",,https://publicaccess3.croydon.gov.uk/online-applications/applicationDetails.do?keyVal=PDFZP9JLHF700&activeTab=summary,100,Croydon,E09000008,archived (end-date populated)
brownfield-land,2020-12-23,1726707,2019-12-23,,,18/04056/FUL,100,POINT(-0.088003 51.372227),brownfield-land,authoritative,18/04056/FUL,2019-12-23,geography,,yes,,0.05,9,9,"Demolition of the existing building and construction of a block of nine flats comprising 4 x one bed, 4 x two bed and 1 x three bed flats, with associated refuse and cycle storage areas, landscaping and car parking.. https://publicaccess3.croydon.gov.uk/online-applications/applicationDetails.do?keyVal=PDHUC2JLHK600&activeTab=summary",,not-owned-by-a-public-authority,2018-11-06,https://publicaccess3.croydon.gov.uk/online-applications/applicationDetails.do?keyVal=PDHUC2JLHK600&activeTab=summary,permissioned,full-planning-permission,,"26, Fairfield Road",,https://publicaccess3.croydon.gov.uk/online-applications/applicationDetails.do?keyVal=PDHUC2JLHK600&activeTab=summary,100,Croydon,E09000008,archived (end-date populated)
brownfield-land,2020-12-23,1726708,2019-12-23,,,18/04200/FUL,100,POINT(-0.115172 51.333027),brownfield-land,authoritative,18/04200/FUL,2019-12-23,geography,,yes,,0.08,9,9,"Demolition of existing dwelling house at 2 Northwood Avenue and construction of new apartment building containing 9 residential flats at 2 Northwood Avenue and the rear garden of 5 Higher Drive, and other associated works (revised proposal).. https://publicaccess3.croydon.gov.uk/online-applications/applicationDetails.do?keyVal=PDWJHDJLIBS00&activeTab=summary",,not-owned-by-a-public-authority,2018-12-20,https://publicaccess3.croydon.gov.uk/online-applications/applicationDetails.do?keyVal=PDWJHDJLIBS00&activeTab=summary,permissioned,full-planning-permission,,"2 Northwood Avenue And R/O 5, Higher Drive",,https://publicaccess3.croydon.gov.uk/online-applications/applicationDetails.do?keyVal=PDWJHDJLIBS00&activeTab=summary,100,Croydon,E09000008,archived (end-date populated)
brownfield-land,2020-12-23,1726709,2019-12-23,,,18/04264/FUL,100,POINT(-0.118367 51.341954),brownfield-land,authoritative,18/04264/FUL,2019-12-23,geography,,yes,,0.26,28,28,"Demolition of existing buildings; Erection of 2 x three/four storey buildings comprising 8 x one bedroom, 16 x two bedroom and 4 x three bedroom flats. Provision of vehicular accesses and provision of parking spaces, refuse and cycle storage and landscaping.. https://publicaccess3.croydon.gov.uk/online-applications/applicationDetails.do?keyVal=PE6241JLIPT00&activeTab=summary",,not-owned-by-a-public-authority,2019-03-29,https://publicaccess3.croydon.gov.uk/online-applications/applicationDetails.do?keyVal=PE6241JLIPT00&activeTab=summary,permissioned,full-planning-permission,,"41-43, Russell Hill Road",,https://publicaccess3.croydon.gov.uk/online-applications/applicationDetails.do?keyVal=PE6241JLIPT00&activeTab=summary,100,Croydon,E09000008,archived (end-date populated)
brownfield-land,2020-12-23,1726710,2019-12-23,,,18/04376/FUL,100,POINT(-0.090155 51.36505),brownfield-land,authoritative,18/04376/FUL,2019-12-23,geography,,yes,,0.11,9,9,"Construction of 3-storey residential building at rear comprising 9 units (6 x 2 bed and 3 x 3 bed flats) with associated car parking, cycle storage, amenity space and refuse storage, and refurbishment of existing building with associated external alterations. https://publicaccess3.croydon.gov.uk/online-applications/applicationDetails.do?keyVal=PEIRHLJLJ8G00&activeTab=summary",,not-owned-by-a-public-authority,2019-06-07,https://publicaccess3.croydon.gov.uk/online-applications/applicationDetails.do?keyVal=PEIRHLJLJ8G00&activeTab=summary,permissioned,full-planning-permission,,"Laurel Court, 7, South Park Hill Road",,https://publicaccess3.croydon.gov.uk/online-applications/applicationDetails.do?keyVal=PEIRHLJLJ8G00&activeTab=summary,100,Croydon,E09000008,archived (end-date populated)
brownfield-land,2020-12-23,1726711,2019-12-23,,,18/04537/FUL,100,POINT(-0.10697 51.385439),brownfield-land,authoritative,18/04537/FUL,2019-12-23,geography,,yes,,0.2,20,20,Demolition of existing buildings and erection of 3no. replacement buildings ranging from 2 to 3 storeys in height comprising 20 residential dwellings plus associated car and cycle parking with hard and soft landscaping measures.. https://publicaccess3.croydon.gov.uk/online-applications/applicationDetails.do?keyVal=PEZZL4JLK0400&activeTab=summary,,not-owned-by-a-public-authority,2019-02-26,https://publicaccess3.croydon.gov.uk/online-applications/applicationDetails.do?keyVal=PEZZL4JLK0400&activeTab=summary,permissioned,full-planning-permission,,"Barnacle Works At The Rear Of Land At 2, Bensham Lane",,https://publicaccess3.croydon.gov.uk/online-applications/applicationDetails.do?keyVal=PEZZL4JLK0400&activeTab=summary,100,Croydon,E09000008,archived (end-date populated)
brownfield-land,2020-12-23,1726712,2019-12-23,,,18/04762/FUL,100,POINT(-0.12304 51.335824),brownfield-land,authoritative,18/04762/FUL,2019-12-23,geography,,yes,,0.08,8,8,"Demolition of existing two storey house and detached garage. Erection of two/three storey building with accommodation in the roofscape to provide 8 units including the provision of car and cycle parking, refuse storage facilities, hard and soft landscaping and land alterations throughout the site.. https://publicaccess3.croydon.gov.uk/online-applications/applicationDetails.do?keyVal=PFRQKZJLLA800&activeTab=summary",,not-owned-by-a-public-authority,2018-11-23,https://publicaccess3.croydon.gov.uk/online-applications/applicationDetails.do?keyVal=PFRQKZJLLA800&activeTab=summary,permissioned,full-planning-permission,,"19, Box Ridge Avenue",,https://publicaccess3.croydon.gov.uk/online-applications/applicationDetails.do?keyVal=PFRQKZJLLA800&activeTab=summary,100,Croydon,E09000008,archived (end-date populated)
brownfield-land,2020-12-23,1726713,2019-12-23,,,18/04812/FUL,100,POINT(-0.115785 51.338747),brownfield-land,authoritative,18/04812/FUL,2019-12-23,geography,,yes,,0.07,6,6,"Erection of a detached four storey building comprising of 2x studio, 2x one bedroom and 2x two bedroom flats. Provision of associated parking and landscaping.. https://publicaccess3.croydon.gov.uk/online-applications/applicationDetails.do?keyVal=PFYZAXJLLKK00&activeTab=summary",,not-owned-by-a-public-authority,2018-11-29,https://publicaccess3.croydon.gov.uk/online-applications/applicationDetails.do?keyVal=PFYZAXJLLKK00&activeTab=summary,permissioned,full-planning-permission,,"Venture House Car Park 15, High Street",,https://publicaccess3.croydon.gov.uk/online-applications/applicationDetails.do?keyVal=PFYZAXJLLKK00&activeTab=summary,100,Croydon,E09000008,archived (end-date populated)
brownfield-land,2020-12-23,1726714,2019-12-23,,,18/05006/FUL,100,POINT(-0.102263 51.320956),brownfield-land,authoritative,18/05006/FUL,2019-12-23,geography,,yes,,0.16,9,9,"Demolition of existing building: erection of a three storey building comprising 9 units and formation of associated vehicular access and provision of 9 off-street parking spaces, cycle storage and refuse store (amended plans).. https://publicaccess3.croydon.gov.uk/online-applications/applicationDetails.do?keyVal=PGHO23JLMKW00&activeTab=summary",,not-owned-by-a-public-authority,2019-06-21,https://publicaccess3.croydon.gov.uk/online-applications/applicationDetails.do?keyVal=PGHO23JLMKW00&activeTab=summary,permissioned,full-planning-permission,,"32, Welcomes Road",,https://publicaccess3.croydon.gov.uk/online-applications/applicationDetails.do?keyVal=PGHO23JLMKW00&activeTab=summary,100,Croydon,E09000008,archived (end-date populated)
brownfield-land,2020-12-23,1726715,2019-12-23,,,18/05264/FUL,100,POINT(-0.136829 51.343445),brownfield-land,authoritative,18/05264/FUL,2019-12-23,geography,,yes,,0.09,8,8,"Demolition of existing house and erection of three storey building comprising 8 flats with associated parking, cycle store, refuse store and landscaping. https://publicaccess3.croydon.gov.uk/online-applications/applicationDetails.do?keyVal=PH7PJNJLG6Q00&activeTab=summary",,not-owned-by-a-public-authority,2019-04-05,https://publicaccess3.croydon.gov.uk/online-applications/applicationDetails.do?keyVal=PH7PJNJLG6Q00&activeTab=summary,permissioned,full-planning-permission,,"3, Woodcote Drive",,https://publicaccess3.croydon.gov.uk/online-applications/applicationDetails.do?keyVal=PH7PJNJLG6Q00&activeTab=summary,100,Croydon,E09000008,archived (end-date populated)
brownfield-land,2020-12-23,1726716,2019-12-23,,,18/05293/FUL,100,POINT(-0.139898 51.335022),brownfield-land,authoritative,18/05293/FUL,2019-12-23,geography,,yes,,0.16,9,9,"Demolition of dwellinghouse and erection of 3-storey development containing 9 apartments with associated access, 9 off-street parking spaces, cycle storage and refuse store.. https://publicaccess3.croydon.gov.uk/online-applications/applicationDetails.do?keyVal=PHD4VLJLGE000&activeTab=summary",,not-owned-by-a-public-authority,2019-01-18,https://publicaccess3.croydon.gov.uk/online-applications/applicationDetails.do?keyVal=PHD4VLJLGE000&activeTab=summary,permissioned,full-planning-permission,,"35a, Smitham Bottom Lane",,https://publicaccess3.croydon.gov.uk/online-applications/applicationDetails.do?keyVal=PHD4VLJLGE000&activeTab=summary,100,Croydon,E09000008,archived (end-date populated)
brownfield-land,2020-12-23,1726717,2019-12-23,,,18/05383/FUL,100,POINT(-0.082003 51.334593),brownfield-land,authoritative,18/05383/FUL,2019-12-23,geography,,yes,,0.15,6,6,"Demolition of the existing garage and alterations to the existing vehicular access with erection of a two storey building to provide 6 units at the rear including a provision of associated landscaping, parking, cycle and refuse storage. https://publicaccess3.croydon.gov.uk/online-applications/applicationDetails.do?keyVal=PHQ5SZJLH0200&activeTab=summary",,not-owned-by-a-public-authority,2019-05-31,https://publicaccess3.croydon.gov.uk/online-applications/applicationDetails.do?keyVal=PHQ5SZJLH0200&activeTab=summary,permissioned,full-planning-permission,,"59, Rectory Park",,https://publicaccess3.croydon.gov.uk/online-applications/applicationDetails.do?keyVal=PHQ5SZJLH0200&activeTab=summary,100,Croydon,E09000008,archived (end-date populated)
brownfield-land,2020-12-23,1726718,2019-12-23,,,18/05458/FUL,100,POINT(-0.092412 51.36327),brownfield-land,authoritative,18/05458/FUL,2019-12-23,geography,,yes,,0.04,8,8,"Demolition of the existing house and erection of an apartment block comprising 8no. apartments, together with cycle storage, amenity space, a refuse/ recycling store and landscaping. https://publicaccess3.croydon.gov.uk/online-applications/applicationDetails.do?keyVal=PHVPCYJLHBN00&activeTab=summary",,not-owned-by-a-public-authority,2019-01-03,https://publicaccess3.croydon.gov.uk/online-applications/applicationDetails.do?keyVal=PHVPCYJLHBN00&activeTab=summary,permissioned,full-planning-permission,,"56, South Park Hill Road",,https://publicaccess3.croydon.gov.uk/online-applications/applicationDetails.do?keyVal=PHVPCYJLHBN00&activeTab=summary,100,Croydon,E09000008,archived (end-date populated)
brownfield-land,2020-12-23,1726719,2019-12-23,,,18/05530/FUL,100,POINT(-0.10115 51.366326),brownfield-land,authoritative,18/05530/FUL,2019-12-23,geography,,yes,,0.03,8,8,Demolition of existing building and construction of a new three-storey building to provide 8 flats. https://publicaccess3.croydon.gov.uk/online-applications/applicationDetails.do?keyVal=PI4ZMMJLHT900&activeTab=summary,,not-owned-by-a-public-authority,2019-05-07,https://publicaccess3.croydon.gov.uk/online-applications/applicationDetails.do?keyVal=PI4ZMMJLHT900&activeTab=summary,permissioned,full-planning-permission,,"Penshurst Place, 90-92, Southbridge Road",,https://publicaccess3.croydon.gov.uk/online-applications/applicationDetails.do?keyVal=PI4ZMMJLHT900&activeTab=summary,100,Croydon,E09000008,archived (end-date populated)
brownfield-land,2020-12-23,1726720,2019-12-23,,,18/05580/FUL,100,POINT(-0.094668 51.390267),brownfield-land,authoritative,18/05580/FUL,2019-12-23,geography,,yes,,0.07,7,7,"Erection of a part 2 storey, part 3 storey extension to Block A2 (a two storey building approved under permission 16/05972/FUL) to provide 7 additional flats.. https://publicaccess3.croydon.gov.uk/online-applications/applicationDetails.do?keyVal=PIAJMNJLI4J00&activeTab=summary",,not-owned-by-a-public-authority,2019-04-23,https://publicaccess3.croydon.gov.uk/online-applications/applicationDetails.do?keyVal=PIAJMNJLI4J00&activeTab=summary,permissioned,full-planning-permission,,"226, Whitehorse Road",,https://publicaccess3.croydon.gov.uk/online-applications/applicationDetails.do?keyVal=PIAJMNJLI4J00&activeTab=summary,100,Croydon,E09000008,archived (end-date populated)
brownfield-land,2020-12-23,1726721,2019-12-23,,,18/05787/FUL,100,POINT(-0.141985 51.311098),brownfield-land,authoritative,18/05787/FUL,2019-12-23,geography,,yes,,0.1,9,9,"Demolition of existing house and erection of a 2/3 storey building with accommodation in the roof to provide 9 units with associated parking/access, landscaping, cycle and refuse stores.. https://publicaccess3.croydon.gov.uk/online-applications/applicationDetails.do?keyVal=PIYMR1JLJN300&activeTab=summary",,not-owned-by-a-public-authority,2019-02-01,https://publicaccess3.croydon.gov.uk/online-applications/applicationDetails.do?keyVal=PIYMR1JLJN300&activeTab=summary,permissioned,full-planning-permission,,"76, Reddown Road",,https://publicaccess3.croydon.gov.uk/online-applications/applicationDetails.do?keyVal=PIYMR1JLJN300&activeTab=summary,100,Croydon,E09000008,archived (end-date populated)
brownfield-land,2020-12-23,1726722,2019-12-23,,,18/05879/FUL,100,POINT(-0.102175 51.40475),brownfield-land,authoritative,18/05879/FUL,2019-12-23,geography,,yes,,0.03,7,7,"Erection of new building comprising 7no. Apartments (being 6no. 1-bedroom and 1no. 3-bedroom) and 2no. 3-bedroom Houses, with associated garden amenity space, bins storage, and bicycle storage.. https://publicaccess3.croydon.gov.uk/online-applications/applicationDetails.do?keyVal=PJ7Z3EJLKCA00&activeTab=summary",,not-owned-by-a-public-authority,2019-01-29,https://publicaccess3.croydon.gov.uk/online-applications/applicationDetails.do?keyVal=PJ7Z3EJLKCA00&activeTab=summary,permissioned,full-planning-permission,,"The Land At The Corner Of Parchmore Road And, Fountain Road",,https://publicaccess3.croydon.gov.uk/online-applications/applicationDetails.do?keyVal=PJ7Z3EJLKCA00&activeTab=summary,100,Croydon,E09000008,archived (end-date populated)
brownfield-land,2020-12-23,1726723,2019-12-23,,,18/05880/FUL,100,POINT(-0.136486 51.323933),brownfield-land,authoritative,18/05880/FUL,2019-12-23,geography,,yes,,0.05,9,9,"Demolition of the existing property and erection of new apartment building containing nine self contained apartments, car parking, refuse storage, cycle storage and associated landscaping.. https://publicaccess3.croydon.gov.uk/online-applications/applicationDetails.do?keyVal=PJ7Z3NJLKCC00&activeTab=summary",,not-owned-by-a-public-authority,2019-04-26,https://publicaccess3.croydon.gov.uk/online-applications/applicationDetails.do?keyVal=PJ7Z3NJLKCC00&activeTab=summary,permissioned,full-planning-permission,,"13, South Drive",,https://publicaccess3.croydon.gov.uk/online-applications/applicationDetails.do?keyVal=PJ7Z3NJLKCC00&activeTab=summary,100,Croydon,E09000008,archived (end-date populated)
brownfield-land,2020-12-23,1726724,2019-12-23,,,18/06070/FUL,100,POINT(-0.040224 51.381086),brownfield-land,authoritative,18/06070/FUL,2019-12-23,geography,,yes,,0.2,9,9,"Demolition of the existing house and ancillary office and erection of a two-storey block of 4 flats and 5 three bedroom houses, provision of parking spaces, refuse sorage and cycle stores.. https://publicaccess3.croydon.gov.uk/online-applications/applicationDetails.do?keyVal=PJVYS3JLLI500&activeTab=summary",,not-owned-by-a-public-authority,2019-03-22,https://publicaccess3.croydon.gov.uk/online-applications/applicationDetails.do?keyVal=PJVYS3JLLI500&activeTab=summary,permissioned,full-planning-permission,,"9a, Orchard Rise",,https://publicaccess3.croydon.gov.uk/online-applications/applicationDetails.do?keyVal=PJVYS3JLLI500&activeTab=summary,100,Croydon,E09000008,archived (end-date populated)
brownfield-land,2020-12-23,1726725,2019-12-23,,,18/06123/FUL,100,POINT(-0.1154 51.394325),brownfield-land,authoritative,18/06123/FUL,2019-12-23,geography,,yes,,0.03,9,9,"Erection of part-four/part-five storey building to provide 8 x one bed and 1 x two bed flats with associated play space, refuse and cycle stores.. https://publicaccess3.croydon.gov.uk/online-applications/applicationDetails.do?keyVal=PJZPJLJLLQC00&activeTab=summary",,not-owned-by-a-public-authority,2019-07-03,https://publicaccess3.croydon.gov.uk/online-applications/applicationDetails.do?keyVal=PJZPJLJLLQC00&activeTab=summary,permissioned,full-planning-permission,,"43686, Willett Road",,https://publicaccess3.croydon.gov.uk/online-applications/applicationDetails.do?keyVal=PJZPJLJLLQC00&activeTab=summary,100,Croydon,E09000008,archived (end-date populated)
brownfield-land,2020-12-23,1726726,2019-12-23,,,19/00110/FUL,100,POINT(-0.114561 51.333925),brownfield-land,authoritative,19/00110/FUL,2019-12-23,geography,,yes,,0.08,8,8,"Demolition of the existing dwelling and detached garage. Erection of a two/three storey building to provide 8 units with associated parking/access, landscaping, internal refuse and external cycle stores.. https://publicaccess3.croydon.gov.uk/online-applications/applicationDetails.do?keyVal=PL2JMFJLFII00&activeTab=summary",,not-owned-by-a-public-authority,2019-04-01,https://publicaccess3.croydon.gov.uk/online-applications/applicationDetails.do?keyVal=PL2JMFJLFII00&activeTab=summary,permissioned,full-planning-permission,,"3, Olden Lane",,https://publicaccess3.croydon.gov.uk/online-applications/applicationDetails.do?keyVal=PL2JMFJLFII00&activeTab=summary,100,Croydon,E09000008,archived (end-date populated)
brownfield-land,2020-12-23,1726727,2019-12-23,,,19/00490/FUL,100,POINT(-0.12369 51.400043),brownfield-land,authoritative,19/00490/FUL,2019-12-23,geography,,yes,,0.17,8,8,"Demolition of the existing dwelling; Erection of building comprising of 3 x one bed flats and 1 x two bed flat and 4 x four bed semi-detached dwellings to the rear of the site with associated parking, landscaping, cycle and refuse storage (8 total).. https://publicaccess3.croydon.gov.uk/online-applications/applicationDetails.do?keyVal=PM979HJLHGP00&activeTab=summary",,not-owned-by-a-public-authority,2019-04-26,https://publicaccess3.croydon.gov.uk/online-applications/applicationDetails.do?keyVal=PM979HJLHGP00&activeTab=summary,permissioned,full-planning-permission,,"97, Pollards Hill South",,https://publicaccess3.croydon.gov.uk/online-applications/applicationDetails.do?keyVal=PM979HJLHGP00&activeTab=summary,100,Croydon,E09000008,archived (end-date populated)
brownfield-land,2020-12-23,1726728,2019-12-23,,,19/00543/FUL,100,POINT(-0.044672 51.343148),brownfield-land,authoritative,19/00543/FUL,2019-12-23,geography,,yes,,0,15,15,"Erection of 15 x three bedroom terraced houses. Provision of vehicular access, access road and associated works including car/cycle parking, refuse storage and landscaping. https://publicaccess3.croydon.gov.uk/online-applications/applicationDetails.do?keyVal=PMGL2AJLHS400&activeTab=summary",,not-owned-by-a-public-authority,2019-07-25,https://publicaccess3.croydon.gov.uk/online-applications/applicationDetails.do?keyVal=PMGL2AJLHS400&activeTab=summary,permissioned,full-planning-permission,,"Land Adjoining 46, Quail Gardens",,https://publicaccess3.croydon.gov.uk/online-applications/applicationDetails.do?keyVal=PMGL2AJLHS400&activeTab=summary,100,Croydon,E09000008,archived (end-date populated)
brownfield-land,2020-12-23,1726729,2019-12-23,,,19/00548/FUL,100,POINT(-0.10288 51.319563),brownfield-land,authoritative,19/00548/FUL,2019-12-23,geography,,yes,,0.23,9,9,"The erection of a three storey building with accommodation in the roof space (comprising 6 x two bedroom and 1 x three bedroom apartment) and 2 x four bedroom, semi-detached houses, with associated access, amenity space, landscaping, alterations to land levels and off street parking.. https://publicaccess3.croydon.gov.uk/online-applications/simpleSearchResults.do?action=firstPage",,not-owned-by-a-public-authority,2019-05-31,https://publicaccess3.croydon.gov.uk/online-applications/simpleSearchResults.do?action=firstPage,permissioned,full-planning-permission,,"42, Welcomes Road",,https://publicaccess3.croydon.gov.uk/online-applications/simpleSearchResults.do?action=firstPage,100,Croydon,E09000008,archived (end-date populated)
brownfield-land,2020-12-23,1726730,2019-12-23,,,19/00909/FUL,100,POINT(-0.102843 51.320462),brownfield-land,authoritative,19/00909/FUL,2019-12-23,geography,,yes,,0.2,8,8,"Conversion to form 8 flats (2 x 3 bedroom. 4 x 2 bedroom, 2 x 1 bedroom). Alterations and formation of basement accommodation to include front and side light wells, creation of a lower ground floor entrance, erection of 2 storey side and rear extensions, installation of roof lights and side dormer extensions and provision of associated landscaping, refuse and cycle parking.. https://publicaccess3.croydon.gov.uk/online-applications/applicationDetails.do?keyVal=PNJ6QOJLJHH00&activeTab=summary",,not-owned-by-a-public-authority,2019-05-22,https://publicaccess3.croydon.gov.uk/online-applications/applicationDetails.do?keyVal=PNJ6QOJLJHH00&activeTab=summary,permissioned,full-planning-permission,,"36, Welcomes Road",,https://publicaccess3.croydon.gov.uk/online-applications/applicationDetails.do?keyVal=PNJ6QOJLJHH00&activeTab=summary,100,Croydon,E09000008,archived (end-date populated)
brownfield-land,2020-12-23,1726731,2019-12-23,,,19/01351/FUL,100,POINT(-0.095938 51.38634),brownfield-land,authoritative,19/01351/FUL,2019-12-23,geography,,yes,,0.06,9,9,"Demolition of existing buildings, erection of a 3 storey building with 9 residential flats comprising 1 x 3 bedroom flat, 5 x 2 bedroom flats, and 3 x 1 bedroom flats, provision of associated refuse storage and cycle storage.. https://publicaccess3.croydon.gov.uk/online-applications/applicationDetails.do?keyVal=POO93YJLLEO00&activeTab=summary",,not-owned-by-a-public-authority,2019-05-14,https://publicaccess3.croydon.gov.uk/online-applications/applicationDetails.do?keyVal=POO93YJLLEO00&activeTab=summary,permissioned,full-planning-permission,,"Ledaire Fabrications, Limes Place",,https://publicaccess3.croydon.gov.uk/online-applications/applicationDetails.do?keyVal=POO93YJLLEO00&activeTab=summary,100,Croydon,E09000008,archived (end-date populated)
brownfield-land,2020-12-23,1726732,2019-12-23,,,19/01540/FUL,100,POINT(-0.10627 51.357802),brownfield-land,authoritative,19/01540/FUL,2019-12-23,geography,,yes,,0.1,8,8,"Demolition of the existing two storey detached property, erection of a part three/part four storey replacement building to provide eight residential units, with associated cycle and refuse stores, landscaping and car parking.. https://publicaccess3.croydon.gov.uk/online-applications/applicationDetails.do?keyVal=PP51RJJLM8W00&activeTab=summary",,not-owned-by-a-public-authority,2019-05-24,https://publicaccess3.croydon.gov.uk/online-applications/applicationDetails.do?keyVal=PP51RJJLM8W00&activeTab=summary,permissioned,full-planning-permission,,"49, Haling Park Road",,https://publicaccess3.croydon.gov.uk/online-applications/applicationDetails.do?keyVal=PP51RJJLM8W00&activeTab=summary,100,Croydon,E09000008,archived (end-date populated)
brownfield-land,2020-12-23,1726733,2019-12-23,,,19/01761/FUL,100,POINT(-0.052575 51.386373),brownfield-land,authoritative,19/01761/FUL,2019-12-23,geography,,yes,,0.11,9,9,"Demolition of existing dwelling and erection of a 3-storey block, containing 3 x 3 bedroom houses and 6 x 2 bedroom apartments with associated access, 9 parking spaces, cycle storage and refuse store.. https://publicaccess3.croydon.gov.uk/online-applications/applicationDetails.do?keyVal=PPUVTPJLFQ500&activeTab=summary",,not-owned-by-a-public-authority,2019-07-03,https://publicaccess3.croydon.gov.uk/online-applications/applicationDetails.do?keyVal=PPUVTPJLFQ500&activeTab=summary,permissioned,full-planning-permission,,"Pegasus, Fairhaven Avenue",,https://publicaccess3.croydon.gov.uk/online-applications/applicationDetails.do?keyVal=PPUVTPJLFQ500&activeTab=summary,100,Croydon,E09000008,archived (end-date populated)
brownfield-land,2021-12-14,1727197,2021-12-14,,,P2015/3451/FUL,181,POINT(-0.097018 51.537508),brownfield-land,authoritative,P2015/3451/FUL,2017-11-24,geography,,yes,,0.15,9,9,Site plan is available on Islington interactive mapping website. Specific site is identifiable via SiteReference and SiteNameAddress attribute data.,,not-owned-by-a-public-authority,2018-02-10,,permissioned,full-planning-permission,,33-35 Britannia Row,,http://planning.islington.gov.uk/NorthgatePublicDocs/00363603.pdf,181,Islington,E09000019,archived (end-date populated)
brownfield-land,2021-12-14,1727198,2021-12-14,,,P2016/4928/FUL,181,POINT(-0.12342 51.568355),brownfield-land,authoritative,P2016/4928/FUL,2019-11-24,geography,,yes,,0.024,7,7,,,not-owned-by-a-public-authority,2019-01-25,,permissioned,full-planning-permission,,469 Hornsey Road,,http://planning.islington.gov.uk/NorthgatePublicDocs/00411790.pdf,181,Islington,E09000019,archived (end-date populated)
brownfield-land,2021-12-14,1727203,2019-11-24,,,P2017/2754/FUL,181,POINT(-0.123864 51.568093),brownfield-land,authoritative,P2017/2754/FUL,2019-11-24,geography,,yes,,0.04,15,15,,,not-owned-by-a-public-authority,2018-04-26,,permissioned,full-planning-permission,,202-210 Fairbridge Road,,http://mapapp.islington.gov.uk/mapthatol/Login.aspx?user=public&utm_content=stcms2.islington.gov.uk,181,Islington,E09000019,archived (end-date populated)
brownfield-land,2024-12-31,1727422,2024-12-31,,,15/07932/OUT,48,POINT(-0.151777 51.625916),brownfield-land,authoritative,15/07932/OUT,2022-01-27,geography,,yes,,16.49,360,360,,,not-owned-by-a-public-authority,2019-11-26,https://publicaccess.barnet.gov.uk/online-applications/applicationDetails.do?activeTab=map&keyVal=NZV6TSJI09700,appeal allowed,outline-planning-permission,,North London Business Park Oakleigh Road South London N11 1GN,,https://publicaccess.barnet.gov.uk/online-applications/applicationDetails.do?activeTab=map&keyVal=NZV6TSJI09700,48,Barnet,E09000003,archived (end-date populated)
brownfield-land,2024-12-31,1727425,2024-12-31,,,18/4674/FUL,48,POINT(-0.276638 51.615172),brownfield-land,authoritative,18/4674/FUL,2022-01-27,geography,,yes,,0.25,52,52,,,not-owned-by-a-public-authority,2020-08-20,https://publicaccess.barnet.gov.uk/online-applications/applicationDetails.do?activeTab=map&keyVal=PCHATPJIKQB00,permissioned,full-planning-permission,,2 - 10 Hermitage Lane And 1 - 4 The Graftons London NW2 2ET,,https://publicaccess.barnet.gov.uk/online-applications/applicationDetails.do?activeTab=map&keyVal=PCHATPJIKQB00,48,Barnet,E09000003,archived (end-date populated)
brownfield-land,2024-12-31,1727431,2024-12-31,,,18/7495/FUL,48,POINT(-0.218485 51.592256),brownfield-land,authoritative,18/7495/FUL,2022-01-27,geography,,yes,,1.88,149,149,,,not-owned-by-a-public-authority,2022-09-01,https://publicaccess.barnet.gov.uk/online-applications/applicationDetails.do?activeTab=map&keyVal=PJZA9IJI09W00,permissioned,full-planning-permission,,Westhorpe Gardens And Mills Grove London NW4 2TU,,https://publicaccess.barnet.gov.uk/online-applications/applicationDetails.do?activeTab=map&keyVal=PJZA9IJI09W00,48,Barnet,E09000003,archived (end-date populated)
brownfield-land,2024-12-31,1727434,2024-12-31,,,19/1950/FUL,48,POINT(-0.171732 51.630167),brownfield-land,authoritative,19/1950/FUL,2022-01-27,geography,,yes,,0.8,107,107,,,not-owned-by-a-public-authority,2019-11-05,https://publicaccess.barnet.gov.uk/online-applications/applicationDetails.do?activeTab=map&keyVal=PPBQ1MJI0DC00,permissioned,full-planning-permission,,70-84 And Land R/o Oakleigh Road North London N20 9EZ,,https://publicaccess.barnet.gov.uk/online-applications/applicationDetails.do?activeTab=map&keyVal=PPBQ1MJI0DC00,48,Barnet,E09000003,archived (end-date populated)
brownfield-land,2024-12-31,1727435,2024-12-31,,,19/6833/FUL,48,POINT(-0.181937 51.61779),brownfield-land,authoritative,19/6833/FUL,2022-01-27,geography,,yes,,0.33,51,51,,,not-owned-by-a-public-authority,2020-08-08,https://publicaccess.barnet.gov.uk/online-applications/applicationDetails.do?activeTab=map&keyVal=Q36ENQJIIJ700,permissioned,full-planning-permission,,66 Woodside Park Road London N12 8RY,,https://publicaccess.barnet.gov.uk/online-applications/applicationDetails.do?activeTab=map&keyVal=Q36ENQJIIJ700,48,Barnet,E09000003,archived (end-date populated)
brownfield-land,2024-12-31,1727438,2024-12-31,,,17/6593/FUL,48,POINT(-0.176047 51.622006),brownfield-land,authoritative,17/6593/FUL,2022-01-27,geography,,yes,,0.06,13,13,,,not-owned-by-a-public-authority,2020-07-21,https://publicaccess.barnet.gov.uk/online-applications/applicationDetails.do?activeTab=map&keyVal=OXZ2JNJIH1B00,permissioned,full-planning-permission,,Britannia House 960 High Road London N12 9RY,,https://publicaccess.barnet.gov.uk/online-applications/applicationDetails.do?activeTab=map&keyVal=OXZ2JNJIH1B00,48,Barnet,E09000003,archived (end-date populated)
brownfield-land,2024-12-12,1729297,2025-12-15,,,RBR/17/0072,266,POINT(-0.280167 51.476397),brownfield-land,authoritative,RBR/17/0072,2021-12-21,geography,,yes,,0.523,31,31,,,not-owned-by-a-public-authority,2021-01-29,https://planning.richmond.gov.uk/richmond/application-details/?ref=20/2093/GPD15,not-permissioned,other,,159 Mortlake Road Kew,,"https://www.planning.data.gov.uk/map/?dataset=brownfield-land#51.4764,-0.280167,17z",266,Richmond upon Thames,E09000027,archived (end-date populated)
brownfield-land,2023-08-22,1729298,2021-12-21,,,RBR/17/0073,266,POINT(-0.346585 51.427684),brownfield-land,authoritative,RBR/17/0073,2021-12-21,geography,,yes,,0.215,14,14,,,not-owned-by-a-public-authority,2021-05-04,https://planning.richmond.gov.uk/richmond/application-details/?ref=20/0222/FUL,permissioned,full-planning-permission,,"Land Ajacent To 38 - 42 Hampton Road, Teddington",,"https://www.planning.data.gov.uk/map/?dataset=brownfield-land#51.4277,-0.346585,17z",266,Richmond upon Thames,E09000027,archived (end-date populated)
brownfield-land,2022-03-31,1729300,2021-12-21,,,RBR/17/0075,266,POINT(-0.36406 51.428524),brownfield-land,authoritative,RBR/17/0075,2021-12-21,geography,,yes,,0.083,9,9,,,not-owned-by-a-public-authority,2021-03-04,https://planning.richmond.gov.uk/richmond/application-details/?ref=20/1499/FUL,permissioned,full-planning-permission,,"Boundaries, 1 St James's Road, Hampton Hill, Hampton, TW12 1DH",,"https://www.planning.data.gov.uk/map/?dataset=brownfield-land#51.4285,-0.36406,17z",266,Richmond upon Thames,E09000027,archived (end-date populated)
brownfield-land,2022-03-01,1729301,2021-12-21,,,RBR/17/0076,266,POINT(-0.322234 51.465115),brownfield-land,authoritative,RBR/17/0076,2021-12-21,geography,,yes,,0.346,6,6,,,not-owned-by-a-public-authority,2021-08-19,https://planning.richmond.gov.uk/richmond/application-details/?ref=20/1870/FUL,permissioned,full-planning-permission,,"Unit B, 1 Railshead Road, Twickenham, Isleworth, TW7 7EP",,"https://www.planning.data.gov.uk/map/?dataset=brownfield-land#51.4651,-0.322234,17z",266,Richmond upon Thames,E09000027,archived (end-date populated)
brownfield-land,2023-03-31,1729302,2021-12-21,,,RBR/17/0077,266,POINT(-0.305656 51.459946),brownfield-land,authoritative,RBR/17/0077,2021-12-21,geography,,yes,,0.035,6,6,,,not-owned-by-a-public-authority,2021-07-14,https://planning.richmond.gov.uk/richmond/application-details/?ref=20/3483/FUL,permissioned,full-planning-permission,,"9-10 George Street, Richmond TW9 1JY",,"https://www.planning.data.gov.uk/map/?dataset=brownfield-land#51.4599,-0.305656,17z",266,Richmond upon Thames,E09000027,archived (end-date populated)
brownfield-land,2022-10-31,1729305,2021-12-21,,,RBR/17/0080,266,POINT(-0.264911 51.467858),brownfield-land,authoritative,RBR/17/0080,2021-12-21,geography,,yes,,0.092,5,5,,,not-owned-by-a-public-authority,2020-09-30,https://planning.richmond.gov.uk/richmond/application-details/?ref=19/3324/FUL,permissioned,full-planning-permission,,"Garages And Land Adjacent Railway, South Worple Way, East Sheen, London",,"https://www.planning.data.gov.uk/map/?dataset=brownfield-land#51.4679,-0.264911,17z",266,Richmond upon Thames,E09000027,archived (end-date populated)
brownfield-land,2022-02-24,1729467,2020-11-20,,,BR00171,42,POINT(-0.281653 51.543163),brownfield-land,authoritative,BR00171,2020-11-20,geography,,yes,,0.24,36,36,18/0284. Removed as now encompassed within BR00161,,not-owned-by-a-public-authority,2020-10-16,https://pa.brent.gov.uk/online-applications/simpleSearchResults.do?action=firstPage,permissioned,full-planning-permission,,"Transpuetc House, Heather Park Drive, HA0 1SS",,https://maps.london.gov.uk/brownfield-site-register,42,Brent,E09000005,archived (end-date populated)
brownfield-land,2020-01-20,1729468,2020-11-20,,,BR00173,42,POINT(-0.244917 51.549247),brownfield-land,authoritative,BR00173,2020-11-20,geography,,yes,,0.0715,34,30,18/2278; 20/0618. Development has commenced.,,mixed-ownership,2018-08-10,https://pa.brent.gov.uk/online-applications/simpleSearchResults.do?action=firstPage,permissioned,other,,"Units 29, 30 and 31 Cygnus Business Centre, Dalmeyer Road, London, NW10 2XA",,https://maps.london.gov.uk/brownfield-site-register,42,Brent,E09000005,archived (end-date populated)
brownfield-land,2020-11-20,1729469,2020-11-20,,,BR00153,42,POINT(-0.298254 51.552379),brownfield-land,authoritative,BR00153,2020-11-20,geography,,yes,,0.05,8,8,18/4914. Development commenced.,,not-owned-by-a-public-authority,2019-11-08,https://pa.brent.gov.uk/online-applications/simpleSearchResults.do?action=firstPage,permissioned,full-planning-permission,,"Artisan House, Market Way, HA0 2BT",,https://maps.london.gov.uk/brownfield-site-register,42,Brent,E09000005,archived (end-date populated)
brownfield-land,2021-01-01,1729470,2020-11-20,,,BR00155,42,POINT(-0.298421 51.541716),brownfield-land,authoritative,BR00155,2020-11-20,geography,,yes,,0.09,9,9,19/1761. Development has commenced.,,mixed-ownership,2019-12-13,https://pa.brent.gov.uk/online-applications/simpleSearchResults.do?action=firstPage,permissioned,full-planning-permission,,"B, 290, Ealing Road, HA0 4LL",,https://maps.london.gov.uk/brownfield-site-register,42,Brent,E09000005,archived (end-date populated)
brownfield-land,2021-09-06,1729471,2020-11-20,,,BR00156,42,POINT(-0.304035 51.555187),brownfield-land,authoritative,BR00156,2020-11-20,geography,,yes,,0.096,7,7,19/3863. Site includes an element of residential garden (not PDL). Development has commenced.,,mixed-ownership,2020-01-02,https://pa.brent.gov.uk/online-applications/simpleSearchResults.do?action=firstPage,permissioned,full-planning-permission,,"14, Harrowdene Road, HA0 2JB",,https://maps.london.gov.uk/brownfield-site-register,42,Brent,E09000005,archived (end-date populated)
brownfield-land,2020-12-16,1729472,2020-11-20,,,BR00160,42,POINT(-0.211037 51.541532),brownfield-land,authoritative,BR00160,2020-11-20,geography,,yes,,0.097,8,8,19/3056. Site includes an element of residential garden (not PDL). Development has commenced,,not-owned-by-a-public-authority,2020-03-20,https://pa.brent.gov.uk/online-applications/simpleSearchResults.do?action=firstPage,permissioned,full-planning-permission,,"13, The Avenue, NW6 7NR",,https://maps.london.gov.uk/brownfield-site-register,42,Brent,E09000005,archived (end-date populated)
brownfield-land,2021-11-16,1729473,2020-11-20,,,BR00163,42,POINT(-0.218384 51.547264),brownfield-land,authoritative,BR00163,2020-11-20,geography,,yes,,0.36,10,10,19/4434. Development commenced,,owned-by-a-public-authority,2020-06-15,https://pa.brent.gov.uk/online-applications/simpleSearchResults.do?action=firstPage,permissioned,full-planning-permission,,"Pharamond Garages, rear of 258-262 Willesden Lane, Willesden, London",,https://maps.london.gov.uk/brownfield-site-register,42,Brent,E09000005,archived (end-date populated)
brownfield-land,2021-11-16,1729474,2020-11-20,,,BR00168,42,POINT(-0.231299 51.565679),brownfield-land,authoritative,BR00168,2020-11-20,geography,,yes,,0.48,9,9,20/0568. Development commenced.,,owned-by-a-public-authority,2020-07-31,https://pa.brent.gov.uk/online-applications/simpleSearchResults.do?action=firstPage,permissioned,full-planning-permission,,"Aneurin Bevan Court Garages, Coles Green Road, London",,https://maps.london.gov.uk/brownfield-site-register,42,Brent,E09000005,archived (end-date populated)
brownfield-land,2021-03-22,1729475,2020-11-20,,,BR00177,42,POINT(-0.192563 51.536714),brownfield-land,authoritative,BR00177,2020-11-20,geography,,yes,,0.0878,13,13,19/4508. Development commenced / completed,,not-owned-by-a-public-authority,2020-02-12,https://pa.brent.gov.uk/online-applications/simpleSearchResults.do?action=firstPage,permissioned,other,,"J M Amin & Co, 45 Ealing Road, Wembley, HA0 4BA",,https://maps.london.gov.uk/brownfield-site-register,42,Brent,E09000005,archived (end-date populated)
brownfield-land,2025-03-31,1731779,2025-12-15,,,WBR/21/0046,376,POINT(-0.18237 51.46554),brownfield-land,authoritative,WBR/21/0046,2021-03-31,geography,,yes,,0.05,14,14,Completed on 31/03/2025.,,not-owned-by-a-public-authority,2018-11-22,https://planning.wandsworth.gov.uk/Northgate/PlanningExplorer/DisplayAppDetails.aspx?AppNo=2018/4579,permissioned,other,,"Chatfield Court, 56 Chatfield Road",,"https://www.planning.data.gov.uk/map/?dataset=brownfield-land#51.46067,-0.15474,12.539228904066391z",376,Wandsworth,E09000032,archived (end-date populated)
brownfield-land,2022-12-15,1731780,2022-12-15,,,WBR/21/0002,376,POINT(-0.16368 51.43352),brownfield-land,authoritative,WBR/21/0002,2021-03-31,geography,,,,0.14,24,24,Application 2019/2869 was withdrawn,,not-owned-by-a-public-authority,,https://planning.wandsworth.gov.uk/Northgate/PlanningExplorer/DisplayAppDetails.aspx?AppNo=2019/2869,pending-decision,,,96-108 Upper Tooting Road,,"https://www.planning.data.gov.uk/map/?dataset=brownfield-land#51.46067,-0.15474,12.539228904066391z",376,Wandsworth,E09000032,archived (end-date populated)
brownfield-land,2023-05-15,1731781,2023-12-15,,,WBR/21/0001,376,POINT(-0.16469 51.46348),brownfield-land,authoritative,WBR/21/0001,2021-03-31,geography,,yes,,0.03,7,5,Previous application 2020/3505. Completed on 15/05/2023,,not-owned-by-a-public-authority,2021-05-25,https://planning.wandsworth.gov.uk/Northgate/PlanningExplorer/DisplayAppDetails.aspx?AppNo=2021/0408,permissioned,full-planning-permission,,5 Parma Crescent,,"https://www.planning.data.gov.uk/map/?dataset=brownfield-land#51.46067,-0.15474,12.539228904066391z",376,Wandsworth,E09000032,archived (end-date populated)
brownfield-land,2024-09-02,1731782,2025-12-15,,,WBR/21/0003,376,POINT(-0.24515 51.44744),brownfield-land,authoritative,WBR/21/0003,2021-03-31,geography,,yes,,0.22,14,14,Completed on 02/09/2024,,not-owned-by-a-public-authority,2021-11-05,https://planning.wandsworth.gov.uk/Northgate/PlanningExplorer/DisplayAppDetails.aspx?AppNo=2019/4697,permissioned,other,,"Alton One O'clock Centre, Fontley Way",,"https://www.planning.data.gov.uk/map/?dataset=brownfield-land#51.46067,-0.15474,12.539228904066391z",376,Wandsworth,E09000032,archived (end-date populated)
brownfield-land,2023-05-12,1731786,2023-12-15,,,WBR/21/0007,376,POINT(-0.18931 51.44242),brownfield-land,authoritative,WBR/21/0007,2021-03-31,geography,,yes,,0.15,17,17,Completed on 12/05/2023,,not-owned-by-a-public-authority,2020-10-30,https://planning.wandsworth.gov.uk/Northgate/PlanningExplorer/DisplayAppDetails.aspx?AppNo=2019/1427,permissioned,full-planning-permission,,"150a-170 & 2-8 Thornsett Road, Penwith Road",,"https://www.planning.data.gov.uk/map/?dataset=brownfield-land#51.46067,-0.15474,12.539228904066391z",376,Wandsworth,E09000032,archived (end-date populated)
brownfield-land,2024-12-19,1731787,2025-12-15,,,WBR/21/0008,376,POINT(-0.16601 51.42456),brownfield-land,authoritative,WBR/21/0008,2021-03-31,geography,,yes,,0.03,8,8,Completed on 19/12/2024,,not-owned-by-a-public-authority,2020-10-28,https://planning.wandsworth.gov.uk/Northgate/PlanningExplorer/DisplayAppDetails.aspx?AppNo=2020/2172,permissioned,full-planning-permission,,38 Rookstone Road,,"https://www.planning.data.gov.uk/map/?dataset=brownfield-land#51.46067,-0.15474,12.539228904066391z",376,Wandsworth,E09000032,archived (end-date populated)
brownfield-land,2022-11-24,1731788,2023-12-15,,,WBR/21/0009,376,POINT(-0.16588 51.43562),brownfield-land,authoritative,WBR/21/0009,2021-03-31,geography,,yes,,0.05,8,8,Completed on 24/11/2022,,not-owned-by-a-public-authority,2021-03-31,https://planning.wandsworth.gov.uk/Northgate/PlanningExplorer/DisplayAppDetails.aspx?AppNo=2020/4838,permissioned,full-planning-permission,,56 Glenburnie Road,,"https://www.planning.data.gov.uk/map/?dataset=brownfield-land#51.46067,-0.15474,12.539228904066391z",376,Wandsworth,E09000032,archived (end-date populated)
brownfield-land,2023-06-14,1731792,2023-12-15,,,WBR/21/0013,376,POINT(-0.22342 51.46292),brownfield-land,authoritative,WBR/21/0013,2021-03-31,geography,,yes,,0.07,5,5,Previous planning application 2020/1463. Completed on 14/06/2023,,not-owned-by-a-public-authority,2021-08-31,https://planning.wandsworth.gov.uk/Northgate/PlanningExplorer/DisplayAppDetails.aspx?AppNo=2021/2382,permissioned,full-planning-permission,,336 Upper Richmond Road,,"https://www.planning.data.gov.uk/map/?dataset=brownfield-land#51.46067,-0.15474,12.539228904066391z",376,Wandsworth,E09000032,archived (end-date populated)
brownfield-land,2022-05-05,1731793,2023-12-15,,,WBR/21/0014,376,POINT(-0.16787 51.42888),brownfield-land,authoritative,WBR/21/0014,2021-03-31,geography,,yes,,0.1,6,6,Completed on 05/05/2022,,not-owned-by-a-public-authority,2020-11-30,https://planning.wandsworth.gov.uk/Northgate/PlanningExplorer/DisplayAppDetails.aspx?AppNo=2020/2061,permissioned,full-planning-permission,,"Broadway Studio, 28 Tooting High Street",,"https://www.planning.data.gov.uk/map/?dataset=brownfield-land#51.46067,-0.15474,12.539228904066391z",376,Wandsworth,E09000032,archived (end-date populated)
brownfield-land,2024-09-26,1731795,2025-12-15,,,WBR/21/0016,376,POINT(-0.16724 51.46168),brownfield-land,authoritative,WBR/21/0016,2021-03-31,geography,,yes,,0.02,7,7,Completed on 26/09/2024,,not-owned-by-a-public-authority,2020-11-02,https://planning.wandsworth.gov.uk/Northgate/PlanningExplorer/DisplayAppDetails.aspx?AppNo=2020/2483,permissioned,full-planning-permission,,61-63 St Johns Road,,"https://www.planning.data.gov.uk/map/?dataset=brownfield-land#51.46067,-0.15474,12.539228904066391z",376,Wandsworth,E09000032,archived (end-date populated)
brownfield-land,2022-12-15,1731807,2022-12-15,,,WBR/21/0029,376,POINT(-0.17968 51.46037),brownfield-land,authoritative,WBR/21/0029,2021-12-31,geography,,yes,,0.21,16,16,The minimum and maximum number of dwellings that the land is capable of supporting are estimates derived from the Urban Design Study (2022). The number of dwellings that the land can support can only be determined through the planning permission process.,,not-owned-by-a-public-authority,,https://www.wandsworth.gov.uk/planning-and-building-control/planning-policy/local-plan/draft-local-plan-publication/,not-permissioned,,,"Hazel Court, Haydon Way, Battersea, SW11 1YF",,"https://www.planning.data.gov.uk/map/?dataset=brownfield-land#51.46067,-0.15474,12.539228904066391z",376,Wandsworth,E09000032,archived (end-date populated)
brownfield-land,2021-09-03,1731823,2022-12-15,,,WBR/21/0045,376,POINT(-0.15405 51.44285),brownfield-land,authoritative,WBR/21/0045,2021-03-31,geography,,yes,,0.26,77,77,Completed on 03/09/2021,,not-owned-by-a-public-authority,2018-05-11,https://planning.wandsworth.gov.uk/Northgate/PlanningExplorer/DisplayAppDetails.aspx?AppNo=2018/1456,permissioned,other,,"Irene House, 218 Balham High Road",,"https://www.planning.data.gov.uk/map/?dataset=brownfield-land#51.46067,-0.15474,12.539228904066391z",376,Wandsworth,E09000032,archived (end-date populated)
brownfield-land,2022-12-15,1731827,2022-12-15,,,WBR/21/0049,376,POINT(-0.18002 51.46688),brownfield-land,authoritative,WBR/21/0049,2021-03-31,geography,,yes,,0.05,5,5,,,not-owned-by-a-public-authority,2016-08-10,https://planning.wandsworth.gov.uk/Northgate/PlanningExplorer/DisplayAppDetails.aspx?AppNo=2016/3447,permissioned,other,,"Spice Court, Ivory Square (Plantation Wharf)",,"https://www.planning.data.gov.uk/map/?dataset=brownfield-land#51.46067,-0.15474,12.539228904066391z",376,Wandsworth,E09000032,archived (end-date populated)
brownfield-land,2023-12-15,1731828,2023-12-15,,,WBR/21/0050,376,POINT(-0.17114 51.47999),brownfield-land,authoritative,WBR/21/0050,2021-03-31,geography,,yes,,0.11,28,28,,,not-owned-by-a-public-authority,2018-05-03,https://planning.wandsworth.gov.uk/Northgate/PlanningExplorer/DisplayAppDetails.aspx?AppNo=2018/1311,permissioned,other,,"Glassmill 1, 1 Battersea Bridge Road",,"https://www.planning.data.gov.uk/map/?dataset=brownfield-land#51.46067,-0.15474,12.539228904066391z",376,Wandsworth,E09000032,archived (end-date populated)
brownfield-land,2022-12-15,1731830,2022-12-15,,,WBR/21/0052,376,POINT(-0.1514 51.44495),brownfield-land,authoritative,WBR/21/0052,2021-03-31,geography,,yes,,0.03,7,7,,,not-owned-by-a-public-authority,2017-11-20,https://planning.wandsworth.gov.uk/Northgate/PlanningExplorer/DisplayAppDetails.aspx?AppNo=2017/5299,permissioned,other,,158-160 Balham High Road,,"https://www.planning.data.gov.uk/map/?dataset=brownfield-land#51.46067,-0.15474,12.539228904066391z",376,Wandsworth,E09000032,archived (end-date populated)
brownfield-land,2023-12-15,1731833,2023-12-15,,,WBR/21/0055,376,POINT(-0.20769 51.46339),brownfield-land,authoritative,WBR/21/0055,2021-03-31,geography,,yes,,0.02,6,6,,,not-owned-by-a-public-authority,2016-09-16,https://planning.wandsworth.gov.uk/Northgate/PlanningExplorer/DisplayAppDetails.aspx?AppNo=2016/4253,permissioned,other,,"Units 14 to 19 Blades Court, 121 Deodar Road",,"https://www.planning.data.gov.uk/map/?dataset=brownfield-land#51.46067,-0.15474,12.539228904066391z",376,Wandsworth,E09000032,archived (end-date populated)
brownfield-land,2022-12-15,1731834,2022-12-15,,,WBR/21/0056,376,POINT(-0.18002 51.46688),brownfield-land,authoritative,WBR/21/0056,2021-03-31,geography,,yes,,0.03,6,6,,,not-owned-by-a-public-authority,2016-06-22,https://planning.wandsworth.gov.uk/Northgate/PlanningExplorer/DisplayAppDetails.aspx?AppNo=2016/2392,permissioned,other,,"Units 3,4,5,6,7, & 8 Windward House, Square Rigger Row (Plantation Wharf)",,"https://www.planning.data.gov.uk/map/?dataset=brownfield-land#51.46067,-0.15474,12.539228904066391z",376,Wandsworth,E09000032,archived (end-date populated)
brownfield-land,2024-10-01,1731836,2025-12-15,,,WBR/22/0058,376,POINT(-0.175359 51.470371),brownfield-land,authoritative,WBR/22/0058,2022-12-15,geography,,yes,,0.92,6,6,Completed on 01/10/2024,,not-owned-by-a-public-authority,2021-10-19,https://planning.wandsworth.gov.uk/Northgate/PlanningExplorer/DisplayAppDetails.aspx?AppNo=2020/1276,permissioned,full-planning-permission,,"Badric Court Estate, Yelverton Road",,"https://www.planning.data.gov.uk/map/?dataset=brownfield-land#51.46067,-0.15474,12.539228904066391z",376,Wandsworth,E09000032,archived (end-date populated)
brownfield-land,2022-10-24,1731839,2023-12-15,,,WBR/22/0061,376,POINT(-0.15266 51.444153),brownfield-land,authoritative,WBR/22/0061,2022-12-15,geography,,yes,,0.01,5,5,Completed on 24/10/2022,,not-owned-by-a-public-authority,2019-12-02,https://planning.wandsworth.gov.uk/Northgate/PlanningExplorer/DisplayAppDetails.aspx?AppNo=2019/2977,permissioned,full-planning-permission,,180 Balham High Road,,"https://www.planning.data.gov.uk/map/?dataset=brownfield-land#51.46067,-0.15474,12.539228904066391z",376,Wandsworth,E09000032,archived (end-date populated)
brownfield-land,2025-02-28,1731843,2025-12-15,,,WBR/22/0065,376,POINT(-0.164982 51.441181),brownfield-land,authoritative,WBR/22/0065,2022-12-15,geography,,yes,,0.06,7,7,Completed on 28/02/2025,,not-owned-by-a-public-authority,2021-06-22,https://planning.wandsworth.gov.uk/Northgate/PlanningExplorer/DisplayAppDetails.aspx?AppNo=2021/0831,permissioned,full-planning-permission,,142 Trinity Road,,"https://www.planning.data.gov.uk/map/?dataset=brownfield-land#51.46067,-0.15474,12.539228904066391z",376,Wandsworth,E09000032,archived (end-date populated)
brownfield-land,2023-02-08,1731845,2023-12-15,,,WBR/22/0067,376,POINT(-0.185758 51.45868),brownfield-land,authoritative,WBR/22/0067,2022-12-15,geography,,yes,,0.03,8,8,Completed on 08/02/2023,,not-owned-by-a-public-authority,2021-05-06,https://planning.wandsworth.gov.uk/Northgate/PlanningExplorer/DisplayAppDetails.aspx?AppNo=2021/0907,permissioned,full-planning-permission,,"The East Hill, 21 Alma Road",,"https://www.planning.data.gov.uk/map/?dataset=brownfield-land#51.46067,-0.15474,12.539228904066391z",376,Wandsworth,E09000032,archived (end-date populated)
brownfield-land,2024-02-08,1731847,2024-12-17,,,WBR/22/0069,376,POINT(-0.167596 51.421169),brownfield-land,authoritative,WBR/22/0069,2022-12-15,geography,,yes,,0.04,5,5,,,owned-by-a-public-authority,2021-11-23,https://planning.wandsworth.gov.uk/Northgate/PlanningExplorer/DisplayAppDetails.aspx?AppNo=2021/2344,permissioned,full-planning-permission,,"Garages Rear of, 88 Longley Road",,"https://www.planning.data.gov.uk/map/?dataset=brownfield-land#51.46067,-0.15474,12.539228904066391z",376,Wandsworth,E09000032,archived (end-date populated)
brownfield-land,2022-12-16,1731848,2023-12-15,,,WBR/22/0070,376,POINT(-0.153486 51.442233),brownfield-land,authoritative,WBR/22/0070,2022-12-15,geography,,yes,,0.01,8,8,Completed on 16/12/2022.,,not-owned-by-a-public-authority,2022-02-22,https://planning.wandsworth.gov.uk/Northgate/PlanningExplorer/DisplayAppDetails.aspx?AppNo=2021/4367,permissioned,full-planning-permission,,"Station Parade, 10 Balham High Road",,"https://www.planning.data.gov.uk/map/?dataset=brownfield-land#51.46067,-0.15474,12.539228904066391z",376,Wandsworth,E09000032,archived (end-date populated)
brownfield-land,2024-05-31,1731849,2024-12-17,,,WBR/22/0071,376,POINT(-0.140622 51.425213),brownfield-land,authoritative,WBR/22/0071,2022-12-15,geography,,yes,,0.1,9,7,Previous application on site: 2021/3429. Completed on 31/05/2024,,not-owned-by-a-public-authority,2022-06-30,https://planning.wandsworth.gov.uk/Northgate/PlanningExplorer/DisplayAppDetails.aspx?AppNo=2022/0538,permissioned,full-planning-permission,,82-84 Mitcham Lane,,"https://www.planning.data.gov.uk/map/?dataset=brownfield-land#51.46067,-0.15474,12.539228904066391z",376,Wandsworth,E09000032,archived (end-date populated)
brownfield-land,2024-03-04,1731850,2024-12-17,,,WBR/22/0072,376,POINT(-0.151571 51.451879),brownfield-land,authoritative,WBR/22/0072,2022-12-15,geography,,,,0.02,5,5,,,not-owned-by-a-public-authority,2022-03-23,https://planning.wandsworth.gov.uk/Northgate/PlanningExplorer/DisplayAppDetails.aspx?AppNo=2021/5781,permissioned,full-planning-permission,,8 Alderbrook Road,,"https://www.planning.data.gov.uk/map/?dataset=brownfield-land#51.46067,-0.15474,12.539228904066391z",376,Wandsworth,E09000032,archived (end-date populated)
brownfield-land,2023-12-15,1731854,2023-12-15,,,WBR/22/0076,376,POINT(-0.168362 51.479345),brownfield-land,authoritative,WBR/22/0076,2022-12-15,geography,,yes,,0.348,2,2,,,not-owned-by-a-public-authority,2017-07-14,https://planning.wandsworth.gov.uk/Northgate/PlanningExplorer/DisplayAppDetails.aspx?AppNo=2017/3103,permissioned,other,,"Units 21,22 & 23 Ransomes Dock, 35-37 Parkgate Road (Ransomes Dock Business Centre)",,"https://www.planning.data.gov.uk/map/?dataset=brownfield-land#51.46067,-0.15474,12.539228904066391z",376,Wandsworth,E09000032,archived (end-date populated)
brownfield-land,2023-04-01,1731857,2024-12-17,,,WBR/22/0079,376,POINT(-0.168114 51.479071),brownfield-land,authoritative,WBR/22/0079,2022-12-15,geography,,yes,,0.27,1,1,,,not-owned-by-a-public-authority,2018-04-05,https://planning.wandsworth.gov.uk/Northgate/PlanningExplorer/DisplayAppDetails.aspx?AppNo=2018/0816,permissioned,other,,"Unit 11-12 Ransomes Dock Business Centre, 35-37 Parkgate Road (Ransomes Dock Business Centre)",,"https://www.planning.data.gov.uk/map/?dataset=brownfield-land#51.46067,-0.15474,12.539228904066391z",376,Wandsworth,E09000032,archived (end-date populated)
brownfield-land,2023-12-02,1732871,2024-09-01,,,RBR/17/0083,266,POINT(-0.293321 51.454137),brownfield-land,authoritative,RBR/17/0083,2022-12-14,geography,,yes,,0.124,12,12,,,not-owned-by-a-public-authority,2021-06-30,https://planning.richmond.gov.uk/richmond/application-details/?ref=19/2404/FUL,permissioned,full-planning-permission,,"Queens Road Estate, Queens Road, Richmond, TW10",,"https://www.planning.data.gov.uk/map/?dataset=brownfield-land#51.4541,-0.293321,17z",266,Richmond upon Thames,E09000027,archived (end-date populated)
brownfield-land,2022-12-22,1732872,2022-12-14,,,RBR/17/0084,266,POINT(-0.304834 51.460858),brownfield-land,authoritative,RBR/17/0084,2022-12-14,geography,,yes,,0.032,8,8,,,not-owned-by-a-public-authority,2021-11-09,https://planning.richmond.gov.uk/richmond/application-details/?ref=21/1521/FUL,permissioned,full-planning-permission,,"54 George Street, Richmond, TW9 1HJ",,"https://www.planning.data.gov.uk/map/?dataset=brownfield-land#51.4609,-0.304834,17z",266,Richmond upon Thames,E09000027,archived (end-date populated)
brownfield-land,2025-09-30,1732873,2025-12-15,,,RBR/17/0085,266,POINT(-0.328272 51.445672),brownfield-land,authoritative,RBR/17/0085,2022-12-14,geography,,yes,,0.72,45,45,,,owned-by-a-public-authority,2022-12-21,https://planning.richmond.gov.uk/richmond/application-details/?ref=21/2758/FUL,permissioned,full-planning-permission,,Twickenham Riverside,,"https://www.planning.data.gov.uk/map/?dataset=brownfield-land#51.4457,-0.328272,17z",266,Richmond upon Thames,E09000027,archived (end-date populated)
brownfield-land,2022-09-09,1732875,2022-12-14,,,RBR/17/0087,266,POINT(-0.362724 51.413831),brownfield-land,authoritative,RBR/17/0087,2022-12-14,geography,,,,0.01,5,5,,,not-owned-by-a-public-authority,2022-03-21,https://planning.richmond.gov.uk/richmond/application-details/?ref=22/0429/GPD26,permissioned,other,,"3 Mount Mews, Hampton, TW12 2SH",,"https://www.planning.data.gov.uk/map/?dataset=brownfield-land#51.4138,-0.362724,17z",266,Richmond upon Thames,E09000027,archived (end-date populated)
brownfield-land,2022-11-01,1732876,2022-12-14,,,RBR/17/0088,266,POINT(-0.379169 51.449872),brownfield-land,authoritative,RBR/17/0088,2022-12-14,geography,,yes,,0.054,15,15,,,not-owned-by-a-public-authority,2022-05-30,https://planning.richmond.gov.uk/richmond/application-details/?ref=21/0156/FUL,permissioned,full-planning-permission,,"672 Hanworth Road, Whitton TW4 5NP",,"https://www.planning.data.gov.uk/map/?dataset=brownfield-land#51.4499,-0.379169,17z",266,Richmond upon Thames,E09000027,archived (end-date populated)
brownfield-land,2024-06-03,1732877,2024-09-01,,,RBR/17/0089,266,POINT(-0.33713 51.424819),brownfield-land,authoritative,RBR/17/0089,2022-12-14,geography,,yes,,0.124,16,16,,,owned-by-a-public-authority,2022-06-23,https://planning.richmond.gov.uk/richmond/application-details/?ref=21/2533/FUL,permissioned,full-planning-permission,,"Elleray Hall Site North Lane Depot And East Car Park, Middle Lane, Teddington",,"https://www.planning.data.gov.uk/map/?dataset=brownfield-land#51.4248,-0.33713,17z",266,Richmond upon Thames,E09000027,archived (end-date populated)
brownfield-land,2024-12-31,1734717,2024-12-31,,,21/0519/FUL,48,POINT(-0.260133 51.594984),brownfield-land,authoritative,21/0519/FUL,2022-01-27,geography,,yes,,0.39,9,9,,,not-owned-by-a-public-authority,2021-06-14,https://publicaccess.barnet.gov.uk/online-applications/applicationDetails.do?activeTab=map&keyVal=QNUXC3JIIK700,permissioned,full-planning-permission,,Mar House 50 The Hyde London NW9 5NG,,https://publicaccess.barnet.gov.uk/online-applications/applicationDetails.do?activeTab=map&keyVal=QNUXC3JIIK700,48,Barnet,E09000003,archived (end-date populated)
brownfield-land,2024-12-31,1734718,2024-12-31,,,21/4063/RMA,48,POINT(-0.221775 51.571134),brownfield-land,authoritative,21/4063/RMA,2022-01-27,geography,,yes,,0.42,220,220,,,not-owned-by-a-public-authority,2021-10-22,https://publicaccess.barnet.gov.uk/online-applications/applicationDetails.do?activeTab=map&keyVal=QWLQ0EJI0I700,permissioned,reserved-matters-approval,,"Brent Cross Cricklewood Regeneration Area, North West London",,https://publicaccess.barnet.gov.uk/online-applications/applicationDetails.do?activeTab=map&keyVal=QWLQ0EJI0I700,48,Barnet,E09000003,archived (end-date populated)
brownfield-land,2024-12-31,1734720,2024-12-31,,,21/0263/FUL,48,POINT(-0.172293 51.575565),brownfield-land,authoritative,21/0263/FUL,2022-01-27,geography,,yes,,1,109,109,,,not-owned-by-a-public-authority,2021-09-13,https://publicaccess.barnet.gov.uk/online-applications/applicationDetails.do?activeTab=map&keyVal=QN51G7JIHYZ00,permissioned,full-planning-permission,,Barons Court 56 The Bishops Avenue London N2 0BE,,https://publicaccess.barnet.gov.uk/online-applications/applicationDetails.do?activeTab=map&keyVal=QN51G7JIHYZ00,48,Barnet,E09000003,archived (end-date populated)
brownfield-land,2024-12-31,1734721,2024-12-31,,,20/6133/FUL,48,POINT(-0.16423 51.586212),brownfield-land,authoritative,20/6133/FUL,2022-01-27,geography,,yes,,0.054,7,7,,,not-owned-by-a-public-authority,2021-03-24,https://publicaccess.barnet.gov.uk/online-applications/applicationDetails.do?activeTab=map&keyVal=QLJMSAJIGWZ00,permissioned,full-planning-permission,,5 Beaumont Close London N2 0GA,,https://publicaccess.barnet.gov.uk/online-applications/applicationDetails.do?activeTab=map&keyVal=QLJMSAJIGWZ00,48,Barnet,E09000003,archived (end-date populated)
brownfield-land,2024-12-31,1734722,2024-12-31,,,20/5753/FUL,48,POINT(-0.177073 51.614442),brownfield-land,authoritative,20/5753/FUL,2022-01-27,geography,,yes,,0.3,5,5,,,not-owned-by-a-public-authority,2020-08-20,https://publicaccess.barnet.gov.uk/online-applications/applicationDetails.do?activeTab=map&keyVal=QKM9DRJIG2Q00,permissioned,full-planning-permission,,751 High Road London N12 8LF,,https://publicaccess.barnet.gov.uk/online-applications/applicationDetails.do?activeTab=map&keyVal=QKM9DRJIG2Q00,48,Barnet,E09000003,archived (end-date populated)
brownfield-land,2024-12-31,1734725,2024-12-31,,,21/0070/RMA,48,POINT(-0.223778 51.569828),brownfield-land,authoritative,21/0070/RMA,2022-01-27,geography,,yes,,0.42,281,281,,,not-owned-by-a-public-authority,2021-04-08,https://publicaccess.barnet.gov.uk/online-applications/applicationDetails.do?activeTab=map&keyVal=QMIS1HJIHIY00,permissioned,reserved-matters-approval,,Brent Cross Cricklewood Regeneration Area,,https://publicaccess.barnet.gov.uk/online-applications/applicationDetails.do?activeTab=map&keyVal=QMIS1HJIHIY00,48,Barnet,E09000003,archived (end-date populated)
brownfield-land,2024-12-31,1734726,2024-12-31,,,20/5690/RMA,48,POINT(-0.223778 51.569828),brownfield-land,authoritative,20/5690/RMA,2022-01-27,geography,,yes,,0.42,356,356,,,not-owned-by-a-public-authority,2021-03-10,https://publicaccess.barnet.gov.uk/online-applications/applicationDetails.do?activeTab=map&keyVal=QKEUY5JI0DC00,permissioned,reserved-matters-approval,,Brent Cross Cricklewood Regeneration Area,,https://publicaccess.barnet.gov.uk/online-applications/applicationDetails.do?activeTab=map&keyVal=QKEUY5JI0DC00,48,Barnet,E09000003,archived (end-date populated)
brownfield-land,2024-12-31,1734727,2024-12-31,,,18/6409/RMA,48,POINT(-0.219355 51.571874),brownfield-land,authoritative,18/6409/RMA,2022-01-27,geography,,yes,,0.3,352,352,,,not-owned-by-a-public-authority,2019-01-11,https://publicaccess.barnet.gov.uk/online-applications/applicationDetails.do?activeTab=map&keyVal=PH57ZJJIGIT00,permissioned,reserved-matters-approval,,Land In The Vicinity Of Claremont Way Brent Cross Cricklewood Regeneration Area North West London,,https://publicaccess.barnet.gov.uk/online-applications/applicationDetails.do?activeTab=map&keyVal=PH57ZJJIGIT00,48,Barnet,E09000003,archived (end-date populated)
brownfield-land,2024-12-31,1734730,2024-12-31,,,18/4221/FUL,48,POINT(-0.182081 51.593567),brownfield-land,authoritative,18/4221/FUL,2022-01-27,geography,,yes,,0.4,15,15,,,not-owned-by-a-public-authority,2019-05-16,https://publicaccess.barnet.gov.uk/online-applications/applicationDetails.do?activeTab=map&keyVal=PBG6MRJIJW900,permissioned,full-planning-permission,,Carmelite Friars 63 East End Road London N2 0SE,,https://publicaccess.barnet.gov.uk/online-applications/applicationDetails.do?activeTab=map&keyVal=PBG6MRJIJW900,48,Barnet,E09000003,archived (end-date populated)
brownfield-land,2024-12-31,1734732,2024-12-31,,,18/5822/FUL,48,POINT(-0.163605 51.58738),brownfield-land,authoritative,18/5822/FUL,2022-01-27,geography,,yes,,0.14,24,24,,,not-owned-by-a-public-authority,2020-06-17,https://publicaccess.barnet.gov.uk/online-applications/applicationDetails.do?activeTab=map&keyVal=PFRQL4JIN4L00,permissioned,full-planning-permission,,12 - 18 High Road London N2 9PJ,,https://publicaccess.barnet.gov.uk/online-applications/applicationDetails.do?activeTab=map&keyVal=PFRQL4JIN4L00,48,Barnet,E09000003,archived (end-date populated)
brownfield-land,2024-12-31,1734735,2024-12-31,,,20/1111/FUL,48,POINT(-0.228117 51.584398),brownfield-land,authoritative,20/1111/FUL,2022-01-27,geography,,yes,,3.2,60,60,,,not-owned-by-a-public-authority,2022-12-20,https://publicaccess.barnet.gov.uk/online-applications/applicationDetails.do?activeTab=map&keyVal=PQVATBJI0DC00,permissioned,full-planning-permission,,Fosters Estate London NW4 2DL,,https://publicaccess.barnet.gov.uk/online-applications/applicationDetails.do?activeTab=map&keyVal=PQVATBJI0DC00,48,Barnet,E09000003,archived (end-date populated)
brownfield-land,2024-12-31,1734736,2024-12-31,,,19/2517/FUL,48,POINT(-0.222699 51.586375),brownfield-land,authoritative,19/2517/FUL,2022-01-27,geography,,yes,,3.19,217,217,,,not-owned-by-a-public-authority,2021-01-28,https://publicaccess.barnet.gov.uk/online-applications/applicationDetails.do?activeTab=map&keyVal=PQVATBJI0DC00,permissioned,full-planning-permission,,Fosters Estate London NW4 2DL,,https://publicaccess.barnet.gov.uk/online-applications/applicationDetails.do?activeTab=map&keyVal=PQVATBJI0DC00,48,Barnet,E09000003,archived (end-date populated)
brownfield-land,2024-12-31,1734745,2024-12-31,,,21/0274/OUT,48,POINT(-0.271248 51.606478),brownfield-land,authoritative,21/0274/OUT,2022-01-27,geography,,yes,,0.38,129,129,,,not-owned-by-a-public-authority,2022-09-07,https://publicaccess.barnet.gov.uk/online-applications/applicationDetails.do?activeTab=map&keyVal=QN6T9GJII0E00,permissioned,outline-planning-permission,,Edgware Community Hospital Burnt Oak Broadway Edgware HA8 0AD,,https://publicaccess.barnet.gov.uk/online-applications/applicationDetails.do?activeTab=map&keyVal=QN6T9GJII0E00,48,Barnet,E09000003,archived (end-date populated)
brownfield-land,2024-12-31,1734748,2024-12-31,,,20/6320/FUL,48,POINT(-0.277117 51.612059),brownfield-land,authoritative,20/6320/FUL,2022-01-27,geography,,yes,,0.9,279,279,,,not-owned-by-a-public-authority,2022-12-15,https://publicaccess.barnet.gov.uk/online-applications/applicationDetails.do?activeTab=map&keyVal=QM5RWLJIHBI00,permissioned,full-planning-permission,,Premier House 112 Station Road Edgware HA8 7BJ,,https://publicaccess.barnet.gov.uk/online-applications/applicationDetails.do?activeTab=map&keyVal=QM5RWLJIHBI00,48,Barnet,E09000003,archived (end-date populated)
brownfield-land,2024-12-31,1734749,2024-12-31,,,22/1308/FUL,48,POINT(-0.1531 51.602584),brownfield-land,authoritative,22/1308/FUL,2022-01-27,geography,,yes,,0.57,15,15,,,not-owned-by-a-public-authority,2022-12-08,https://publicaccess.barnet.gov.uk/online-applications/applicationDetails.do?activeTab=map&keyVal=R8L83DJIJOQ00,permissioned,full-planning-permission,,Land Adj To 114 Coppetts Road London N10 1JS,,https://publicaccess.barnet.gov.uk/online-applications/applicationDetails.do?activeTab=map&keyVal=R8L83DJIJOQ00,48,Barnet,E09000003,archived (end-date populated)
brownfield-land,2024-12-31,1734752,2024-12-31,,,22/3385/FUL,48,POINT(-0.177903 51.599114),brownfield-land,authoritative,22/3385/FUL,2022-01-27,geography,,yes,,0.25,58,58,,,not-owned-by-a-public-authority,2022-12-28,https://publicaccess.barnet.gov.uk/online-applications/applicationDetails.do?activeTab=map&keyVal=RE8VEYJI0I700,permissioned,full-planning-permission,,Dolman Close London N3 2EX,,https://publicaccess.barnet.gov.uk/online-applications/applicationDetails.do?activeTab=map&keyVal=RE8VEYJI0I700,48,Barnet,E09000003,archived (end-date populated)
brownfield-land,2024-12-31,1734754,2024-12-31,,,21/2485/FUL,48,POINT(-0.233493 51.573095),brownfield-land,authoritative,21/2485/FUL,2022-01-27,geography,,yes,,0.3,64,64,,,not-owned-by-a-public-authority,2022-03-15,https://publicaccess.barnet.gov.uk/online-applications/applicationDetails.do?activeTab=map&keyVal=QSLAR6JIMN600,permissioned,full-planning-permission,,Brent Cottage Brent Park Road London NW9 7AP,,https://publicaccess.barnet.gov.uk/online-applications/applicationDetails.do?activeTab=map&keyVal=QSLAR6JIMN600,48,Barnet,E09000003,archived (end-date populated)
brownfield-land,2023-12-01,1734914,2024-09-01,,,RBR/17/0091,266,POINT(-0.370077 51.45208),brownfield-land,authoritative,RBR/17/0091,2023-12-14,geography,,yes,,0.187,8,8,,,not-owned-by-a-public-authority,2022-08-12,https://planning.richmond.gov.uk/richmond/application-details/?ref=21/3140/FUL,permissioned,full-planning-permission,,"38 - 42 Vincam Close, Twickenham",,"https://www.planning.data.gov.uk/map/?dataset=brownfield-land#51.45208,-0.370077,17z",266,Richmond upon Thames,E09000027,archived (end-date populated)
brownfield-land,2023-09-04,1734915,2023-12-14,,,RBR/17/0092,266,POINT(-0.353601 51.455747),brownfield-land,authoritative,RBR/17/0092,2023-12-14,geography,,,,0.055,7,7,,,not-owned-by-a-public-authority,2022-08-22,https://planning.richmond.gov.uk/richmond/application-details/?ref=21/3188/FUL,permissioned,full-planning-permission,,"Adjacent To 118 Kneller Road, Twickenham, Hounslow TW2 7DX",,"https://www.planning.data.gov.uk/map/?dataset=brownfield-land#51.455747,-0.353601,17z",266,Richmond upon Thames,E09000027,archived (end-date populated)
brownfield-land,2024-03-01,1734916,2024-12-19,,,RBR/17/0093,266,POINT(-0.297715 51.465466),brownfield-land,authoritative,RBR/17/0093,2023-12-14,geography,,yes,,0.061,14,14,,,not-owned-by-a-public-authority,2022-11-07,https://planning.richmond.gov.uk/richmond/application-details/?ref=22/0399/FUL,permissioned,full-planning-permission,,"47A 47 And 49 Lower Mortlake Road, Richmond",,"https://www.planning.data.gov.uk/map/?dataset=brownfield-land#51.465466,-0.297715,17z",266,Richmond upon Thames,E09000027,archived (end-date populated)
brownfield-land,2023-10-23,1734918,2023-12-14,,,RBR/17/0095,266,POINT(-0.291916 51.463106),brownfield-land,authoritative,RBR/17/0095,2023-12-14,geography,,,,0.107,5,5,,,not-owned-by-a-public-authority,2023-01-19,https://planning.richmond.gov.uk/richmond/application-details/?ref=22/2082/FUL,permissioned,full-planning-permission,,"Garages Rear Of, 20 - 34 St Marys Grove, Richmond",,"https://www.planning.data.gov.uk/map/?dataset=brownfield-land#51.463106,-0.291916,17z",266,Richmond upon Thames,E09000027,archived (end-date populated)
brownfield-land,2023-07-17,1734919,2024-09-01,,,RBR/17/0096,266,POINT(-0.312411 51.413183),brownfield-land,authoritative,RBR/17/0096,2023-12-14,geography,,yes,,0.016,5,5,,,not-owned-by-a-public-authority,2023-07-17,https://planning.richmond.gov.uk/richmond/application-details/?ref=23/1471/GPD26,permissioned,other,,"12 Park Road, Hampton Wick, Kingston Upon Thames, KT1 4AS",,"https://www.planning.data.gov.uk/map/?dataset=brownfield-land#51.413183,-0.312411,17z",266,Richmond upon Thames,E09000027,archived (end-date populated)
brownfield-land,2024-01-07,1734923,2024-09-01,,,RBR/17/0100,266,POINT(-0.32265 51.42096),brownfield-land,authoritative,RBR/17/0100,2023-12-14,geography,,yes,,0.269,6,6,,,not-owned-by-a-public-authority,2023-04-05,https://planning.richmond.gov.uk/richmond/application-details/?ref=21/2208/FUL,permissioned,full-planning-permission,,"Potterill Court, Harlequin Road, Teddington",,"https://www.planning.data.gov.uk/map/?dataset=brownfield-land#51.42096,-0.322653,17z",266,Richmond upon Thames,E09000027,archived (end-date populated)
brownfield-land,2023-12-20,1736001,2021-12-15,,,BLR093,192,POINT(-0.119051 51.453798),brownfield-land,authoritative,BLR093,2021-12-15,geography,,yes,,0.05,5,5,,,not-owned-by-a-public-authority,2021-10-03,https://planning.lambeth.gov.uk/online-applications/applicationDetails.do?keyVal=QFF6N8BOHVJ00&activeTab=summary,permissioned,full-planning-permission,,Raleigh Park Baptist Church Arodene Road,,http://lambethopenmappingdata-lambethcouncil.opendata.arcgis.com/datasets/brownfield-land-register,192,Lambeth,E09000022,archived (end-date populated)
brownfield-land,2023-12-20,1736002,2022-12-15,,,BLR094,192,POINT(-0.137764 51.464016),brownfield-land,authoritative,BLR094,2021-12-15,geography,,yes,,0.07,9,9,,,not-owned-by-a-public-authority,2022-08-16,https://planning.lambeth.gov.uk/online-applications/applicationDetails.do?activeTab=summary&keyVal=R7VB4BBOJ2500,permissioned,full-planning-permission,,128 Stonhouse Street,,http://lambethopenmappingdata-lambethcouncil.opendata.arcgis.com/datasets/brownfield-land-register,192,Lambeth,E09000022,archived (end-date populated)
brownfield-land,2023-12-20,1736003,2021-12-15,,,BLR095,192,POINT(-0.122466 51.4537),brownfield-land,authoritative,BLR095,2021-12-15,geography,,yes,,0.08,17,17,,,not-owned-by-a-public-authority,2021-07-19,https://planning.lambeth.gov.uk/online-applications/applicationDetails.do?keyVal=PYE6ELBOL7F00&activeTab=summary,permissioned,full-planning-permission,,Land Between 29 And 31 Blenheim Gardens,,http://lambethopenmappingdata-lambethcouncil.opendata.arcgis.com/datasets/brownfield-land-register,192,Lambeth,E09000022,archived (end-date populated)
brownfield-land,2022-12-15,1736004,2021-12-15,,,BLR096,192,POINT(-0.106462 51.423407),brownfield-land,authoritative,BLR096,2021-12-15,geography,,yes,,0.11,9,9,,,not-owned-by-a-public-authority,2021-08-26,https://planning.lambeth.gov.uk/online-applications/applicationDetails.do?keyVal=QEJP46BOH8E00&activeTab=summary,permissioned,full-planning-permission,,Rear Of 260 Knight's Hill,,http://lambethopenmappingdata-lambethcouncil.opendata.arcgis.com/datasets/brownfield-land-register,192,Lambeth,E09000022,archived (end-date populated)
brownfield-land,2023-12-20,1736005,2021-12-15,,,BLR097,192,POINT(-0.144358 51.467915),brownfield-land,authoritative,BLR097,2021-12-15,geography,,yes,,0.05,9,9,,,not-owned-by-a-public-authority,2021-06-08,https://planning.lambeth.gov.uk/online-applications/applicationDetails.do?activeTab=summary&keyVal=Q87Y3BBOK9600,permissioned,full-planning-permission,,693 - 697 Wandsworth Road,,http://lambethopenmappingdata-lambethcouncil.opendata.arcgis.com/datasets/brownfield-land-register,192,Lambeth,E09000022,archived (end-date populated)
brownfield-land,2022-12-15,1736008,2021-12-15,,,BLR100,192,POINT(-0.105527 51.440802),brownfield-land,authoritative,BLR100,2021-12-15,geography,,yes,,0.03,7,7,,,not-owned-by-a-public-authority,2021-01-22,https://planning.lambeth.gov.uk/online-applications/applicationDetails.do?keyVal=PRJVROBOG2I00&activeTab=summary,permissioned,full-planning-permission,,Rear Of 341 - 343 Norwood Road,,http://lambethopenmappingdata-lambethcouncil.opendata.arcgis.com/datasets/brownfield-land-register,192,Lambeth,E09000022,archived (end-date populated)
brownfield-land,2022-12-15,1736009,2021-12-15,,,BLR101,192,POINT(-0.150257 51.464088),brownfield-land,authoritative,BLR101,2021-12-15,geography,,yes,,0.25,8,8,,,not-owned-by-a-public-authority,2021-01-06,https://planning.lambeth.gov.uk/online-applications/applicationDetails.do?keyVal=Q3OMM8BOH3T00&activeTab=summary,permissioned,full-planning-permission,,Cedars Lodge 113-117 Cedars Road,,http://lambethopenmappingdata-lambethcouncil.opendata.arcgis.com/datasets/brownfield-land-register,192,Lambeth,E09000022,archived (end-date populated)
brownfield-land,2022-12-15,1736015,2021-12-15,,,BLR107,192,POINT(-0.134086 51.418644),brownfield-land,authoritative,BLR107,2021-12-15,geography,,yes,,0.08,9,9,,,not-owned-by-a-public-authority,2021-07-16,https://planning.lambeth.gov.uk/online-applications/applicationDetails.do?keyVal=QHKXZZBOK5B00&activeTab=summary,permissioned,full-planning-permission,,16 To 22 Greyhound Lane,,http://lambethopenmappingdata-lambethcouncil.opendata.arcgis.com/datasets/brownfield-land-register,192,Lambeth,E09000022,archived (end-date populated)
brownfield-land,2025-12-20,1736017,2021-12-15,,,BLR109,192,POINT(-0.125513 51.459792),brownfield-land,authoritative,BLR109,2021-12-15,geography,,yes,,0.02,2,2,,,not-owned-by-a-public-authority,2021-08-10,https://planning.lambeth.gov.uk/online-applications/applicationDetails.do?activeTab=summary&keyVal=QLHKZ3BOGG900,permissioned,full-planning-permission,,152-154 Acre Lane,,http://lambethopenmappingdata-lambethcouncil.opendata.arcgis.com/datasets/brownfield-land-register,192,Lambeth,E09000022,archived (end-date populated)
brownfield-land,2023-12-20,1736018,2021-12-15,,,BLR110,192,POINT(-0.112576 51.465268),brownfield-land,authoritative,BLR110,2021-12-15,geography,,yes,,0.05,8,8,,,not-owned-by-a-public-authority,2021-01-10,https://planning.lambeth.gov.uk/online-applications/applicationDetails.do?activeTab=summary&keyVal=QNYO5RBOJ0V00,permissioned,full-planning-permission,,3-5 Gresham Road,,http://lambethopenmappingdata-lambethcouncil.opendata.arcgis.com/datasets/brownfield-land-register,192,Lambeth,E09000022,archived (end-date populated)
brownfield-land,2023-12-20,1736019,2021-12-15,,,BLR111,192,POINT(-0.123843 51.465772),brownfield-land,authoritative,BLR111,2021-12-15,geography,,yes,,0.12,14,14,,,not-owned-by-a-public-authority,2021-11-18,https://planning.lambeth.gov.uk/online-applications/applicationDetails.do?activeTab=summary&keyVal=PS0JB5BOGGJ00,permissioned,full-planning-permission,,108A Landor Road,,http://lambethopenmappingdata-lambethcouncil.opendata.arcgis.com/datasets/brownfield-land-register,192,Lambeth,E09000022,archived (end-date populated)
brownfield-land,2025-12-20,1736020,2022-12-15,,,BLR112,192,POINT(-0.132508 51.455245),brownfield-land,authoritative,BLR112,2022-12-15,geography,,yes,,0.06,9,9,,,not-owned-by-a-public-authority,2021-10-12,https://planning.lambeth.gov.uk/online-applications/applicationDetails.do?activeTab=summary&keyVal=QTRTZ9BOICS00,permissioned,full-planning-permission,,Site Of 12 Rodenhurst Road,,http://lambethopenmappingdata-lambethcouncil.opendata.arcgis.com/datasets/brownfield-land-register,192,Lambeth,E09000022,archived (end-date populated)
brownfield-land,2023-12-20,1736022,2022-12-15,,,BLR114,192,POINT(-0.099411 51.469587),brownfield-land,authoritative,BLR114,2022-12-15,geography,,yes,,1.06,307,307,,,not-owned-by-a-public-authority,2021-12-20,https://planning.lambeth.gov.uk/online-applications/applicationDetails.do?activeTab=summary&keyVal=QHD9R4BO08M00,permissioned,full-planning-permission,,"Geoffrey Close Estate, Off Flaxman Road, Camberwell",,http://lambethopenmappingdata-lambethcouncil.opendata.arcgis.com/datasets/brownfield-land-register,192,Lambeth,E09000022,archived (end-date populated)
brownfield-land,2023-12-20,1736024,2022-12-15,,,BLR116,192,POINT(-0.126945 51.419879),brownfield-land,authoritative,BLR116,2022-12-15,geography,,yes,,0.03,8,8,,,not-owned-by-a-public-authority,2021-12-24,https://planning.lambeth.gov.uk/online-applications/applicationDetails.do?activeTab=summary&keyVal=QKD1FUBOMZ500,permissioned,full-planning-permission,,Central Garage Voss Court,,http://lambethopenmappingdata-lambethcouncil.opendata.arcgis.com/datasets/brownfield-land-register,192,Lambeth,E09000022,archived (end-date populated)
brownfield-land,2024-12-20,1736026,2022-12-15,,,BLR118,192,POINT(-0.099734 51.434422),brownfield-land,authoritative,BLR118,2022-12-15,geography,,yes,,0.03,4,4,,,not-owned-by-a-public-authority,2021-12-31,https://planning.lambeth.gov.uk/online-applications/applicationDetails.do?activeTab=summary&keyVal=QPB4K0BOKNB00,permissioned,full-planning-permission,,24 Robson Road,,http://lambethopenmappingdata-lambethcouncil.opendata.arcgis.com/datasets/brownfield-land-register,192,Lambeth,E09000022,archived (end-date populated)
brownfield-land,2024-12-20,1736027,2022-12-15,,,BLR119,192,POINT(-0.088727 51.422364),brownfield-land,authoritative,BLR119,2022-12-15,geography,,yes,,0.01,8,8,,,not-owned-by-a-public-authority,2022-04-02,https://planning.lambeth.gov.uk/online-applications/applicationDetails.do?activeTab=summary&keyVal=PTRER8BO08P00,permissioned,full-planning-permission,,77 Alexandra Drive,,http://lambethopenmappingdata-lambethcouncil.opendata.arcgis.com/datasets/brownfield-land-register,192,Lambeth,E09000022,archived (end-date populated)
brownfield-land,2025-12-20,1736028,2022-12-15,,,BLR120,192,POINT(-0.136704 51.462821),brownfield-land,authoritative,BLR120,2022-12-15,geography,,yes,,0.06,5,5,,,not-owned-by-a-public-authority,2022-02-03,https://planning.lambeth.gov.uk/online-applications/applicationDetails.do?activeTab=summary&keyVal=PQQ1ZNBOFFV00,permissioned,full-planning-permission,,Land Adjacent To 156 Stonhouse Street,,http://lambethopenmappingdata-lambethcouncil.opendata.arcgis.com/datasets/brownfield-land-register,192,Lambeth,E09000022,archived (end-date populated)
brownfield-land,2025-12-20,1736029,2022-12-15,,,BLR121,192,POINT(-0.103022 51.465141),brownfield-land,authoritative,BLR121,2022-12-15,geography,,yes,,0.02,5,5,,,not-owned-by-a-public-authority,2022-03-17,https://planning.lambeth.gov.uk/online-applications/applicationDetails.do?activeTab=summary&keyVal=QPBCWIBOKNG00,permissioned,full-planning-permission,,235-237 Coldharbour Lane,,http://lambethopenmappingdata-lambethcouncil.opendata.arcgis.com/datasets/brownfield-land-register,192,Lambeth,E09000022,archived (end-date populated)
brownfield-land,2025-12-20,1736030,2022-12-15,,,BLR122,192,POINT(-0.095711 51.458511),brownfield-land,authoritative,BLR122,2022-12-15,geography,,yes,,0.1,9,9,,,not-owned-by-a-public-authority,2022-04-14,https://planning.lambeth.gov.uk/online-applications/applicationDetails.do?activeTab=summary&keyVal=QB956FBOM7500,permissioned,full-planning-permission,,Land Rear Of 18-24 Herne Hill,,http://lambethopenmappingdata-lambethcouncil.opendata.arcgis.com/datasets/brownfield-land-register,192,Lambeth,E09000022,archived (end-date populated)
brownfield-land,2023-12-20,1736032,2022-12-15,,,BLR124,192,POINT(-0.103538 51.436013),brownfield-land,authoritative,BLR124,2022-12-15,geography,,yes,,0.58,8,8,,,not-owned-by-a-public-authority,2022-06-05,https://planning.lambeth.gov.uk/online-applications/applicationDetails.do?activeTab=summary&keyVal=QBTJSUBOMMW00,permissioned,full-planning-permission,,21-27 Dalton Street,,http://lambethopenmappingdata-lambethcouncil.opendata.arcgis.com/datasets/brownfield-land-register,192,Lambeth,E09000022,archived (end-date populated)
brownfield-land,2025-12-20,1736033,2022-12-15,,,BLR125,192,POINT(-0.114309 51.437895),brownfield-land,authoritative,BLR125,2022-12-15,geography,,yes,,0.06,7,7,,,not-owned-by-a-public-authority,2022-08-19,https://planning.lambeth.gov.uk/online-applications/applicationDetails.do?activeTab=summary&keyVal=QX0ITUBOM8400,permissioned,full-planning-permission,,89 Kingsmead Road,,http://lambethopenmappingdata-lambethcouncil.opendata.arcgis.com/datasets/brownfield-land-register,192,Lambeth,E09000022,archived (end-date populated)
brownfield-land,2023-12-20,1736034,2022-12-15,,,BLR126,192,POINT(-0.143318 51.452755),brownfield-land,authoritative,BLR126,2022-12-15,geography,,yes,,0.03,4,4,,,not-owned-by-a-public-authority,2022-06-10,https://planning.lambeth.gov.uk/online-applications/applicationDetails.do?activeTab=summary&keyVal=R3G29RBOLPF00,permissioned,full-planning-permission,,72 Cavendish Road,,http://lambethopenmappingdata-lambethcouncil.opendata.arcgis.com/datasets/brownfield-land-register,192,Lambeth,E09000022,archived (end-date populated)
brownfield-land,2024-12-20,1736035,2022-12-15,,,BLR127,192,POINT(-0.114202 51.487991),brownfield-land,authoritative,BLR127,2022-12-15,geography,,yes,,0.05,9,9,,,not-owned-by-a-public-authority,2022-07-10,https://planning.lambeth.gov.uk/online-applications/applicationDetails.do?activeTab=summary&keyVal=R4IY5SBON2T00,permissioned,full-planning-permission,,Alford House Aveline Street,,http://lambethopenmappingdata-lambethcouncil.opendata.arcgis.com/datasets/brownfield-land-register,192,Lambeth,E09000022,archived (end-date populated)
brownfield-land,2025-12-20,1736036,2022-12-15,,,BLR128,192,POINT(-0.096036 51.428553),brownfield-land,authoritative,BLR128,2022-12-15,geography,,yes,,0.03,6,6,,,not-owned-by-a-public-authority,2022-07-10,https://planning.lambeth.gov.uk/online-applications/applicationDetails.do?activeTab=summary&keyVal=QD21RWBOG2R00,permissioned,full-planning-permission,,Land Adjacent To 1 Auckland Hill,,http://lambethopenmappingdata-lambethcouncil.opendata.arcgis.com/datasets/brownfield-land-register,192,Lambeth,E09000022,archived (end-date populated)
brownfield-land,2025-12-20,1736037,2022-12-15,,,BLR129,192,POINT(-0.100327 51.430871),brownfield-land,authoritative,BLR129,2022-12-15,geography,,yes,,0.03,7,7,,,not-owned-by-a-public-authority,2022-11-24,https://planning.lambeth.gov.uk/online-applications/applicationDetails.do?activeTab=summary&keyVal=R8W1UEBOKQT00,permissioned,full-planning-permission,,193 Auckland Hill,,http://lambethopenmappingdata-lambethcouncil.opendata.arcgis.com/datasets/brownfield-land-register,192,Lambeth,E09000022,archived (end-date populated)
brownfield-land,2024-12-20,1736038,2023-12-20,,,BLR130,192,POINT(-0.098445 51.424572),brownfield-land,authoritative,BLR130,2023-12-20,geography,,yes,,0.02,5,5,,,not-owned-by-a-public-authority,2022-02-12,https://planning.lambeth.gov.uk/online-applications/applicationDetails.do?activeTab=summary&keyVal=R6Z86WBOHQC00,permissioned,full-planning-permission,,Park Tavern 56 Elder Road,,http://lambethopenmappingdata-lambethcouncil.opendata.arcgis.com/datasets/brownfield-land-register,192,Lambeth,E09000022,archived (end-date populated)
brownfield-land,2024-12-20,1736039,2023-12-20,,,BLR131,192,POINT(-0.104026 51.434303),brownfield-land,authoritative,BLR131,2023-12-20,geography,,yes,,0.01,3,3,,,not-owned-by-a-public-authority,2023-01-18,https://planning.lambeth.gov.uk/online-applications/applicationDetails.do?activeTab=summary&keyVal=R0VCV2BOIGY00,permissioned,full-planning-permission,,362 Norwood Road,,http://lambethopenmappingdata-lambethcouncil.opendata.arcgis.com/datasets/brownfield-land-register,192,Lambeth,E09000022,archived (end-date populated)
brownfield-land,2024-12-20,1736042,2023-12-20,,,BLR134,192,POINT(-0.142491 51.452913),brownfield-land,authoritative,BLR134,2023-12-20,geography,,yes,,0.11,15,15,,,not-owned-by-a-public-authority,2023-03-31,https://planning.lambeth.gov.uk/online-applications/applicationDetails.do?activeTab=summary&keyVal=QU2YI1BOINB00,permissioned,full-planning-permission,,Police Station 47 Cavendish Road,,http://lambethopenmappingdata-lambethcouncil.opendata.arcgis.com/datasets/brownfield-land-register,192,Lambeth,E09000022,archived (end-date populated)
brownfield-land,2025-12-20,1736044,2023-12-20,,,BLR136,192,POINT(-0.106591 51.457168),brownfield-land,authoritative,BLR136,2023-12-20,geography,,yes,,0.05,5,5,,,not-owned-by-a-public-authority,2023-05-18,https://planning.lambeth.gov.uk/online-applications/applicationDetails.do?activeTab=summary&keyVal=RITOEWBOG4K00,permissioned,full-planning-permission,,141 - 149 Railton Road,,http://lambethopenmappingdata-lambethcouncil.opendata.arcgis.com/datasets/brownfield-land-register,192,Lambeth,E09000022,archived (end-date populated)
brownfield-land,2025-12-20,1736046,2023-12-20,,,BLR138,192,POINT(-0.128563 51.436613),brownfield-land,authoritative,BLR138,2023-12-20,geography,,yes,,0.11,6,4,,,not-owned-by-a-public-authority,2023-04-08,https://planning.lambeth.gov.uk/online-applications/applicationDetails.do?activeTab=summary&keyVal=RX0CL9BO01I00,permissioned,permission-in-principle,,Land To The Rear Of 60-62 Streatham High Road,,http://lambethopenmappingdata-lambethcouncil.opendata.arcgis.com/datasets/brownfield-land-register,192,Lambeth,E09000022,archived (end-date populated)
brownfield-land,2025-12-20,1736048,2023-12-20,,,BLR140,192,POINT(-0.106316 51.462424),brownfield-land,authoritative,BLR140,2023-12-20,geography,,yes,,0.07,3,3,,,not-owned-by-a-public-authority,2023-09-10,https://planning.lambeth.gov.uk/online-applications/applicationDetails.do?activeTab=summary&keyVal=RSOOMHBO09600,permissioned,full-planning-permission,,7 Moorland Road,,http://lambethopenmappingdata-lambethcouncil.opendata.arcgis.com/datasets/brownfield-land-register,192,Lambeth,E09000022,archived (end-date populated)
brownfield-land,2025-12-20,1736050,2023-12-20,,,BLR142,192,POINT(-0.113074 51.438891),brownfield-land,authoritative,BLR142,2023-12-20,geography,,yes,,0.26,3,3,,,not-owned-by-a-public-authority,2023-03-11,https://planning.lambeth.gov.uk/online-applications/applicationDetails.do?activeTab=summary&keyVal=R7EQHHBOIC700,permissioned,full-planning-permission,,Garages by 78 Kingsmead Road And 64 Palace Road,,http://lambethopenmappingdata-lambethcouncil.opendata.arcgis.com/datasets/brownfield-land-register,192,Lambeth,E09000022,archived (end-date populated)
brownfield-land,2024-12-06,1736084,2021-11-11,,,LG009,198,POINT(-0.0014 51.4581),brownfield-land,authoritative,LG009,2021-11-11,geography,,yes,,0.07,8,8,DC/20/118906 for residential development to provide 6 x two bedroom and 2 x three bedroom self-contained flats,,not-owned-by-a-public-authority,2021-01-28,,permissioned,full-planning-permission,,1 Manor Park,,https://lewisham.gov.uk/brownfieldregister,198,Lewisham,E09000023,archived (end-date populated)
brownfield-land,2023-11-14,1736085,2021-11-11,,,NX021,198,POINT(-0.0223 51.4766),brownfield-land,authoritative,NX021,2021-11-11,geography,,yes,,0.16,56,56,DC/18/106708 for mixed use development including 56 residential units and office space (B1),,not-owned-by-a-public-authority,2020-05-22,,permissioned,full-planning-permission,,1 Creekside,,https://lewisham.gov.uk/brownfieldregister,198,Lewisham,E09000023,archived (end-date populated)
brownfield-land,2025-12-10,1736089,2022-10-25,,,PV011,198,POINT(-0.0501 51.4402),brownfield-land,authoritative,PV011,2022-10-25,geography,,yes,,0.05,6,6,21/121259 for residential development including 5 flats.,,not-owned-by-a-public-authority,2021-08-09,,permissioned,full-planning-permission,,4 Waldram Park Road,,https://lewisham.gov.uk/brownfieldregister,198,Lewisham,E09000023,archived (end-date populated)
brownfield-land,2024-12-06,1736090,2022-10-25,,,PV012,198,POINT(-0.0341 51.445),brownfield-land,authoritative,PV012,2022-10-25,geography,,yes,,0.15,9,9,21/123262 for residential development including 9 dwellings.,,not-owned-by-a-public-authority,2022-02-25,,permissioned,full-planning-permission,,Rear of 4-24 Blythe Vale,,https://lewisham.gov.uk/brownfieldregister,198,Lewisham,E09000023,archived (end-date populated)
brownfield-land,2025-12-09,1736094,2025-12-09,,,RG016,198,POINT(-0.0147 51.4481),brownfield-land,authoritative,RG016,2025-12-09,geography,,yes,,0.05,6,6,22/126746 for residential development including 6 flats.,,owned-by-a-public-authority,2023-04-06,,permissioned,full-planning-permission,,19-21 Brownhill Road,,https://lewisham.gov.uk/brownfieldregister,198,Lewisham,E09000023,archived (end-date populated)
brownfield-land,2023-11-14,1736098,2022-10-25,,,SD017,198,POINT(-0.0724 51.4264),brownfield-land,authoritative,SD017,2022-10-25,geography,,yes,,0.17,8,8,19/113543 for residential development including 9 units.,,not-owned-by-a-public-authority,2020-08-11,,permissioned,full-planning-permission,,103 Westwood Hill,,https://lewisham.gov.uk/brownfieldregister,198,Lewisham,E09000023,archived (end-date populated)
brownfield-land,2022-10-25,1736099,2022-10-25,,,DH001,198,POINT(-0.0167 51.4262),brownfield-land,authoritative,DH001,2022-10-25,geography,,yes,,0.47,16,16,DC/20/115908 and 24/136858 for residential development including 30 x one bedroom and 2 x four bedroom units,,not-owned-by-a-public-authority,2021-03-09,,permissioned,full-planning-permission,,1 Melfield Gardens,,https://lewisham.gov.uk/brownfieldregister,198,Lewisham,E09000023,archived (end-date populated)
brownfield-land,2022-10-25,1736100,2021-11-11,,,EV023,198,POINT(-0.0343 51.4803),brownfield-land,authoritative,EV023,2021-11-11,geography,,yes,,0.08,8,8,DC/20/118134 for 2-storey rooftop extension for residential development to provide 2 x 1-bedroom and 6 x 2-bedroom self-contained flats,,not-owned-by-a-public-authority,2020-12-18,,permissioned,full-planning-permission,,"Astra House rooftop extension, 23-25 Arklow Road",,https://lewisham.gov.uk/brownfieldregister,198,Lewisham,E09000023,archived (end-date populated)
brownfield-land,2021-07-12,1736498,2021-12-14,,,194012,366,POINT(-0.019133 51.585372),brownfield-land,authoritative,194012,2019-12-10,geography,,yes,,0.2635,40,40,,,owned-by-a-public-authority,,,permissioned,,,Central Parade,,https://maps.london.gov.uk/brownfield-site-register,366,Waltham Forest,E09000031,archived (end-date populated)
brownfield-land,2023-08-24,1736733,2024-12-17,,,WBR/23/0082,376,POINT(-0.18923 51.44919),brownfield-land,authoritative,WBR/23/0082,2023-12-15,geography,,yes,,0.13,5,5,Previous application on site: 2017/4253,,not-owned-by-a-public-authority,2021-08-31,https://planning.wandsworth.gov.uk/Northgate/PlanningExplorer/DisplayAppDetails.aspx?AppNo=2021/3023,permissioned,full-planning-permission,,"Earlsfield House, 1 Swaffield Road",,"https://www.planning.data.gov.uk/map/?dataset=brownfield-land#51.46067,-0.15474,12.539228904066391z",376,Wandsworth,E09000032,archived (end-date populated)
brownfield-land,2025-01-17,1736741,2025-12-15,,,WBR/23/0090,376,POINT(-0.144687 51.421993),brownfield-land,authoritative,WBR/23/0090,2023-12-15,geography,,yes,,0.09,21,21,Completed on 17/01/2025,,not-owned-by-a-public-authority,2023-03-31,https://planning.wandsworth.gov.uk/Northgate/PlanningExplorer/DisplayAppDetails.aspx?AppNo=2022/3878,permissioned,full-planning-permission,,190-194 Mitcham Road,,"https://www.planning.data.gov.uk/map/?dataset=brownfield-land#51.46067,-0.15474,12.539228904066391z",376,Wandsworth,E09000032,archived (end-date populated)
brownfield-land,2025-03-29,1736742,2025-12-15,,,WBR/23/0091,376,POINT(-0.159069 51.437173),brownfield-land,authoritative,WBR/23/0091,2023-12-15,geography,,yes,,0.04,7,7,Completed on 29/03/2025,,not-owned-by-a-public-authority,2022-07-01,https://planning.wandsworth.gov.uk/Northgate/PlanningExplorer/DisplayAppDetails.aspx?AppNo=2022/0777,permissioned,full-planning-permission,,21 Chetwode Road,,"https://www.planning.data.gov.uk/map/?dataset=brownfield-land#51.46067,-0.15474,12.539228904066391z",376,Wandsworth,E09000032,archived (end-date populated)
brownfield-land,2023-11-06,1736749,2024-12-17,,,WBR/23/0098,376,POINT(-0.167379 51.479247),brownfield-land,authoritative,WBR/23/0098,2023-12-15,geography,,yes,,0.25,2,2,,,not-owned-by-a-public-authority,2022-10-31,https://planning.wandsworth.gov.uk/Northgate/PlanningExplorer/DisplayAppDetails.aspx?AppNo=2022/3107,permissioned,full-planning-permission,,"BISHOPS WHF, RANSOME'S DK, Parkgate Road",,"https://www.planning.data.gov.uk/map/?dataset=brownfield-land#51.46067,-0.15474,12.539228904066391z",376,Wandsworth,E09000032,archived (end-date populated)
brownfield-land,2024-05-31,1736754,2025-12-15,,,WBR/23/0103,376,POINT(-0.195859 51.457538),brownfield-land,authoritative,WBR/23/0103,2023-12-15,geography,,yes,,0.08,9,9,Completed on 31/05/2024,,not-owned-by-a-public-authority,2022-04-27,https://planning.wandsworth.gov.uk/Northgate/PlanningExplorer/DisplayAppDetails.aspx?AppNo=2021/3550,permissioned,full-planning-permission,,"Silverdale House, 98-100 Wandsworth High Street",,"https://www.planning.data.gov.uk/map/?dataset=brownfield-land#51.46067,-0.15474,12.539228904066391z",376,Wandsworth,E09000032,archived (end-date populated)
brownfield-land,2024-11-04,1737417,2024-12-09,,,RBR/17/0103,266,POINT(-0.341665 51.446956),brownfield-land,authoritative,RBR/17/0103,2024-09-01,geography,,yes,,1.124,116,116,,,not-owned-by-a-public-authority,2024-06-14,https://planning.richmond.gov.uk/richmond/application-details/?ref=22/2556/FUL,permissioned,full-planning-permission,,"Greggs And No. 2 Gould Road, Gould Road, Twickenham",,"https://www.planning.data.gov.uk/map/?dataset=brownfield-land#51.446956,-0.341665,17z",266,Richmond upon Thames,E09000027,archived (end-date populated)
brownfield-land,2025-12-20,1737631,2024-12-20,,,BLR150,192,POINT(-0.136957 51.435757),brownfield-land,authoritative,BLR150,2024-12-20,geography,,yes,,0.15,13,13,,,not-owned-by-a-public-authority,2024-05-29,https://planning.lambeth.gov.uk/online-applications/applicationDetails.do?activeTab=summary&keyVal=RVZRZLBOJ0K00,permissioned,full-planning-permission,,49 Abbotswood Road London Lambeth SW16 1AJ,,http://lambethopenmappingdata-lambethcouncil.opendata.arcgis.com/datasets/brownfield-land-register,192,Lambeth,E09000022,archived (end-date populated)
brownfield-land,2025-12-20,1737635,2024-12-20,,,BLR154,192,POINT(-0.135743 51.445774),brownfield-land,authoritative,BLR154,2024-12-20,geography,,yes,,0.06,8,8,,,not-owned-by-a-public-authority,2024-07-23,https://planning.lambeth.gov.uk/online-applications/applicationDetails.do?activeTab=summary&keyVal=S3EIV5BOM5G00,permissioned,full-planning-permission,,22 Thornton Road London Lambeth SW12 0LF,,http://lambethopenmappingdata-lambethcouncil.opendata.arcgis.com/datasets/brownfield-land-register,192,Lambeth,E09000022,archived (end-date populated)
brownfield-land,2025-12-20,1737638,2024-12-20,,,BLR157,192,POINT(-0.09943 51.467726),brownfield-land,authoritative,BLR157,2024-12-20,geography,,yes,,0.02,2,2,,,not-owned-by-a-public-authority,2024-08-30,https://planning.lambeth.gov.uk/online-applications/applicationDetails.do?activeTab=summary&keyVal=S4NCI5BOG5I00,permissioned,full-planning-permission,,144 Coldharbour Lane London Lambeth SE5 9QH,,http://lambethopenmappingdata-lambethcouncil.opendata.arcgis.com/datasets/brownfield-land-register,192,Lambeth,E09000022,archived (end-date populated)
brownfield-land,2024-02-28,1737713,2024-12-19,,,BLR287,43,POINT(0.115081 51.461409),brownfield-land,authoritative,BLR287,2022-12-31,geography,,yes,,0.03,5,5,22/00470/FUL,,not-owned-by-a-public-authority,2022-08-19,,permissioned,full-planning-permission,,5 & 7 Welling High Street,,https://www.bexley.gov.uk/services/planning-and-building-control/planning-policy-and-guidance/brownfield-land-register,43,Bexley,E09000004,archived (end-date populated)
brownfield-land,2022-04-01,1737720,2023-09-30,,,BLR294,43,POINT(0.09668 51.426293),brownfield-land,authoritative,BLR294,2022-12-31,geography,,yes,,0.08,13,8,"21/02899/PRIORC, 21/01673/PRIOR, 21/00513/PRIOR",,not-owned-by-a-public-authority,2021-11-11,,permissioned,other,,142 - 148 Main Road,,https://www.bexley.gov.uk/services/planning-and-building-control/planning-policy-and-guidance/brownfield-land-register,43,Bexley,E09000004,archived (end-date populated)
brownfield-land,2022-03-08,1737722,2022-12-31,,,BLR296,43,POINT(0.135971 51.480286),brownfield-land,authoritative,BLR296,2022-12-31,geography,,yes,,0.08,4,4,21/00823/FUL,,not-owned-by-a-public-authority,2021-09-14,,permissioned,full-planning-permission,,17 Westergate Road,,https://www.bexley.gov.uk/services/planning-and-building-control/planning-policy-and-guidance/brownfield-land-register,43,Bexley,E09000004,archived (end-date populated)
brownfield-land,2022-04-27,1737724,2022-12-31,,,BLR298,43,POINT(0.110326 51.463271),brownfield-land,authoritative,BLR298,2022-12-31,geography,,yes,,0.01,6,6,21/00974/PRIOR,,not-owned-by-a-public-authority,2021-05-07,,permissioned,other,,39 Upper Wickham Lane,,https://www.bexley.gov.uk/services/planning-and-building-control/planning-policy-and-guidance/brownfield-land-register,43,Bexley,E09000004,archived (end-date populated)
brownfield-land,2023-06-09,1737728,2024-12-19,,,BLR302,43,POINT(0.117223 51.414245),brownfield-land,authoritative,BLR302,2022-12-31,geography,,yes,,0.08,18,18,20/00815/PRIOR,,not-owned-by-a-public-authority,2020-06-09,,permissioned,other,,7 Samuel House Powerscroft Road,,https://www.bexley.gov.uk/services/planning-and-building-control/planning-policy-and-guidance/brownfield-land-register,43,Bexley,E09000004,archived (end-date populated)
brownfield-land,2021-09-14,1737732,2023-09-30,,,BLR306,43,POINT(0.151717 51.441069),brownfield-land,authoritative,BLR306,2022-12-31,geography,,yes,,0.23,6,6,20/02550/PRIOR,,not-owned-by-a-public-authority,2020-11-26,,permissioned,other,,70 - 72 Bexley High Street,,https://www.bexley.gov.uk/services/planning-and-building-control/planning-policy-and-guidance/brownfield-land-register,43,Bexley,E09000004,archived (end-date populated)
brownfield-land,2022-03-22,1737734,2023-09-30,,,BLR308,43,POINT(0.098004 51.46937),brownfield-land,authoritative,BLR308,2022-12-31,geography,,yes,,0.11,6,6,19/01394/FUL,,not-owned-by-a-public-authority,2020-12-08,,permissioned,full-planning-permission,,Garages to the rear of 20 - 28 Blenheim Drive,,https://www.bexley.gov.uk/services/planning-and-building-control/planning-policy-and-guidance/brownfield-land-register,43,Bexley,E09000004,archived (end-date populated)
brownfield-land,2021-12-17,1737737,2023-09-30,,,BLR311,43,POINT(0.183093 51.471449),brownfield-land,authoritative,BLR311,2022-12-31,geography,,yes,,0.08,9,9,19/02727/FUL,,not-owned-by-a-public-authority,2020-12-17,,permissioned,full-planning-permission,,"47, 47A - C, 49 and 49A - C Northend Road",,https://www.bexley.gov.uk/services/planning-and-building-control/planning-policy-and-guidance/brownfield-land-register,43,Bexley,E09000004,archived (end-date populated)
brownfield-land,2021-09-08,1737738,2022-12-31,,,BLR312,43,POINT(0.108757 51.427237),brownfield-land,authoritative,BLR312,2022-12-31,geography,,yes,,0.03,5,5,20/02663/FUL,,not-owned-by-a-public-authority,2020-12-23,,permissioned,full-planning-permission,,69 Granville Road,,https://www.bexley.gov.uk/services/planning-and-building-control/planning-policy-and-guidance/brownfield-land-register,43,Bexley,E09000004,archived (end-date populated)
brownfield-land,2022-04-01,1737739,2023-09-30,,,BLR313,43,POINT(0.183886 51.480408),brownfield-land,authoritative,BLR313,2022-12-31,geography,,yes,,0.09,13,13,18/03247/FULM,,not-owned-by-a-public-authority,2021-01-18,,permissioned,full-planning-permission,,Land to the rear of 44 Erith High Street,,https://www.bexley.gov.uk/services/planning-and-building-control/planning-policy-and-guidance/brownfield-land-register,43,Bexley,E09000004,archived (end-date populated)
brownfield-land,2022-02-08,1737740,2023-09-30,,,BLR314,43,POINT(0.148614 51.453799),brownfield-land,authoritative,BLR314,2022-12-31,geography,,yes,,0.07,9,9,20/02195/FUL,,not-owned-by-a-public-authority,2021-01-25,,permissioned,full-planning-permission,,Land to the rear of 2 - 6 Warren Road Fronting Pincott Road,,https://www.bexley.gov.uk/services/planning-and-building-control/planning-policy-and-guidance/brownfield-land-register,43,Bexley,E09000004,archived (end-date populated)
brownfield-land,2023-01-18,1737743,2023-09-30,,,BLR317,43,POINT(0.153004 51.489946),brownfield-land,authoritative,BLR317,2022-12-31,geography,,yes,,0.08,9,9,20/00311/FUL,,not-owned-by-a-public-authority,2021-03-09,,permissioned,full-planning-permission,,2 Picardy Road,,https://www.bexley.gov.uk/services/planning-and-building-control/planning-policy-and-guidance/brownfield-land-register,43,Bexley,E09000004,archived (end-date populated)
brownfield-land,2024-04-01,1737744,2024-12-19,,,BLR318,43,POINT(0.172488 51.480587),brownfield-land,authoritative,BLR318,2022-12-31,geography,,yes,,0.04,8,8,21/00847/PRIOR,,not-owned-by-a-public-authority,2021-05-06,,permissioned,other,,14 Fraser Road,,https://www.bexley.gov.uk/services/planning-and-building-control/planning-policy-and-guidance/brownfield-land-register,43,Bexley,E09000004,archived (end-date populated)
brownfield-land,2023-06-01,1737747,2024-12-19,,,BLR321,43,POINT(0.128108 51.438653),brownfield-land,authoritative,BLR321,2022-12-31,geography,,yes,,0.08,6,6,22/00810/FUL,,not-owned-by-a-public-authority,2022-11-29,,permissioned,full-planning-permission,,"Murchison Health And Welfare Clinic, 31 Thistlefield Close",,https://www.bexley.gov.uk/services/planning-and-building-control/planning-policy-and-guidance/brownfield-land-register,43,Bexley,E09000004,archived (end-date populated)
brownfield-land,2025-11-28,1737855,2023-11-14,,,BL008,198,POINT(-0.018453 51.4275),brownfield-land,authoritative,BL008,2023-11-14,geography,,yes,,0.39,24,24,DC/21/124149 for residential development including 24 units,,not-owned-by-a-public-authority,2023-01-24,,permissioned,full-planning-permission,,56-60 Farmstead Road,,https://lewisham.gov.uk/brownfieldregister,198,Lewisham,E09000023,archived (end-date populated)
brownfield-land,2025-11-28,1737862,2025-11-28,,,FH027,198,POINT(-0.0524 51.4433),brownfield-land,authoritative,FH027,2025-11-28,geography,,yes,,0.89,8,8,DC/21/127093 for residential development including 8 units.,,not-owned-by-a-public-authority,2022-08-26,,permissioned,full-planning-permission,,"Drakes Court, Devonshire Road",,https://lewisham.gov.uk/brownfieldregister,198,Lewisham,E09000023,archived (end-date populated)
brownfield-land,2025-12-10,1737874,2023-11-14,,,NX025,198,POINT(-0.0305 51.476),brownfield-land,authoritative,NX025,2023-11-14,geography,,yes,,0.03,9,9,DC/21/124149 for residential development including 9 units.,,not-owned-by-a-public-authority,2022-08-03,,permissioned,full-planning-permission,,"Mornington Surgery, 433 New Cross Road",,https://lewisham.gov.uk/brownfieldregister,198,Lewisham,E09000023,archived (end-date populated)
brownfield-land,2025-11-28,1737877,2023-11-14,,,SD018,198,POINT(-0.0442 51.4291),brownfield-land,authoritative,SD018,2023-11-14,geography,,yes,,0.13,8,8,DC/21/123594 for residential development including 8 units,,not-owned-by-a-public-authority,2022-04-28,,permissioned,full-planning-permission,,27 Burghill Road,,https://lewisham.gov.uk/brownfieldregister,198,Lewisham,E09000023,archived (end-date populated)
brownfield-land,2024-12-06,1737883,2023-11-14,,,BR013,198,POINT(-0.0317 51.4735),brownfield-land,authoritative,BR013,2023-11-14,geography,,yes,,0.03,5,5,DC/22/129535 for class C2 residential development including 5 bedrooms for children and young people and staff accommodation.,,owned-by-a-public-authority,2023-02-10,,permissioned,full-planning-permission,,77-81 Amersham Road,,https://lewisham.gov.uk/brownfieldregister,198,Lewisham,E09000023,archived (end-date populated)
brownfield-land,2023-11-14,1737884,2023-11-14,,,BR014,198,POINT(-0.03513 51.4666),brownfield-land,authoritative,BR014,2023-11-14,geography,,yes,,0.02,5,5,DC/22/128519 for residential development including 5 units,,not-owned-by-a-public-authority,2022-11-15,,permissioned,other,,232 Malpas Road,,https://lewisham.gov.uk/brownfieldregister,198,Lewisham,E09000023,archived (end-date populated)
brownfield-land,2023-11-14,1737885,2023-11-14,,,CP011,198,POINT(-0.02031 51.4479),brownfield-land,authoritative,CP011,2023-11-14,geography,,yes,,0.02,6,6,DC/19/111650 for 6 bed HMO,,not-owned-by-a-public-authority,2019-05-16,,permissioned,other,,124 Stondon Park,,https://lewisham.gov.uk/brownfieldregister,198,Lewisham,E09000023,archived (end-date populated)
brownfield-land,2023-11-14,1737886,2023-11-14,,,GP014,198,POINT(-0.02031 51.4285),brownfield-land,authoritative,GP014,2023-11-14,geography,,yes,,0.04,6,6,DC/20/115303 for 6 bed HMO,,not-owned-by-a-public-authority,2020-01-27,,permissioned,other,,11 Dunkery Road,,https://lewisham.gov.uk/brownfieldregister,198,Lewisham,E09000023,archived (end-date populated)
brownfield-land,2023-11-14,1737887,2023-11-14,,,HG001,198,POINT(-0.00252 51.4361),brownfield-land,authoritative,HG001,2023-11-14,geography,,yes,,0.02,6,6,DC/22/129674 for 6 bed HMO,,not-owned-by-a-public-authority,2023-03-03,,permissioned,other,,173 Hazelbank Road,,https://lewisham.gov.uk/brownfieldregister,198,Lewisham,E09000023,archived (end-date populated)
brownfield-land,2024-12-06,1737888,2023-11-14,,,LC042,198,POINT(-0.0054 51.4479),brownfield-land,authoritative,LC042,2023-11-14,geography,,yes,,0.05,6,6,DC/22/127029 for change of use to supported housing for 6 people.,,not-owned-by-a-public-authority,2022-08-31,,permissioned,full-planning-permission,,3 Heather Close,,https://lewisham.gov.uk/brownfieldregister,198,Lewisham,E09000023,archived (end-date populated)
brownfield-land,2024-12-06,1737889,2023-11-14,,,LC043,198,POINT(-0.0078 51.4527),brownfield-land,authoritative,LC043,2023-11-14,geography,,yes,,0.03,8,8,DC/21/123739 for change of use to C2 residential development including 8 care rooms.,,not-owned-by-a-public-authority,2022-04-13,,permissioned,full-planning-permission,,144 Hither Green Lane,,https://lewisham.gov.uk/brownfieldregister,198,Lewisham,E09000023,archived (end-date populated)
brownfield-land,2023-11-14,1737890,2023-11-14,,,PV013,198,POINT(-0.02031 51.4366),brownfield-land,authoritative,PV013,2023-11-14,geography,,yes,,0.15,14,14,DC/22/129696 for residential development including 14 units.,,not-owned-by-a-public-authority,2023-03-07,,permissioned,other,,"Rutland House, Rutland Walk",,https://lewisham.gov.uk/brownfieldregister,198,Lewisham,E09000023,archived (end-date populated)
brownfield-land,2023-11-14,1737891,2023-11-14,,,RG018,198,POINT(-0.02031 51.4515),brownfield-land,authoritative,RG018,2023-11-14,geography,,yes,,0.02,10,10,DC/19/111898 for 10 bed HMO,,not-owned-by-a-public-authority,2019-06-07,,permissioned,full-planning-permission,,76 Albacore Crescent,,https://lewisham.gov.uk/brownfieldregister,198,Lewisham,E09000023,archived (end-date populated)
brownfield-land,2023-11-14,1737892,2023-11-14,,,RG019,198,POINT(-0.2108 51.4418),brownfield-land,authoritative,RG019,2023-11-14,geography,,yes,,0.05,7,7,"21/121893 for permanent permission for the change of use from single-family dwellinghouse (Class C3) to a semi-independent living accommodation (Class C2) at 34 Bromley Road SE6, to provide a residential care group home for seven people, together with the provision of self-contained units in association with the use and the construction of a single-storey outbuilding to be used for meetings, gym and IT facilities.",,not-owned-by-a-public-authority,2021-06-29,,permissioned,full-planning-permission,,34 Bromley Road,,https://lewisham.gov.uk/brownfieldregister,198,Lewisham,E09000023,archived (end-date populated)
brownfield-land,2023-11-14,1737893,2023-11-14,,,RG020,198,POINT(0.01953 51.4396),brownfield-land,authoritative,RG020,2023-11-14,geography,,yes,,0.05,5,5,DC/22/126663 for residential development including 5 units,,not-owned-by-a-public-authority,2022-07-06,,permissioned,other,,77 Bromley Road,,https://lewisham.gov.uk/brownfieldregister,198,Lewisham,E09000023,archived (end-date populated)
brownfield-land,2024-12-06,1737894,2023-11-14,,,SD019,198,POINT(-0.0486 51.4255),brownfield-land,authoritative,SD019,2023-11-14,geography,,yes,,0.03,10,10,DC/20/126967 for change of use from C3 to residential (C2) including 10 self-contained units,,not-owned-by-a-public-authority,2022-07-22,,permissioned,full-planning-permission,,96a Sydenham Road,,https://lewisham.gov.uk/brownfieldregister,198,Lewisham,E09000023,archived (end-date populated)
brownfield-land,2023-11-14,1737895,2023-11-14,,,WF004,198,POINT(-0.0169 51.4328),brownfield-land,authoritative,WF004,2023-11-14,geography,,yes,,0.03,14,14,"20/117080 for alterations to existing residential accommodation at first and second floor level of 253-255 Bromley Road SE6, to facilitate its change of use into a 14 persons HMO.",,not-owned-by-a-public-authority,2020-08-26,,permissioned,full-planning-permission,,253-255 Bromley Road,,https://lewisham.gov.uk/brownfieldregister,198,Lewisham,E09000023,archived (end-date populated)
brownfield-land,2025-01-16,1739333,2025-12-15,,,WBR/24/0105,376,POINT(-0.177285 51.465635),brownfield-land,authoritative,WBR/24/0105,2024-12-17,geography,,yes,,0.26,11,8,Con-current application on site: 2023/0320 for 3 units. Completed on 16/01/2025,,not-owned-by-a-public-authority,2021-01-12,https://planning.wandsworth.gov.uk/Northgate/PlanningExplorer/DisplayAppDetails.aspx?AppNo=2020/3777,permissioned,other,,"St Peter with St Paul Church, Vicarage and, 23-31 Plough Road (Parkside St. Peters)",,"https://www.planning.data.gov.uk/map/?dataset=brownfield-land#51.46067,-0.15474,12.539228904066391z",376,Wandsworth,E09000032,archived (end-date populated)
brownfield-land,2025-12-15,1739334,2024-12-17,,,WBR/24/0106,376,POINT(-0.188713 51.45168),brownfield-land,authoritative,WBR/24/0106,2024-12-17,geography,,yes,,0.02,8,8,,,not-owned-by-a-public-authority,2023-05-25,https://planning.wandsworth.gov.uk/Northgate/PlanningExplorer/DisplayAppDetails.aspx?AppNo=2023/0224,permissioned,full-planning-permission,,"The Forester, 114 Allfarthing Lane",,"https://www.planning.data.gov.uk/map/?dataset=brownfield-land#51.46067,-0.15474,12.539228904066391z",376,Wandsworth,E09000032,archived (end-date populated)
brownfield-land,2020-03-04,1739832,2024-12-31,,,LBBD07/ AJ,41,POINT(0.083451 51.532137),brownfield-land,authoritative,LBBD07/ AJ,2017-12-31,geography,,,,14.7,1943,1575,Part permissioned due to scale and phasing of site. The 1943 figure is the capacity figure shown in the local plan.,,mixed-ownership,2022-03-23,https://online-befirst.lbbd.gov.uk/planning/index.html?fa=getApplication&id=28953,permissioned,Hybrid (Part Full/Part Outline),,Gascoigne East Estate Renewal,,,41,Barking and Dagenham,E09000002,archived (end-date populated)
brownfield-land,2024-03-28,1739837,2024-12-31,,,LBBD32/BY,41,POINT(0.14869 51.54337),brownfield-land,authoritative,LBBD32/BY,2017-12-31,geography,,,,0.11,5,5,Development complete,,not-owned-by-a-public-authority,2017-02-28,https://online-befirst.lbbd.gov.uk/planning/index.html?fa=getApplication&id=14652,permissioned,full-planning-permission,,"Rear Of 5 - 7, Reede Road",,,41,Barking and Dagenham,E09000002,archived (end-date populated)
brownfield-land,2024-12-31,1739841,2024-12-31,,,LBBD39/EA,41,POINT(0.080796 51.540007),brownfield-land,authoritative,LBBD39/EA,2017-12-31,geography,,yes,,0.18,198,198,Development commenced,,not-owned-by-a-public-authority,2016-02-26,https://online-befirst.lbbd.gov.uk/planning/index.html?fa=getApplication&id=16141,permissioned,full-planning-permission,,Trocall House,,,41,Barking and Dagenham,E09000002,archived (end-date populated)
brownfield-land,2024-12-31,1739842,2024-12-31,,,LBBD40/AV,41,POINT(0.079023 51.534955),brownfield-land,authoritative,LBBD40/AV,2017-12-31,geography,,yes,,0.35,170,170,Development commenced,,owned-by-a-public-authority,2020-01-13,https://online-befirst.lbbd.gov.uk/planning/index.html?fa=getApplication&id=18640,permissioned,full-planning-permission,,"Abbey Sports Centre, Axe Street, Barking, IG11 7LX",,,41,Barking and Dagenham,E09000002,archived (end-date populated)
brownfield-land,2023-11-24,1739846,2024-12-31,,,LBBD46/AO,41,POINT(0.097693 51.532377),brownfield-land,authoritative,LBBD46/AO,2017-12-31,geography,,,,0.09,6,6,Development completed,,owned-by-a-public-authority,2018-12-11,https://online-befirst.lbbd.gov.uk/planning/index.html?fa=getApplication&id=17527,permissioned,full-planning-permission,,Mellish Close Garages,,,41,Barking and Dagenham,E09000002,archived (end-date populated)
brownfield-land,2021-09-21,1739851,2024-12-31,,,LBBD55/CT,41,POINT(0.110914 51.529559),brownfield-land,authoritative,LBBD55/CT,2017-12-31,geography,,,,0.12,20,20,Development complete,,owned-by-a-public-authority,2018-11-13,https://online-befirst.lbbd.gov.uk/planning/index.html?fa=getApplication&id=16222,permissioned,full-planning-permission,,"Wivenhoe Road, Barking",,,41,Barking and Dagenham,E09000002,archived (end-date populated)
brownfield-land,2021-02-08,1739852,2024-12-31,,,LBBD56/CS,41,POINT(0.101804 51.530541),brownfield-land,authoritative,LBBD56/CS,2017-12-31,geography,,,,0.12,13,13,Development complete,,owned-by-a-public-authority,2018-11-13,https://online-befirst.lbbd.gov.uk/planning/index.html?fa=getApplication&id=17375,permissioned,full-planning-permission,,Sugden Way,,,41,Barking and Dagenham,E09000002,archived (end-date populated)
brownfield-land,2021-12-10,1739857,2024-12-31,,,LBBD62/BG,41,POINT(0.131914 51.570753),brownfield-land,authoritative,LBBD62/BG,2017-12-31,geography,,,,0.04,8,8,Development complete,,not-owned-by-a-public-authority,2014-07-15,https://online-befirst.lbbd.gov.uk/planning/index.html?fa=getApplication&id=15136,permissioned,full-planning-permission,,"26 And 28 And Land To The Rear High Road, Chadwell Heath",,,41,Barking and Dagenham,E09000002,archived (end-date populated)
brownfield-land,2025-05-01,1741184,2025-12-15,,,RBR/17/0112,266,POINT(-0.276239 51.464536),brownfield-land,authoritative,RBR/17/0112,2025-12-15,geography,,,,0.049,8,8,,,not-owned-by-a-public-authority,2025-02-17,https://planning.richmond.gov.uk/richmond/application-details/?ref=22/3165/FUL,permissioned,full-planning-permission,,"Clifford House, 424 Upper Richmond Road West, East Sheen SW14 7JX",,"https://www.planning.data.gov.uk/map/?dataset=brownfield-land#51.464536,-0.276239,17z",266,Richmond upon Thames,E09000027,archived (end-date populated)
brownfield-land,2025-11-28,1741317,2025-11-28,,,LG016,198,POINT(0.01493 51.4523),brownfield-land,authoritative,LG016,2025-11-28,geography,,,,,5,5,"DC/24/135025 for residential conversion to provide 3 x one bedroom, 2 X two bedroom and 1 x three bedroom flats",,not-owned-by-a-public-authority,2025-05-29,,permissioned,full-planning-permission,,53 Leyland Close,,https://lewisham.gov.uk/brownfieldregister,198,Lewisham,E09000023,archived (end-date populated)
brownfield-land,2024-12-31,1741875,2024-12-31,,,20/1719/FUL,48,POINT(-0.221389 51.571536),brownfield-land,authoritative,20/1719/FUL,2022-01-27,geography,,yes,,0.77,652,652,,,not-owned-by-a-public-authority,2019-11-26,https://publicaccess.barnet.gov.uk/online-applications/applicationDetails.do?activeTab=map&keyVal=Q8CYSGJI0I700,permissioned,full-planning-permission,,Land Formerly Known As British Gas Works Albert Road New Barnet Barnet EN4 9SH,,https://publicaccess.barnet.gov.uk/online-applications/applicationDetails.do?activeTab=map&keyVal=Q8CYSGJI0I700,48,Barnet,E09000003,archived (end-date populated)
